26743.676144,0.452454,-0.894012,-1.049606
26743.686189,0.447647,-1.185822,-1.275299
26743.696297,0.263275,-1.588104,-1.430161
26743.706267,0.348953,-2.003815,-1.451889
26743.717129,0.373337,-2.017776,-1.250031
26743.726359,0.215485,-2.023468,-0.825394
26743.736347,0.068054,-1.565979,-0.829544
26743.746516,-0.062820,-0.583679,-0.996445
26743.756517,-0.172974,-0.037369,-1.002762
26743.766594,-0.034637,-0.427338,-1.304260
26743.776832,0.049347,-1.157486,-1.298691
26743.786716,-0.007324,-1.683380,-0.393585
26743.796703,0.325150,-1.824661,0.963837
26743.807520,0.740570,-1.858246,0.526169
26743.817006,1.009155,-1.948380,-0.099899
26743.827596,0.715576,-1.446442,-0.136551
26743.837077,0.257706,-0.859634,-0.222809
26743.847436,-0.134781,-0.682327,-0.003769
26743.857584,-0.394150,-0.753967,0.399994
26743.867264,-0.217056,-0.969666,0.477478
26743.877604,-0.179489,-1.125763,0.490860
26743.887896,-0.210098,-1.148407,0.403961
26743.897613,-0.216095,-1.114090,0.169724
26743.907798,-0.188751,-1.091919,0.045258
26743.919009,-0.013748,-1.038498,-0.092224
26743.928027,0.122696,-0.894165,-0.139069
26743.937869,0.317566,-0.772842,-0.165985
26743.947920,0.417358,-0.699982,-0.149124
26743.958028,0.422745,-0.663879,-0.195618
26743.968284,0.382751,-0.649384,-0.232056
26743.978060,0.306595,-0.656693,-0.216644
26743.988388,0.182770,-0.691742,-0.174377
26743.998065,0.080383,-0.767563,-0.066284
26744.009184,-0.002029,-0.829041,0.029282
26744.018156,-0.055450,-0.873062,0.095673
26744.029435,-0.069092,-0.869400,0.108322
26744.038523,-0.050705,-0.872070,0.108673
26744.048945,-0.053619,-0.861786,0.050095
26744.058990,-0.073868,-0.862411,-0.043533
26744.068698,-0.162949,-0.873825,-0.173218
26744.079120,-0.281158,-0.919464,-0.295578
26744.088996,-0.345154,-1.007874,-0.412964
26744.099277,-0.301178,-1.105743,-0.482712
26744.109231,-0.254608,-1.123169,-0.436234
26744.119794,-0.251465,-1.127640,-0.224838
26744.129096,-0.218658,-1.137024,-0.224228
26744.139237,-0.202621,-1.115967,-0.221893
26744.149732,-0.271423,-1.124191,-0.334351
26744.159966,-0.360031,-1.182526,-0.281525
26744.170014,-0.380219,-1.315796,-0.262238
26744.179758,-0.307648,-1.298599,-0.283676
26744.190224,-0.206375,-1.263657,-0.228119
26744.200357,-0.217239,-1.297714,-0.204559
26744.211057,-0.207825,-1.318192,-0.225250
26744.220536,-0.236023,-1.395950,-0.227875
26744.230653,-0.354233,-1.396851,-0.098145
26744.240890,-0.335938,-1.379105,-0.045197
26744.251135,-0.126541,-1.192566,-0.011215
26744.261218,-0.010483,-1.096558,-0.005920
26744.270968,0.029556,-1.153534,0.016541
26744.281407,0.143723,-1.180862,0.077225
26744.291569,0.397781,-1.195602,0.086960
26744.302389,0.697983,-1.323257,0.054764
26744.311825,0.937576,-1.516312,0.154282
26744.322241,0.986542,-1.725662,0.156921
26744.332068,0.932617,-1.944397,0.130814
26744.341095,0.871918,-1.972000,0.109772
26744.352649,0.750320,-1.911392,0.090683
26744.362410,0.652390,-1.773361,-0.029999
26744.372848,0.371521,-1.635117,-0.047043
26744.383084,0.093964,-1.569931,-0.092865
26744.393608,0.031067,-1.449265,-0.337006
26744.403232,-0.258011,-1.287827,-0.426575
26744.413767,-0.203354,-1.175934,-0.289459
26744.423409,-0.210037,-0.976944,-0.274460
26744.433673,-0.141464,-0.789719,-0.242157
26744.443855,-0.047943,-0.612228,-0.043701
26744.453547,-0.001877,-0.469528,0.061493
26744.464033,0.041290,-0.349335,0.123993
26744.474309,0.058472,-0.157059,0.159286
26744.484781,0.020416,-0.055511,0.148788
26744.494530,0.023468,-0.082306,0.160721
26744.505274,0.026733,-0.133942,0.181549
26744.514702,0.002884,-0.172699,0.142365
26744.524853,0.005447,-0.228516,0.054031
26744.534890,0.024719,-0.262436,-0.005157
26744.544643,0.067200,-0.278519,-0.019257
26744.555083,0.133850,-0.299118,-0.031906
26744.564859,0.173386,-0.306885,-0.102600
26744.575150,0.208862,-0.331375,-0.196228
26744.585411,0.212082,-0.367264,-0.296448
26744.596377,0.194901,-0.436249,-0.388138
26744.605423,0.180908,-0.527069,-0.470840
26744.615345,0.178375,-0.614883,-0.528564
26744.625336,0.230576,-0.719208,-0.648758
26744.635978,0.476654,-0.943207,-0.908340
26744.645890,0.490250,-1.338776,-1.268768
26744.655454,0.327850,-1.784866,-1.485733
26744.666093,0.173340,-2.018051,-1.660599
26744.676052,-0.026489,-2.022797,-1.457993
26744.687046,-0.027740,-1.808868,-0.899170
26744.696478,-0.005524,-1.235855,-0.868225
26744.706614,-0.011490,-0.541779,-1.054947
26744.716782,-0.167007,-0.316422,-1.048645
26744.727273,-0.117188,-0.875305,-1.222092
26744.736506,-0.128448,-1.484848,-1.114944
26744.746557,-0.111771,-1.833832,-0.112000
26744.756714,0.168915,-1.917770,1.150284
26744.766681,0.546768,-1.787308,0.556320
26744.776965,0.842651,-1.493668,0.098938
26744.786783,0.616959,-0.888306,-0.107895
26744.797325,0.375854,-0.584396,-0.326340
26744.806841,0.111313,-0.574356,-0.122009
26744.816881,-0.194443,-0.715668,0.356186
26744.826954,-0.107651,-1.043442,0.509201
26744.836912,-0.133621,-1.325485,0.528183
26744.847039,-0.181717,-1.379639,0.372437
26744.857101,-0.257416,-1.313126,0.188522
26744.867138,-0.218994,-1.231827,-0.001144
26744.877195,-0.058823,-1.053513,-0.169510
26744.888396,0.102142,-0.884262,-0.186066
26744.897857,0.257843,-0.726089,-0.189865
26744.907866,0.346710,-0.662308,-0.172256
26744.918052,0.362656,-0.629028,-0.213577
26744.928111,0.347153,-0.666916,-0.218872
26744.938145,0.218613,-0.720490,-0.228317
26744.948009,0.076675,-0.815323,-0.183502
26744.958443,-0.028793,-0.865356,-0.082382
26744.968592,-0.085632,-0.858749,-0.027878
26744.979079,-0.087204,-0.795532,-0.003006
26744.988903,-0.042603,-0.747437,0.025635
26744.999558,-0.005539,-0.730164,0.049194
26745.009082,0.024567,-0.774170,0.035797
26745.019340,0.004181,-0.808624,-0.040009
26745.029314,-0.073135,-0.850662,-0.158585
26745.039044,-0.149612,-0.900528,-0.287094
26745.049533,-0.161774,-0.945328,-0.422318
26745.059500,-0.080627,-1.009705,-0.520096
26745.069691,-0.048172,-1.056931,-0.492767
26745.079821,-0.129944,-1.082520,-0.294907
26745.090632,-0.219025,-1.122604,-0.163696
26745.099887,-0.276627,-1.133453,-0.164795
26745.109704,-0.310059,-1.144791,-0.315262
26745.119687,-0.309967,-1.228836,-0.342148
26745.129701,-0.239212,-1.356949,-0.282455
26745.140221,-0.163040,-1.436676,-0.323776
26745.150176,-0.136124,-1.354843,-0.207077
26745.160808,-0.222565,-1.299026,-0.168961
26745.170080,-0.340256,-1.323471,-0.210892
26745.181004,-0.360352,-1.359329,-0.231155
26745.190180,-0.360580,-1.359467,-0.212311
26745.200226,-0.377930,-1.414474,-0.181961
26745.210276,-0.349258,-1.456436,-0.073318
26745.220235,-0.185059,-1.299789,0.020233
26745.230367,-0.097687,-1.098419,0.053894
26745.240405,-0.051559,-1.104797,0.080551
26745.250418,0.033615,-1.150055,0.090057
26745.260470,0.241745,-1.278656,0.117630
26745.271024,0.880661,-1.454544,0.252502
26745.281187,1.003326,-1.627029,0.262543
26745.292468,0.958832,-1.811478,0.175156
26745.301407,0.911011,-1.910126,0.141357
26745.311549,0.820801,-1.834641,0.052444
26745.321601,0.711166,-1.703232,-0.001022
26745.331412,0.548050,-1.563385,-0.111069
26745.341869,0.273529,-1.462936,-0.091339
26745.351628,0.030807,-1.417389,-0.087906
26745.362118,-0.139282,-1.333389,-0.300369
26745.372203,-0.300095,-1.260406,-0.341995
26745.383084,-0.191803,-1.146530,-0.216797
26745.392435,-0.164230,-0.928680,-0.264587
26745.402219,-0.059464,-0.742310,-0.174057
26745.412645,0.009766,-0.571991,0.005051
26745.422596,0.036407,-0.444275,0.085068
26745.432941,0.027527,-0.286072,0.111923
26745.442685,0.028427,-0.159439,0.147812
26745.453163,0.037598,-0.097961,0.162949
26745.463224,0.037491,-0.099976,0.167908
26745.474022,0.031082,-0.143356,0.123093
26745.483627,0.020248,-0.182648,0.052383
26745.493739,0.013809,-0.233856,-0.007309
26745.503958,0.015610,-0.287186,-0.029160
26745.514070,0.046265,-0.310379,-0.042526
26745.524175,0.085678,-0.316254,-0.099335
26745.533909,0.111313,-0.338074,-0.176270
26745.544354,0.120026,-0.375015,-0.254517
26745.554508,0.090546,-0.423523,-0.328583
26745.565250,0.078583,-0.500015,-0.466812
26745.574877,0.088394,-0.605789,-0.619568
26745.585245,0.171127,-0.705460,-0.762985
26745.595054,0.461136,-0.839645,-1.009689
26745.604841,0.662125,-1.063812,-1.076630
26745.614764,0.581833,-1.388474,-1.315704
26745.625053,0.439194,-1.872849,-1.404373
26745.635389,0.376373,-2.017090,-1.338272
26745.645351,0.132462,-2.024490,-0.870605
26745.655965,0.046936,-1.894547,-0.670654
26745.665365,0.081406,-1.097214,-0.929901
26745.676753,0.124847,-0.338959,-0.972733
26745.685895,0.155548,-0.354721,-1.053543
26745.695951,0.118484,-1.079376,-1.385574
26745.706077,-0.136429,-1.810791,-1.151245
26745.715923,-0.268707,-2.038406,0.131805
26745.726384,0.077805,-1.821915,1.256805
26745.736138,0.499802,-1.354477,0.626434
26745.746627,0.760925,-0.820496,0.022873
26745.756694,0.686478,-0.505203,-0.294586
26745.767933,0.328461,-0.418793,-0.308182
26745.776948,-0.161880,-0.472900,0.032669
26745.786696,-0.526550,-0.705917,0.444183
26745.797148,-0.418915,-1.168915,0.434692
26745.807148,-0.378754,-1.461945,0.343796
26745.817441,-0.403687,-1.462555,0.235168
26745.827192,-0.379547,-1.357880,0.071060
26745.837715,-0.254974,-1.166260,-0.099945
26745.847773,-0.059845,-0.971405,-0.151550
26745.858565,0.182739,-0.808640,-0.181488
26745.868037,0.326004,-0.675507,-0.175613
26745.878198,0.393616,-0.653595,-0.174316
26745.888368,0.428940,-0.655746,-0.208389
26745.898510,0.411957,-0.672882,-0.206741
26745.908567,0.321655,-0.690491,-0.167786
26745.918318,0.204819,-0.735062,-0.163101
26745.928746,0.099960,-0.792526,-0.130432
26745.938932,0.065948,-0.800491,-0.066605
26745.949637,0.078812,-0.768921,-0.018677
26745.959229,0.071945,-0.727478,-0.005875
26745.969721,0.051529,-0.726852,-0.004257
26745.979436,-0.002090,-0.747360,-0.032104
26745.989842,-0.074356,-0.779007,-0.067230
26745.999757,-0.180008,-0.848465,-0.155640
26746.009907,-0.248901,-0.933075,-0.260239
26746.020045,-0.163803,-1.045715,-0.388763
26746.030182,-0.070923,-1.174454,-0.469528
26746.040710,-0.116333,-1.219666,-0.348419
26746.050391,-0.200714,-1.192825,-0.142593
26746.061267,-0.180588,-1.140182,-0.247330
26746.070715,-0.165115,-1.142914,-0.247025
26746.081011,-0.194885,-1.217529,-0.274475
26746.090893,-0.147949,-1.343811,-0.249954
26746.100796,-0.069611,-1.440521,-0.266464
26746.110691,-0.046539,-1.427628,-0.218384
26746.120758,-0.119720,-1.344879,-0.175980
26746.131268,-0.274078,-1.357635,-0.133286
26746.141887,-0.427856,-1.401840,-0.124344
26746.152290,-0.484421,-1.510971,-0.099747
26746.161286,-0.483398,-1.459610,-0.074875
26746.171279,-0.380035,-1.318954,0.033401
26746.181735,-0.116898,-1.220932,0.094055
26746.191649,-0.032578,-1.201553,0.073868
26746.201948,0.184509,-1.203659,0.030319
26746.211691,0.470917,-1.189377,0.076447
26746.222138,0.753571,-1.234238,0.065842
26746.232359,0.952499,-1.404831,0.122971
26746.243508,0.992645,-1.586044,0.190964
26746.252515,0.909637,-1.714294,0.192200
26746.262589,0.843063,-1.746887,0.165100
26746.272809,0.755356,-1.709259,0.107910
26746.282919,0.556580,-1.616211,-0.046478
26746.293006,0.344681,-1.531525,-0.176376
26746.302861,0.088501,-1.445511,-0.179123
26746.313237,-0.038666,-1.400665,-0.090210
26746.323284,-0.149734,-1.335358,-0.323395
26746.333638,-0.285049,-1.298096,-0.302094
26746.343591,-0.234329,-1.174988,-0.216629
26746.354176,-0.150864,-0.956512,-0.224686
26746.363825,-0.068207,-0.749847,-0.110748
26746.373889,-0.040741,-0.581604,-0.012787
26746.384009,-0.011337,-0.387390,0.059448
26746.393765,0.026535,-0.215652,0.105042
26746.404288,0.054840,-0.136841,0.099716
26746.414025,0.094009,-0.160034,0.105408
26746.424344,0.117706,-0.208405,0.132568
26746.434511,0.109467,-0.221497,0.142319
26746.445664,0.098953,-0.239120,0.090500
26746.454848,0.079880,-0.265579,0.004791
26746.465056,0.075302,-0.304108,-0.021133
26746.475041,0.083603,-0.299774,-0.054703
26746.484781,0.122101,-0.306610,-0.118469
26746.495230,0.138290,-0.326462,-0.213440
26746.504990,0.131393,-0.370544,-0.299957
26746.515470,0.108337,-0.409775,-0.404602
26746.525594,0.075470,-0.489838,-0.508530
26746.536686,0.077881,-0.563889,-0.544296
26746.545769,0.190506,-0.626511,-0.671234
26746.555495,0.433151,-0.736557,-0.805710
26746.565957,0.565002,-0.941818,-0.900711
26746.575918,0.468246,-1.216370,-1.117218
26746.586250,0.319763,-1.621048,-1.273346
26746.596013,0.222580,-2.018585,-1.477112
26746.606167,0.121674,-2.021301,-1.333160
26746.616040,0.001923,-1.872284,-0.836182
26746.627677,-0.027771,-1.271301,-0.948044
26746.636712,-0.101089,-0.512375,-1.213379
26746.647158,-0.248962,-0.447739,-1.300415
26746.656828,-0.240433,-1.209564,-1.464966
26746.667090,-0.302063,-1.866776,-0.912354
26746.677092,-0.177032,-2.041321,0.735794
26746.687151,0.237137,-2.040787,1.589935
26746.697309,0.708878,-1.689377,0.536682
26746.707364,0.881958,-0.980560,-0.044479
26746.717706,0.732010,-0.507309,-0.446533
26746.727736,0.400131,-0.356506,-0.398041
26746.738517,0.034805,-0.470444,-0.000275
26746.747974,-0.238419,-0.658966,0.497314
26746.758285,-0.089478,-1.062439,0.573029
26746.768324,-0.113434,-1.347733,0.498779
26746.778069,-0.248459,-1.420151,0.342346
26746.788510,-0.296494,-1.420441,0.139038
26746.798450,-0.298294,-1.265060,-0.102859
26746.808723,-0.135178,-1.091202,-0.203720
26746.818887,0.010300,-0.921188,-0.221588
26746.830087,0.105835,-0.790863,-0.211670
26746.839239,0.136261,-0.753494,-0.235870
26746.849461,0.190155,-0.740631,-0.247742
26746.859422,0.233383,-0.723053,-0.249878
26746.869237,0.249893,-0.676376,-0.228653
26746.879678,0.220993,-0.663010,-0.222214
26746.889449,0.177475,-0.695984,-0.148682
26746.899900,0.163391,-0.710739,-0.059692
26746.910030,0.171936,-0.695099,-0.011871
26746.921019,0.161346,-0.690323,-0.008087
26746.929987,0.146896,-0.731079,-0.025284
26746.940015,0.124969,-0.776657,-0.076355
26746.950477,0.057266,-0.798050,-0.147125
26746.960356,-0.050186,-0.864563,-0.238556
26746.970665,-0.115585,-0.944427,-0.304367
26746.980415,-0.082413,-1.026382,-0.410019
26746.990977,-0.051743,-1.103821,-0.460144
26747.001007,-0.155869,-1.116501,-0.313293
26747.011813,-0.267319,-1.105225,-0.072311
26747.021265,-0.263885,-1.085342,-0.072205
26747.031236,-0.249985,-1.140167,-0.134537
26747.040936,-0.253357,-1.280228,-0.233978
26747.051559,-0.067657,-1.416290,-0.455902
26747.061633,0.143997,-1.496689,-0.376602
26747.071369,0.166351,-1.510544,-0.327576
26747.081796,-0.107681,-1.476379,-0.326767
26747.091954,-0.474915,-1.440750,-0.330658
26747.101998,-0.707825,-1.403351,-0.273499
26747.111643,-0.766602,-1.407516,-0.242874
26747.122106,-0.480377,-1.401169,-0.198761
26747.132368,-0.291229,-1.284912,-0.085907
26747.142057,-0.289673,-1.174652,0.020401
26747.152572,-0.044891,-1.131119,0.036011
26747.162312,0.149857,-1.120895,0.020859
26747.172783,0.376953,-1.160492,0.116379
26747.182512,0.551407,-1.281631,0.131424
26747.192898,0.760406,-1.487564,0.163879
26747.203140,0.885208,-1.652145,0.176926
26747.214062,0.967133,-1.774353,0.129700
26747.223295,0.956711,-1.812988,0.106644
26747.233330,0.874115,-1.726318,0.131973
26747.243623,0.742386,-1.606842,0.033386
26747.253455,0.504135,-1.481476,-0.159424
26747.263897,0.319077,-1.378571,-0.142944
26747.273633,0.178528,-1.253616,-0.062103
26747.284164,-0.040176,-1.150070,-0.072021
26747.294273,-0.219330,-1.094299,-0.239059
26747.305170,-0.217545,-1.093369,-0.225143
26747.314525,-0.159058,-0.998474,-0.198105
26747.324313,-0.042252,-0.854172,-0.150085
26747.334717,-0.023911,-0.699997,-0.051285
26747.344681,-0.018875,-0.570801,0.049149
26747.355037,-0.005981,-0.456070,0.110062
26747.364748,0.000031,-0.239258,0.156097
26747.375179,0.038712,-0.120865,0.182785
26747.385386,0.061676,-0.124619,0.204041
26747.396198,0.068375,-0.170013,0.195175
26747.405679,0.078049,-0.233917,0.143707
26747.415717,0.063873,-0.327789,0.069885
26747.425936,0.059540,-0.370087,0.017166
26747.436041,0.065735,-0.378540,-0.030319
26747.446163,0.095688,-0.374634,-0.088303
26747.456206,0.127487,-0.383453,-0.167099
26747.466373,0.152344,-0.410065,-0.268829
26747.476522,0.145264,-0.441010,-0.392044
26747.486981,0.128021,-0.487015,-0.509521
26747.496819,0.103104,-0.551193,-0.595398
26747.507314,0.121414,-0.615997,-0.640778
26747.516995,0.279297,-0.692200,-0.842285
26747.527315,0.603073,-0.899948,-0.985260
26747.537285,0.593735,-1.229858,-1.159500
26747.547053,0.360153,-1.623962,-1.325180
26747.557505,0.251038,-2.017944,-1.499390
26747.567250,0.027634,-2.022675,-1.353806
26747.578057,-0.101120,-1.976624,-0.892822
26747.587858,-0.066757,-1.363541,-0.895355
26747.598916,-0.042328,-0.448288,-1.035553
26747.607869,-0.093246,-0.121521,-1.108536
26747.617714,-0.001999,-0.705322,-1.305023
26747.627736,0.048553,-1.512924,-1.348770
26747.638080,-0.046783,-2.012589,-0.326309
26747.648404,0.241333,-2.039383,1.406479
26747.658513,0.618652,-1.932831,0.966263
26747.668641,0.893753,-1.548706,0.014542
26747.678364,0.758881,-0.903763,-0.385040
26747.689572,0.438461,-0.632324,-0.540558
26747.698949,0.003311,-0.643539,-0.256104
26747.708662,-0.421326,-0.720612,0.387619
26747.719123,-0.364136,-0.934189,0.581894
26747.729142,-0.232788,-1.206314,0.547302
26747.739476,-0.290253,-1.289902,0.462753
26747.749230,-0.340942,-1.236786,0.268387
26747.759649,-0.321442,-1.146286,0.135941
26747.769805,-0.171463,-1.068176,-0.045654
26747.780635,0.079224,-0.922638,-0.140930
26747.790002,0.273438,-0.754684,-0.173752
26747.800230,0.416748,-0.682617,-0.221542
26747.810449,0.458557,-0.669632,-0.278275
26747.820560,0.449417,-0.655777,-0.294312
26747.830640,0.382721,-0.656235,-0.243973
26747.840415,0.265305,-0.665451,-0.195602
26747.850835,0.157333,-0.686386,-0.149063
26747.860985,0.084183,-0.722076,-0.042358
26747.871399,0.069214,-0.730942,0.051590
26747.881286,0.049866,-0.711685,0.085983
26747.891829,0.030075,-0.729202,-0.000717
26747.901486,-0.032013,-0.764908,-0.001938
26747.911609,-0.139236,-0.821487,-0.093323
26747.921751,-0.246765,-0.901688,-0.211563
26747.931501,-0.323837,-0.992493,-0.298462
26747.941970,-0.253647,-1.101532,-0.547318
26747.952025,-0.160706,-1.233292,-0.483215
26747.962489,-0.230499,-1.295746,-0.229614
26747.972317,-0.314743,-1.253601,-0.083313
26747.983221,-0.100220,-1.153305,-0.173386
26747.992627,-0.096466,-1.103180,-0.374664
26748.002673,-0.159225,-1.214035,-0.403778
26748.012798,-0.212509,-1.358200,-0.323608
26748.022546,-0.215683,-1.440140,-0.237457
26748.033029,-0.213638,-1.382874,-0.203613
26748.042755,-0.285217,-1.368225,-0.198013
26748.053273,-0.400635,-1.408615,-0.221085
26748.063443,-0.483200,-1.431976,-0.191910
26748.074371,-0.499542,-1.467453,-0.121826
26748.083678,-0.355286,-1.444366,-0.112091
26748.093631,-0.220840,-1.289948,-0.052826
26748.103594,-0.158920,-1.156204,0.092361
26748.113396,-0.108917,-1.132278,0.186600
26748.123758,0.003281,-1.195160,0.091400
26748.133484,0.322952,-1.291641,0.042740
26748.144296,0.624695,-1.358063,0.174377
26748.154322,0.969299,-1.476974,0.265076
26748.165118,1.155594,-1.624725,0.289230
26748.174555,1.187546,-1.802261,0.241974
26748.184652,1.116638,-1.883011,0.147263
26748.194809,0.990189,-1.835205,0.103271
26748.204893,0.837616,-1.691345,0.013290
26748.214975,0.603912,-1.535278,-0.170517
26748.224733,0.312042,-1.435013,-0.164993
26748.235161,0.101364,-1.352859,-0.080551
26748.245379,-0.182861,-1.257706,-0.311035
26748.255818,-0.294159,-1.243622,-0.316071
26748.265657,-0.342102,-1.125748,-0.278137
26748.276241,-0.251297,-0.930847,-0.298996
26748.285851,-0.187622,-0.711136,-0.114929
26748.296051,-0.191315,-0.497955,0.003311
26748.306143,-0.152985,-0.218430,0.083786
26748.315897,-0.079956,0.001373,0.137039
26748.326334,-0.016037,0.038986,0.153183
26748.336482,0.006195,-0.013000,0.130722
26748.346920,0.037430,-0.087738,0.118317
26748.356700,0.051254,-0.152924,0.121460
26748.367745,0.060272,-0.234772,0.085800
26748.376982,0.059952,-0.281815,0.011322
26748.387144,0.079712,-0.323837,-0.025055
26748.397166,0.140503,-0.349457,-0.045746
26748.406912,0.198090,-0.362030,-0.094299
26748.417423,0.219574,-0.368851,-0.197083
26748.427111,0.192841,-0.400238,-0.302795
26748.437565,0.148987,-0.448853,-0.393982
26748.447722,0.107269,-0.518356,-0.468277
26748.458734,0.052155,-0.582153,-0.544800
26748.468082,0.089676,-0.622757,-0.600693
26748.477986,0.200302,-0.657547,-0.745499
26748.488251,0.429672,-0.821838,-0.941803
26748.498107,0.406815,-1.184509,-1.270126
26748.508501,0.249313,-1.708725,-1.499023
26748.518252,0.242676,-2.017853,-1.530304
26748.528680,0.162903,-2.020370,-1.367111
26748.538857,-0.037827,-2.027405,-0.853989
26748.549743,0.085083,-1.618088,-0.983109
26748.559043,0.022812,-0.739349,-1.341309
26748.569073,-0.140442,-0.430954,-1.319168
26748.579279,-0.264236,-1.065613,-1.278687
26748.589108,-0.357681,-1.764587,-0.914261
26748.599554,-0.412720,-2.041443,0.224335
26748.609411,-0.175125,-1.909103,1.498978
26748.619233,0.456116,-1.233551,1.200241
26748.629214,1.028992,-0.654205,0.383377
26748.640159,1.095169,-0.436005,-0.439575
26748.649827,0.746017,-0.468033,-0.635727
26748.660734,0.305328,-0.585861,-0.282059
26748.670128,-0.169296,-0.795547,0.355560
26748.680436,-0.234573,-1.137772,0.521576
26748.690499,-0.223999,-1.526978,0.501404
26748.700197,-0.331238,-1.667099,0.313675
26748.710630,-0.388809,-1.519684,0.087540
26748.720474,-0.295547,-1.270035,-0.097855
26748.730808,-0.056152,-1.000763,-0.196167
26748.740890,0.097595,-0.785812,-0.241608
26748.752151,0.150177,-0.631317,-0.243393
26748.761317,0.176132,-0.539566,-0.263611
26748.771528,0.201569,-0.525375,-0.248215
26748.781496,0.246140,-0.561417,-0.234528
26748.791322,0.165619,-0.630142,-0.232162
26748.801760,0.083023,-0.743103,-0.150543
26748.811537,0.012436,-0.820511,-0.023972
26748.821985,-0.005478,-0.824554,0.081787
26748.832116,0.039001,-0.785339,0.104538
26748.843121,0.113007,-0.743835,0.018661
26748.852461,0.147430,-0.726425,0.019333
26748.862385,0.117508,-0.751221,-0.048676
26748.872631,0.003494,-0.838150,-0.205750
26748.882548,-0.118057,-0.954559,-0.281616
26748.892969,-0.198120,-1.068893,-0.412262
26748.902688,-0.174789,-1.134476,-0.472427
26748.913139,-0.147598,-1.142975,-0.331039
26748.923263,-0.192261,-1.129257,-0.142365
26748.934266,-0.227936,-1.124390,-0.076553
26748.943615,-0.249878,-1.156693,-0.177231
26748.953468,-0.283630,-1.223465,-0.340668
26748.963936,-0.237106,-1.294601,-0.401382
26748.973890,-0.165375,-1.353241,-0.354462
26748.984244,-0.160141,-1.341232,-0.359314
26748.993949,-0.249496,-1.304993,-0.364929
26749.004389,-0.423462,-1.285385,-0.317596
26749.014502,-0.613434,-1.298096,-0.222977
26749.025246,-0.668716,-1.337173,-0.153610
26749.034698,-0.557755,-1.396927,-0.137711
26749.045056,-0.345337,-1.315460,-0.096863
26749.054860,-0.221359,-1.196411,0.029633
26749.065046,-0.171951,-1.155655,0.126846
26749.075094,-0.076065,-1.159195,0.144531
26749.084856,0.160797,-1.228256,0.089386
26749.095283,0.514236,-1.298996,0.117798
26749.105190,0.873474,-1.409241,0.141312
26749.115030,1.104523,-1.584152,0.182175
26749.125356,1.132645,-1.775940,0.177475
26749.136484,1.031723,-1.965805,0.164413
26749.145401,0.940063,-1.957123,0.129944
26749.155759,0.911713,-1.792831,0.095871
26749.165940,0.798843,-1.628723,-0.101456
26749.175759,0.592575,-1.535263,-0.197510
26749.186210,0.361633,-1.425415,-0.146164
26749.195958,0.122253,-1.317490,-0.125732
26749.206460,-0.149353,-1.218811,-0.267670
26749.216550,-0.339325,-1.189804,-0.322830
26749.227527,-0.326172,-1.116104,-0.209351
26749.236870,-0.233215,-0.945999,-0.219299
26749.246917,-0.083267,-0.782562,-0.138855
26749.257125,-0.034515,-0.594528,0.006149
26749.267009,0.003708,-0.438751,0.067596
26749.277411,0.057343,-0.223129,0.111557
26749.287232,0.063644,-0.048676,0.123825
26749.297549,0.047073,-0.051895,0.121506
26749.307781,0.064163,-0.146698,0.111801
26749.318705,0.046432,-0.195526,0.108414
26749.328085,0.056076,-0.220779,0.058960
26749.337876,0.051468,-0.245102,-0.013565
26749.348251,0.037430,-0.238205,-0.041595
26749.358295,0.027451,-0.222321,-0.065567
26749.368582,0.037857,-0.214905,-0.106049
26749.378396,0.062561,-0.224991,-0.163132
26749.388765,0.074265,-0.266739,-0.254257
26749.398802,0.039871,-0.324142,-0.344284
26749.409678,-0.011688,-0.415390,-0.450531
26749.419184,-0.040405,-0.529968,-0.569290
26749.429356,0.022949,-0.666000,-0.799469
26749.439361,0.342773,-0.854141,-1.054611
26749.449567,0.451065,-1.137054,-1.293060
26749.459669,0.341492,-1.593216,-1.641006
26749.469408,0.277100,-2.014755,-1.877899
26749.479839,0.435837,-2.015427,-1.431412
26749.490013,0.237289,-2.024017,-0.701950
26749.500500,0.186630,-1.698242,-0.636993
26749.509905,0.212936,-0.530533,-0.873093
26749.521002,0.134995,-0.004486,-1.014755
26749.530452,0.168579,-0.491257,-1.058441
26749.540736,0.137726,-1.294022,-1.265457
26749.550741,-0.063889,-1.926056,-0.810684
26749.560499,-0.184143,-2.038177,0.289169
26749.570954,-0.020950,-2.041306,1.081039
26749.580898,0.294235,-1.430344,0.511337
26749.591145,0.638687,-0.719131,-0.015976
26749.600953,0.675507,-0.397263,-0.440521
26749.611661,0.343536,-0.456314,-0.429993
26749.620881,-0.061111,-0.616257,0.070114
26749.630953,-0.413452,-0.789505,0.473007
26749.641373,-0.409897,-1.169159,0.489441
26749.651438,-0.451233,-1.445312,0.348389
26749.661775,-0.516724,-1.459137,0.191345
26749.671502,-0.476135,-1.325928,0.091110
26749.682134,-0.266876,-1.182800,-0.033707
26749.692099,0.042511,-1.026337,-0.137787
26749.704082,0.252808,-0.832825,-0.242706
26749.713707,0.365097,-0.708893,-0.266220
26749.721894,0.402847,-0.677551,-0.265457
26749.734292,0.352020,-0.652588,-0.268372
26749.742582,0.352097,-0.649612,-0.268372
26749.752671,0.219910,-0.677750,-0.243118
26749.762408,0.113602,-0.747208,-0.198578
26749.772854,0.021469,-0.805969,-0.096222
26749.783006,-0.027847,-0.831207,-0.006897
26749.793504,-0.039841,-0.814041,0.058350
26749.803252,-0.035065,-0.779282,0.058487
26749.813881,-0.024170,-0.751053,0.020035
26749.823427,-0.023438,-0.746704,-0.030518
26749.833758,-0.066391,-0.766464,-0.136520
26749.843669,-0.113861,-0.818878,-0.257538
26749.853467,-0.172867,-0.896378,-0.363937
26749.863985,-0.187820,-0.979782,-0.510178
26749.873971,-0.103851,-1.112640,-0.588120
26749.884485,-0.053101,-1.118317,-0.377838
26749.894332,-0.307800,-1.093384,-0.153412
26749.905389,-0.422775,-1.094482,-0.128815
26749.914516,-0.487976,-1.163513,-0.185684
26749.924541,-0.456055,-1.283295,-0.269592
26749.934695,-0.341629,-1.384232,-0.306244
26749.944509,-0.204666,-1.360962,-0.335388
26749.954870,-0.186707,-1.282715,-0.287308
26749.964724,-0.289078,-1.304672,-0.224792
26749.975199,-0.332092,-1.314316,-0.223633
26749.985211,-0.318604,-1.357666,-0.227386
26749.996505,-0.366272,-1.436325,-0.149017
26750.005520,-0.364120,-1.474411,-0.088516
26750.015270,-0.196442,-1.362854,-0.058395
26750.025725,-0.076691,-1.243500,0.016418
26750.035683,-0.040359,-1.194839,0.086624
26750.045962,-0.026047,-1.153198,0.116714
26750.055719,0.112305,-1.154617,0.079620
26750.066161,0.378784,-1.197617,0.046890
26750.076310,0.703720,-1.314438,0.080688
26750.087131,0.929199,-1.506073,0.225586
26750.096602,0.969971,-1.684967,0.247940
26750.106442,0.918640,-1.859726,0.181244
26750.116324,0.900711,-1.955551,0.094482
26750.124968,0.871597,-1.904099,0.040405
26750.137020,0.741455,-1.727448,-0.147324
26750.146715,0.515060,-1.575012,-0.218872
26750.156957,0.267715,-1.435135,-0.113235
26750.166653,0.008667,-1.339767,-0.180496
26750.177552,-0.222580,-1.292999,-0.316772
26750.186967,-0.252075,-1.223267,-0.298386
26750.198364,-0.297882,-1.030884,-0.277176
26750.207541,-0.169525,-0.846313,-0.292358
26750.217642,-0.106644,-0.669998,-0.136169
26750.227705,-0.129074,-0.496918,-0.000458
26750.237438,-0.074829,-0.313293,0.085144
26750.247886,-0.031845,-0.092926,0.133865
26750.257661,-0.015213,-0.002655,0.157120
26750.268112,-0.003159,-0.072632,0.134430
26750.278247,0.004578,-0.161499,0.106689
26750.289264,0.032516,-0.176834,0.095291
26750.298611,0.061584,-0.208588,0.033279
26750.308564,0.039490,-0.261124,-0.018753
26750.318811,0.032196,-0.297623,-0.056656
26750.328647,0.054474,-0.310013,-0.076096
26750.339085,0.102921,-0.322937,-0.095047
26750.348843,0.150497,-0.324570,-0.175507
26750.359270,0.169998,-0.335327,-0.284302
26750.369440,0.138474,-0.368698,-0.398056
26750.380410,0.044617,-0.459961,-0.464401
26750.389775,-0.003891,-0.577011,-0.557755
26750.399637,-0.000793,-0.652573,-0.655029
26750.410089,0.155533,-0.712952,-0.856567
26750.420035,0.364868,-0.849075,-1.022430
26750.430366,0.260895,-1.189758,-1.426682
26750.440125,0.180634,-1.811188,-1.740570
26750.450521,0.379349,-2.014130,-1.736084
26750.460707,0.360382,-2.018173,-1.224472
26750.471559,0.103668,-2.026474,-0.664780
26750.481035,-0.019867,-1.343094,-0.873596
26750.490980,-0.118240,-0.407440,-1.098450
26750.501423,-0.298096,-0.030319,-1.163879
26750.511495,-0.114365,-0.668457,-1.174133
26750.521559,-0.085953,-1.456589,-0.951401
26750.531330,-0.091339,-1.898270,0.066879
26750.541744,0.084915,-2.040176,1.165405
26750.551907,0.248077,-2.037567,1.174438
26750.562322,0.493118,-1.479034,0.430679
26750.571870,0.750137,-0.730988,-0.177597
26750.582786,0.665573,-0.456924,-0.708664
26750.592336,0.360626,-0.513809,-0.522018
26750.602125,0.044189,-0.674408,-0.006317
26750.611987,-0.241989,-0.770264,0.395889
26750.622048,-0.220352,-0.956268,0.535965
26750.632766,-0.200607,-1.179214,0.436813
26750.642466,-0.285217,-1.302795,0.338821
26750.652913,-0.322495,-1.342468,0.124756
26750.663033,-0.231247,-1.243484,-0.058899
26750.673695,-0.068085,-1.098465,-0.142944
26750.683232,0.024384,-0.905075,-0.227280
26750.692987,0.034927,-0.760574,-0.307236
26750.703429,0.068069,-0.668457,-0.361069
26750.713223,0.162155,-0.569672,-0.376022
26750.723697,0.225128,-0.515472,-0.328140
26750.733457,0.222168,-0.543060,-0.223053
26750.743934,0.110519,-0.660904,-0.081451
26750.754046,0.032700,-0.811081,0.087509
26750.764853,-0.009476,-0.858444,0.099548
26750.774217,0.000473,-0.864975,0.065994
26750.784062,0.013733,-0.840393,-0.014069
26750.794473,0.022186,-0.805542,-0.153748
26750.804515,-0.017410,-0.824005,-0.290466
26750.814827,-0.164505,-0.918915,-0.380676
26750.824586,-0.129257,-1.022797,-0.463486
26750.835023,-0.077332,-1.107773,-0.520172
26750.845173,-0.161743,-1.128754,-0.413635
26750.855894,-0.319519,-1.126816,-0.219177
26750.865438,-0.415344,-1.101410,-0.114777
26750.875543,-0.432602,-1.054504,-0.193436
26750.885619,-0.430786,-1.090088,-0.338318
26750.895835,-0.391113,-1.212311,-0.345642
26750.905914,-0.309708,-1.336380,-0.272842
26750.915663,-0.263641,-1.330109,-0.212433
26750.926097,-0.272598,-1.315765,-0.164948
26750.936248,-0.284210,-1.360397,-0.184082
26750.946723,-0.284775,-1.390411,-0.281372
26750.956603,-0.306824,-1.470779,-0.318604
26750.967118,-0.363419,-1.497421,-0.194702
26750.976751,-0.312073,-1.450226,-0.161896
26750.986930,-0.218185,-1.260223,-0.046783
26750.997112,-0.160233,-1.119156,0.039795
26751.006874,-0.133270,-1.075348,0.073105
26751.017334,-0.046371,-1.106491,0.050888
26751.027498,0.198196,-1.152054,0.053467
26751.037860,0.522659,-1.285767,0.091171
26751.047786,0.825867,-1.472626,0.165131
26751.058711,0.896561,-1.651718,0.281342
26751.068120,0.859665,-1.856232,0.245636
26751.078361,0.826187,-1.977646,0.103958
26751.088424,0.820694,-1.930527,0.017593
26751.098206,0.767578,-1.740372,-0.084335
26751.108140,0.572464,-1.586716,-0.251526
26751.118201,0.356735,-1.492447,-0.206879
26751.128279,0.093201,-1.398697,-0.065872
26751.138852,-0.135941,-1.338135,-0.186218
26751.149856,-0.218124,-1.296509,-0.370270
26751.159147,-0.296478,-1.160187,-0.346771
26751.169032,-0.273224,-0.978378,-0.355026
26751.179324,-0.139969,-0.805573,-0.240173
26751.189182,-0.099091,-0.612839,-0.074432
26751.199584,-0.064941,-0.466034,-0.015045
26751.209341,-0.028244,-0.243118,0.079163
26751.219900,-0.022766,-0.081848,0.131073
26751.229955,0.001389,-0.078598,0.147400
26751.240844,0.013947,-0.118057,0.148590
26751.250213,0.000931,-0.160065,0.171097
26751.259981,0.024460,-0.171249,0.127884
26751.270390,0.005676,-0.218597,0.056030
26751.280369,-0.002121,-0.242172,0.008224
26751.290725,0.037598,-0.256241,-0.013840
26751.300463,0.088440,-0.261063,-0.049591
26751.310907,0.151718,-0.299026,-0.139725
26751.321059,0.176346,-0.337463,-0.250443
26751.331891,0.161179,-0.370651,-0.353958
26751.341307,0.091766,-0.431564,-0.445648
26751.351438,0.054993,-0.518524,-0.562531
26751.361489,0.068085,-0.579132,-0.650665
26751.371701,0.147400,-0.628799,-0.726624
26751.381815,0.391479,-0.756073,-0.937469
26751.391560,0.442276,-1.029282,-1.140274
26751.402030,0.207321,-1.472458,-1.377472
26751.412156,0.158447,-2.020187,-1.400925
26751.422643,0.242172,-2.018158,-1.489639
26751.432458,0.098434,-2.024475,-0.949646
26751.442756,0.102463,-2.007355,-0.842392
26751.452639,0.177505,-0.916412,-1.176880
26751.462962,-0.127365,-0.137970,-1.373123
26751.472999,-0.111420,-0.423340,-1.213440
26751.482672,-0.102570,-1.171463,-1.216248
26751.493131,-0.222824,-1.797058,-0.647842
26751.503280,-0.322388,-2.042297,0.543533
26751.513569,-0.188812,-1.941010,1.358780
26751.523446,0.219040,-1.406769,0.911774
26751.534424,0.759598,-0.830261,0.268890
26751.543806,0.882034,-0.557922,-0.509247
26751.554023,0.598419,-0.590164,-0.663483
26751.563960,0.215851,-0.665222,-0.202499
26751.573712,-0.254730,-0.734253,0.322296
26751.584129,-0.342590,-0.988983,0.532608
26751.593902,-0.341812,-1.274170,0.500504
26751.604056,-0.449539,-1.367188,0.374313
26751.613912,-0.418289,-1.349823,0.238022
26751.625155,-0.240936,-1.210281,-0.147354
26751.634043,0.003983,-1.015045,-0.142456
26751.644387,0.183746,-0.821289,-0.211243
26751.654788,0.268402,-0.693985,-0.352356
26751.664925,0.273163,-0.621597,-0.348206
26751.675006,0.316788,-0.564743,-0.300674
26751.684756,0.297195,-0.570587,-0.218704
26751.695182,0.208969,-0.635696,-0.051773
26751.705416,0.075165,-0.848236,0.112076
26751.716246,-0.019699,-0.853073,0.153946
26751.725717,-0.000549,-0.833786,0.136459
26751.735833,0.038040,-0.816177,0.117371
26751.746045,0.026108,-0.800720,0.011993
26751.756239,-0.022400,-0.820435,-0.112946
26751.766245,-0.108078,-0.883408,-0.231735
26751.776003,-0.182434,-0.955185,-0.342361
26751.786451,-0.188889,-1.034698,-0.459671
26751.796699,-0.192825,-1.109558,-0.534256
26751.807091,-0.243561,-1.150696,-0.443970
26751.816983,-0.293549,-1.138245,-0.222656
26751.827500,-0.252975,-1.114883,-0.074036
26751.837165,-0.157074,-1.045441,-0.141586
26751.847386,-0.177612,-1.012894,-0.301666
26751.857447,-0.327576,-1.106842,-0.391937
26751.867113,-0.332306,-1.283447,-0.378372
26751.877501,-0.264862,-1.371262,-0.281952
26751.887549,-0.253159,-1.332016,-0.201324
26751.897697,-0.339951,-1.286179,-0.156281
26751.907870,-0.433289,-1.314102,-0.208679
26751.918982,-0.479202,-1.366684,-0.301895
26751.928177,-0.490768,-1.448013,-0.321075
26751.938088,-0.531815,-1.477280,-0.203796
26751.948342,-0.435806,-1.403046,-0.113571
26751.958195,-0.266861,-1.202866,0.000961
26751.968639,-0.149902,-1.074707,0.083710
26751.978391,-0.086090,-1.083618,0.089874
26751.988869,0.060410,-1.139526,0.065765
26751.998983,0.346802,-1.162949,0.112839
26752.010235,0.619476,-1.268784,0.154572
26752.019389,0.884720,-1.478760,0.187073
26752.029131,0.924652,-1.689377,0.209366
26752.039224,0.891144,-1.910721,0.176697
26752.047389,0.838272,-2.019348,0.139847
26752.059670,0.791550,-1.966293,0.099350
26752.069414,0.664688,-1.786041,-0.029785
26752.079840,0.456741,-1.633743,-0.181351
26752.090027,0.175735,-1.510757,-0.140854
26752.100446,0.006805,-1.417603,-0.112183
26752.109825,-0.217361,-1.369583,-0.268158
26752.119720,-0.282883,-1.329163,-0.386429
26752.129990,-0.313492,-1.170517,-0.329239
26752.140266,-0.235626,-0.980865,-0.337448
26752.150503,-0.173676,-0.792847,-0.157440
26752.160623,-0.161530,-0.597412,-0.020035
26752.170686,-0.103134,-0.409653,0.050735
26752.180830,-0.051163,-0.182159,0.095673
26752.191148,-0.036774,-0.068085,0.114960
26752.201133,-0.009399,-0.100327,0.111465
26752.212000,0.016953,-0.167313,0.115845
26752.221398,0.027756,-0.194977,0.127930
26752.231625,0.026321,-0.192734,0.089203
26752.241598,0.039719,-0.239502,0.008026
26752.251332,0.029739,-0.257385,-0.009018
26752.261777,0.060104,-0.251877,-0.017365
26752.271807,0.104324,-0.247910,-0.051254
26752.281839,0.151367,-0.270340,-0.132767
26752.292137,0.148453,-0.312347,-0.222168
26752.303073,0.110352,-0.354095,-0.291412
26752.312333,0.062927,-0.419724,-0.366776
26752.322257,0.021881,-0.507004,-0.452026
26752.332527,0.017578,-0.587906,-0.510742
26752.342375,0.135132,-0.641647,-0.624680
26752.352816,0.403610,-0.796371,-0.822205
26752.362581,0.506805,-1.077560,-1.036926
26752.373146,0.405319,-1.502731,-1.266617
26752.383220,0.337738,-2.009766,-1.340988
26752.394065,0.305984,-2.016739,-1.541016
26752.403508,-0.026703,-2.024673,-1.204010
26752.413177,-0.108688,-1.780533,-0.890732
26752.423737,-0.057922,-1.103439,-1.068466
26752.433851,-0.238113,-0.398117,-1.287231
26752.443927,-0.296585,-0.524841,-1.302414
26752.453633,-0.316910,-1.271912,-1.380173
26752.464092,-0.342560,-1.950790,-1.035263
26752.474056,-0.435303,-2.041946,0.242767
26752.484955,-0.309204,-2.048660,1.443695
26752.494424,0.283157,-1.585602,1.251099
26752.504822,0.914017,-0.776642,0.469315
26752.514506,1.169830,-0.289703,-0.355621
26752.524603,1.058807,-0.305374,-0.765533
26752.534698,0.551453,-0.408279,-0.568878
26752.544443,0.005997,-0.574112,0.150818
26752.554798,-0.309326,-0.783981,0.628769
26752.564755,-0.299957,-1.186615,0.681000
26752.574984,-0.424118,-1.527237,0.498611
26752.585141,-0.552551,-1.616699,0.245056
26752.596226,-0.483154,-1.546890,-0.200974
26752.605185,-0.281982,-1.279999,-0.196823
26752.614981,-0.046753,-1.001190,-0.251556
26752.625448,0.093735,-0.753464,-0.334900
26752.635088,0.118744,-0.574661,-0.334198
26752.645714,0.177460,-0.498749,-0.285355
26752.655564,0.260712,-0.460892,-0.259918
26752.666096,0.249039,-0.671036,-0.147293
26752.676156,0.000427,-0.840439,-0.037140
26752.686971,-0.092957,-0.938416,0.006577
26752.696365,-0.116180,-0.967606,0.016037
26752.706131,-0.089645,-0.914703,0.023544
26752.716558,-0.017715,-0.844040,0.009125
26752.726502,0.025528,-0.768707,-0.031601
26752.736813,0.023041,-0.733765,-0.073273
26752.746568,-0.021057,-0.780579,-0.138672
26752.757028,-0.116119,-0.885651,-0.214005
26752.767156,-0.174591,-0.977051,-0.313461
26752.778000,-0.141098,-1.062698,-0.452850
26752.787473,-0.119110,-1.102554,-0.509048
26752.797578,-0.241470,-1.094940,-0.337723
26752.807627,-0.349625,-1.079865,-0.199814
26752.817929,-0.373215,-1.080399,-0.179443
26752.827996,-0.420837,-1.137390,-0.219116
26752.837753,-0.439880,-1.245972,-0.322800
26752.848177,-0.351761,-1.356155,-0.372879
26752.858293,-0.284958,-1.364960,-0.372620
26752.868811,-0.271698,-1.285751,-0.334564
26752.878633,-0.338821,-1.303070,-0.285248
26752.889188,-0.399033,-1.322174,-0.247726
26752.898808,-0.458130,-1.374924,-0.215179
26752.909057,-0.489502,-1.430420,-0.148376
26752.919111,-0.424271,-1.449387,-0.121368
26752.928854,-0.302917,-1.330185,-0.020691
26752.939225,-0.245697,-1.190567,0.125412
26752.949189,-0.184082,-1.156143,0.166306
26752.959337,-0.102722,-1.195984,0.100327
26752.969482,0.187119,-1.282593,0.126526
26752.980759,0.567032,-1.398804,0.196060
26752.989733,0.987564,-1.549591,0.207779
26752.999459,1.189224,-1.727081,0.262955
26753.009840,1.098984,-1.896667,0.212402
26753.019907,0.925034,-1.991425,0.174271
26753.030066,0.801178,-1.909988,0.147232
26753.039867,0.728806,-1.723938,0.022079
26753.050332,0.536621,-1.553101,-0.186691
26753.060410,0.240814,-1.462708,-0.196136
26753.071327,0.081070,-1.372650,-0.131561
26753.080711,-0.277054,-1.314590,-0.195786
26753.090522,-0.307816,-1.315308,-0.304520
26753.100600,-0.300934,-1.189468,-0.283417
26753.110450,-0.216583,-0.983719,-0.311295
26753.120600,-0.118454,-0.771957,-0.180176
26753.130656,-0.091812,-0.572433,-0.028610
26753.140912,-0.062607,-0.425751,0.038574
26753.151312,-0.028290,-0.226547,0.117874
26753.161741,-0.027115,-0.050400,0.155838
26753.171602,0.009415,-0.022125,0.166473
26753.182099,-0.000732,-0.035233,0.174210
26753.191769,-0.005142,-0.093765,0.174072
26753.202002,0.011536,-0.193115,0.105789
26753.211984,-0.006882,-0.264236,0.033890
26753.221726,-0.027374,-0.290009,-0.012146
26753.232163,0.017288,-0.295120,-0.025177
26753.242304,0.084747,-0.293793,-0.055649
26753.252730,0.134705,-0.317139,-0.139069
26753.262531,0.158188,-0.360596,-0.244858
26753.273580,0.166702,-0.390259,-0.368759
26753.282813,0.149216,-0.437393,-0.470352
26753.293021,0.116898,-0.501495,-0.585129
26753.303175,0.120972,-0.565353,-0.655594
26753.312819,0.212067,-0.656708,-0.831589
26753.323270,0.451904,-0.838120,-0.967209
26753.333043,0.378540,-1.143051,-1.175354
26753.343511,0.082077,-1.585464,-1.383957
26753.353627,0.033478,-2.020844,-1.590820
26753.364361,0.074356,-2.021286,-1.438248
26753.373850,-0.004044,-2.026993,-0.835480
26753.383738,0.089127,-1.767761,-0.835373
26753.394125,0.150803,-0.586548,-1.075760
26753.403960,-0.059814,0.035324,-1.205902
26753.414402,-0.111420,-0.415527,-1.197556
26753.424176,-0.161163,-1.227814,-1.230331
26753.434490,-0.322983,-1.819382,-0.528732
26753.444747,-0.353851,-2.026215,0.848541
26753.455868,-0.019333,-1.910416,0.669495
26753.464934,0.526321,-1.543747,0.680283
26753.474798,0.842468,-0.920502,0.056030
26753.485118,0.763260,-0.597061,-0.572067
26753.495226,0.419968,-0.591476,-0.612289
26753.505328,0.066635,-0.703674,-0.157745
26753.515077,-0.300949,-0.808121,0.289581
26753.525505,-0.362000,-0.989685,0.450897
26753.535682,-0.367844,-1.170273,0.464432
26753.546125,-0.368347,-1.245560,0.186508
26753.555954,-0.400955,-1.203110,0.003387
26753.566553,-0.096024,-1.187378,-0.110855
26753.576141,-0.093460,-1.106766,-0.150375
26753.586445,0.068344,-0.960007,-0.203690
26753.596406,0.179977,-0.819733,-0.296631
26753.606335,0.246231,-0.729965,-0.362732
26753.616154,0.284500,-0.600525,-0.357880
26753.627409,0.240326,-0.627457,-0.297226
26753.637218,0.116669,-0.703568,-0.196472
26753.646590,0.018814,-0.799011,-0.102203
26753.658137,-0.035919,-0.849091,-0.019974
26753.667066,-0.048157,-0.822693,0.003616
26753.677137,-0.047577,-0.792084,0.020538
26753.687218,-0.043823,-0.764206,0.011703
26753.697041,-0.040634,-0.734146,-0.027863
26753.707528,-0.089111,-0.733307,-0.113098
26753.717262,-0.205704,-0.807968,-0.193787
26753.727738,-0.269989,-0.920547,-0.258652
26753.737867,-0.215317,-1.008896,-0.387711
26753.748693,-0.153290,-1.101273,-0.492828
26753.757993,-0.186844,-1.123215,-0.415085
26753.767818,-0.281281,-1.112320,-0.217422
26753.778235,-0.312180,-1.094757,-0.114807
26753.788198,-0.275391,-1.091705,-0.178604
26753.798520,-0.248856,-1.151596,-0.330978
26753.808316,-0.271057,-1.282425,-0.380188
26753.818723,-0.262695,-1.417557,-0.316727
26753.828885,-0.257324,-1.425140,-0.217377
26753.839751,-0.296402,-1.344711,-0.187286
26753.849256,-0.349457,-1.336548,-0.201172
26753.859377,-0.360703,-1.376114,-0.239120
26753.869530,-0.386612,-1.448715,-0.261536
26753.879663,-0.418335,-1.472641,-0.178848
26753.889783,-0.371902,-1.457382,-0.130310
26753.899506,-0.242706,-1.299362,-0.033386
26753.909949,-0.160797,-1.167908,0.062561
26753.920102,-0.128143,-1.134827,0.085037
26753.930528,-0.087051,-1.151550,0.024277
26753.940419,0.155548,-1.194229,0.034760
26753.950917,0.484970,-1.265762,0.116287
26753.960581,0.839584,-1.397018,0.157547
26753.970802,0.962860,-1.558029,0.224167
26753.980770,0.918243,-1.748962,0.211151
26753.990556,0.845825,-1.875519,0.143173
26754.000992,0.733826,-1.883759,0.068588
26754.011269,0.643265,-1.760086,0.030350
26754.021580,0.442825,-1.586136,-0.214310
26754.031251,0.181961,-1.465927,-0.157547
26754.042465,-0.026459,-1.407547,-0.071136
26754.051645,-0.149170,-1.351196,-0.325394
26754.061691,-0.302475,-1.290527,-0.291504
26754.071823,-0.319061,-1.156387,-0.240051
26754.081592,-0.268066,-0.974792,-0.292404
26754.091979,-0.162979,-0.790726,-0.153275
26754.101804,-0.143997,-0.600998,-0.033585
26754.111735,-0.094818,-0.438065,0.025055
26754.121940,-0.027893,-0.234116,0.068268
26754.133442,-0.002502,-0.100143,0.101669
26754.142560,0.038559,-0.091522,0.098480
26754.152293,0.037338,-0.138123,0.099396
26754.162714,0.062027,-0.192322,0.110703
26754.172883,0.078354,-0.211685,0.086166
26754.182985,0.079590,-0.273575,0.011703
26754.192696,0.065308,-0.316177,-0.022324
26754.203143,0.083725,-0.323685,-0.035873
26754.213235,0.117767,-0.309875,-0.088776
26754.224001,0.149292,-0.330566,-0.168594
26754.233618,0.137619,-0.373718,-0.259155
26754.243751,0.108582,-0.407288,-0.340118
26754.253840,0.065063,-0.443008,-0.432251
26754.264085,0.008850,-0.511749,-0.509811
26754.274182,-0.027527,-0.577591,-0.531418
26754.283897,0.042892,-0.645050,-0.636337
26754.294305,0.278320,-0.764618,-0.837433
26754.304477,0.347153,-0.999161,-1.003128
26754.314896,0.163361,-1.370285,-1.219421
26754.324580,0.036255,-1.840164,-1.353409
26754.335418,0.155167,-2.018738,-1.607361
26754.344870,0.132523,-2.021576,-1.269455
26754.355173,-0.046173,-2.027313,-0.884903
26754.365165,-0.016281,-1.346359,-1.095764
26754.374912,-0.195374,-0.491287,-1.324265
26754.385353,-0.404968,-0.276535,-1.208862
26754.395304,-0.364227,-0.980728,-1.184250
26754.405543,-0.338730,-1.658020,-0.808609
26754.415706,-0.356369,-2.041687,0.383163
26754.426681,-0.172424,-2.044861,1.228989
26754.436011,0.271576,-1.701660,1.237823
26754.446018,0.820129,-0.906158,0.483261
26754.456204,1.076065,-0.432190,-0.459778
26754.465994,0.926849,-0.403595,-0.909058
26754.476439,0.466156,-0.527695,0.119873
26754.486193,-0.019928,-0.657501,0.110535
26754.496681,-0.307037,-0.804810,0.637711
26754.506667,-0.260437,-1.164917,0.514099
26754.517921,-0.507584,-1.631027,0.271683
26754.526979,-0.504715,-1.629288,0.039551
26754.536693,-0.526001,-1.561890,-0.143280
26754.547158,-0.311859,-1.048492,-0.204056
26754.557153,0.024185,-0.822449,-0.274796
26754.567410,0.130310,-0.621964,-0.346924
26754.577165,0.200623,-0.504700,-0.366287
26754.587602,0.309784,-0.470535,-0.322510
26754.597758,0.340607,-0.486389,-0.253494
26754.608207,0.195496,-0.612244,-0.174026
26754.617539,0.040985,-0.791916,-0.073990
26754.628127,-0.032730,-0.889038,0.030609
26754.638237,-0.049713,-0.904251,0.038193
26754.648433,-0.022812,-0.859894,-0.001877
26754.658356,0.015549,-0.816452,-0.030853
26754.668441,0.031311,-0.793030,-0.080139
26754.678718,-0.004883,-0.800034,-0.153275
26754.688824,-0.088593,-0.841492,-0.227341
26754.699151,-0.165970,-0.921753,-0.266602
26754.709125,-0.206146,-0.995422,-0.314087
26754.719879,-0.173157,-1.045654,-0.417725
26754.729336,-0.177933,-1.073593,-0.403946
26754.739555,-0.236404,-1.085541,-0.254257
26754.749588,-0.281830,-1.083389,-0.109268
26754.759397,-0.292969,-1.083237,-0.153122
26754.769765,-0.332962,-1.114639,-0.285889
26754.779840,-0.334885,-1.212845,-0.417007
26754.790005,-0.294144,-1.337875,-0.438232
26754.800124,-0.253876,-1.409958,-0.386978
26754.811290,-0.242279,-1.346756,-0.328125
26754.820513,-0.323502,-1.317581,-0.297882
26754.830362,-0.467407,-1.338531,-0.330383
26754.840511,-0.539627,-1.361374,-0.352600
26754.850380,-0.563080,-1.372147,-0.285614
26754.860844,-0.528976,-1.362350,-0.192673
26754.870591,-0.364426,-1.260345,-0.087250
26754.881103,-0.220612,-1.094284,0.025803
26754.891199,-0.129761,-1.036880,0.104965
26754.902369,-0.065384,-1.089539,0.132904
26754.911385,0.138733,-1.181595,0.167404
26754.921128,0.452515,-1.351608,0.127472
26754.931578,0.772949,-1.573883,0.067749
26754.941547,0.902084,-1.789001,0.093719
26754.951829,0.874878,-2.012512,0.099869
26754.961608,0.854553,-2.019608,0.076660
26754.972055,0.815277,-1.961777,0.075989
26754.982187,0.736633,-1.732574,0.000412
26754.993029,0.498596,-1.564117,-0.119949
26755.002487,0.218719,-1.454681,-0.122116
26755.012591,0.051697,-1.348663,-0.222366
26755.022842,-0.264267,-1.284439,-0.224289
26755.032928,-0.362061,-1.253448,-0.346161
26755.043023,-0.337891,-1.130966,-0.234421
26755.052750,-0.262924,-0.974136,-0.233765
26755.063207,-0.150452,-0.790009,-0.223480
26755.073243,-0.072845,-0.607529,-0.064011
26755.083777,-0.019409,-0.457565,0.014557
26755.093677,0.031479,-0.347031,0.056366
26755.103631,0.051117,-0.203354,0.104523
26755.113315,0.037628,-0.116470,0.122253
26755.123350,0.058060,-0.104416,0.144470
26755.134050,0.085770,-0.152649,0.159805
26755.144120,0.077255,-0.206879,0.105026
26755.154054,0.065216,-0.255142,0.035263
26755.164056,0.069092,-0.283371,-0.024185
26755.174923,0.095184,-0.295731,-0.039612
26755.184552,0.121918,-0.320938,-0.054993
26755.195750,0.138824,-0.322388,-0.089401
26755.204718,0.146255,-0.337524,-0.173630
26755.214867,0.122421,-0.364975,-0.269348
26755.224926,0.051224,-0.417984,-0.361053
26755.234767,-0.030396,-0.494080,-0.439087
26755.245200,-0.071899,-0.588837,-0.582870
26755.255105,0.029129,-0.693207,-0.723969
26755.265504,0.276962,-0.830246,-0.944717
26755.275558,0.308777,-1.056671,-1.085297
26755.286367,0.110077,-1.419250,-1.416931
26755.295739,-0.061279,-1.908157,-1.625214
26755.305677,-0.071671,-2.022110,-1.652328
26755.315958,-0.100418,-2.026947,-1.057571
26755.325905,0.010956,-1.938644,-0.682312
26755.336210,0.056976,-1.231140,-0.965271
26755.345949,-0.068527,-0.395233,-1.164978
26755.356424,-0.148087,-0.268402,-1.065109
26755.366540,-0.006042,-0.960907,-1.197281
26755.377442,-0.028595,-1.570007,0.316528
26755.386829,-0.035416,-1.871414,0.316010
26755.397015,0.142792,-1.954865,0.741943
26755.406868,0.331070,-1.766861,0.121658
26755.417266,0.722443,-1.349747,-0.335709
26755.427362,0.717636,-0.674652,-0.500595
26755.437104,0.442398,-0.470062,-0.360672
26755.447454,0.139160,-0.596512,0.259460
26755.457556,-0.266083,-0.800140,0.633530
26755.468097,-0.304321,-1.121231,0.539124
26755.477900,-0.367706,-1.311493,0.394806
26755.488660,-0.439911,-1.330231,0.219788
26755.498107,-0.344666,-1.299622,0.043015
26755.508418,-0.187241,-1.196594,-0.140381
26755.518397,0.021713,-1.036087,-0.206650
26755.528162,0.133057,-0.879395,-0.241058
26755.538499,0.224869,-0.765610,-0.278854
26755.548262,0.295578,-0.715622,-0.314178
26755.558673,0.347321,-0.630539,-0.315063
26755.568899,0.300659,-0.632858,-0.236572
26755.579737,0.181274,-0.693436,-0.217087
26755.589084,0.071579,-0.784714,-0.178574
26755.599280,-0.031982,-0.846436,-0.100250
26755.609088,-0.079010,-0.850388,-0.074356
26755.618856,-0.070602,-0.818634,-0.059280
26755.628865,-0.073685,-0.784058,-0.051346
26755.639084,-0.085144,-0.770447,-0.040634
26755.649584,-0.085251,-0.779297,-0.049591
26755.659730,-0.092010,-0.799896,-0.095367
26755.670707,-0.132935,-0.843567,-0.179565
26755.680071,-0.217270,-0.913696,-0.263596
26755.689913,-0.238815,-0.985397,-0.402023
26755.700341,-0.187454,-1.060760,-0.551941
26755.710295,-0.177826,-1.148666,-0.573715
26755.720632,-0.294907,-1.135422,-0.343719
26755.730476,-0.406235,-1.073135,-0.164185
26755.740836,-0.406128,-1.065247,-0.156235
26755.750969,-0.381836,-1.133194,-0.300720
26755.761744,-0.407455,-1.265717,-0.395630
26755.771292,-0.342377,-1.347427,-0.326050
26755.781445,-0.239136,-1.354950,-0.284424
26755.791658,-0.207321,-1.350693,-0.254059
26755.801485,-0.241760,-1.366135,-0.252747
26755.811872,-0.320206,-1.442596,-0.275146
26755.821628,-0.426056,-1.496170,-0.234558
26755.832069,-0.481552,-1.537308,-0.151337
26755.842221,-0.344147,-1.474335,-0.053421
26755.852598,-0.235825,-1.334534,0.046036
26755.862501,-0.123947,-1.227051,0.101868
26755.873097,-0.077179,-1.194427,0.080963
26755.882703,0.093475,-1.186386,0.043503
26755.892951,0.407242,-1.161850,0.098099
26755.902938,0.694733,-1.239426,0.101440
26755.912640,0.934143,-1.431992,0.135483
26755.923161,0.932587,-1.626526,0.170929
26755.933169,0.881989,-1.806335,0.114151
26755.943620,0.799316,-1.881500,0.041061
26755.953424,0.663620,-1.838013,0.026642
26755.964508,0.525223,-1.692627,-0.104721
26755.973707,0.274384,-1.551804,-0.271988
26755.983811,0.120651,-1.466995,-0.151779
26755.993975,0.035950,-1.362320,-0.155212
26756.003675,-0.289337,-1.284729,-0.240646
26756.014114,-0.261612,-1.210617,-0.285645
26756.023957,-0.302933,-1.027176,-0.253448
26756.034391,-0.179169,-0.854813,-0.237000
26756.044486,-0.112366,-0.676453,-0.077744
26756.055595,-0.083344,-0.512344,0.042038
26756.064700,-0.043030,-0.361343,0.084686
26756.074436,0.016113,-0.144806,0.153549
26756.084882,0.042694,-0.015579,0.159180
26756.094819,0.093369,-0.022476,0.130371
26756.104959,0.093124,-0.108673,0.128265
26756.114784,0.091293,-0.177124,0.133102
26756.125139,0.055283,-0.253479,0.055923
26756.135568,0.082733,-0.252304,-0.041748
26756.146314,0.081009,-0.341187,-0.088531
26756.155790,0.073563,-0.378769,-0.115509
26756.165651,0.088638,-0.381180,-0.162857
26756.176091,0.111176,-0.380127,-0.254700
26756.186131,0.128540,-0.402756,-0.372482
26756.196263,0.108841,-0.427048,-0.483017
26756.206008,0.051819,-0.482040,-0.545670
26756.216445,0.037750,-0.537216,-0.624405
26756.226606,0.094040,-0.586670,-0.645233
26756.237092,0.248383,-0.687729,-0.847824
26756.246952,0.397278,-0.942780,-1.011032
26756.257346,0.192902,-1.338730,-1.264465
26756.267116,-0.055908,-1.848007,-1.300583
26756.277476,0.035477,-2.021362,-1.517349
26756.287425,0.109116,-2.022018,-1.261963
26756.297169,0.096100,-2.024170,-0.996307
26756.307592,0.139725,-1.398575,-1.334000
26756.317601,0.013687,-0.563126,-1.335297
26756.328124,-0.075241,-0.607193,-1.064163
26756.337992,-0.268478,-1.347961,-0.493347
26756.348926,-0.502502,-2.046021,0.647293
26756.358289,-0.456650,-1.964279,1.365601
26756.368208,0.234161,-0.861725,1.228287
26756.378492,0.939896,-0.098938,0.422089
26756.388297,1.171021,-0.123901,-0.659988
26756.398736,0.889450,-0.353149,-0.842224
26756.408458,0.409393,-0.519943,-0.389160
26756.418851,-0.134140,-0.734192,0.311661
26756.429035,-0.468750,-0.960266,0.661240
26756.439985,-0.384888,-1.550400,0.498337
26756.449348,-0.571045,-1.822479,0.288086
26756.459302,-0.667892,-1.787994,0.097778
26756.469427,-0.496552,-1.498199,-0.113861
26756.479290,-0.149536,-1.121155,-0.204041
26756.489746,0.033585,-0.837112,-0.279587
26756.499438,0.098068,-0.632339,-0.353516
26756.509867,0.180283,-0.512802,-0.389496
26756.520025,0.318726,-0.469299,-0.335220
26756.531009,0.404831,-0.452515,-0.270081
26756.540440,0.298508,-0.546967,-0.195831
26756.550256,0.100159,-0.720001,-0.154144
26756.560673,-0.061798,-0.855148,-0.062149
26756.570678,-0.121262,-0.899338,0.019989
26756.580979,-0.129013,-0.859848,0.022858
26756.590740,-0.093216,-0.804535,-0.007095
26756.600837,-0.053619,-0.754074,-0.041992
26756.610705,-0.052582,-0.726105,-0.067734
26756.621227,-0.109985,-0.757339,-0.125427
26756.631316,-0.190247,-0.809738,-0.187531
26756.642524,-0.251495,-0.904602,-0.227524
26756.651481,-0.228546,-1.003601,-0.327423
26756.661564,-0.151428,-1.080795,-0.443146
26756.671666,-0.190140,-1.126419,-0.390350
26756.681384,-0.307220,-1.140472,-0.221924
26756.691827,-0.327515,-1.141312,-0.152863
26756.701761,-0.279739,-1.128143,-0.218430
26756.712006,-0.253784,-1.163437,-0.349945
26756.722157,-0.294785,-1.265884,-0.392517
26756.733047,-0.330429,-1.365204,-0.308975
26756.742362,-0.329071,-1.351852,-0.232559
26756.752433,-0.333969,-1.316269,-0.231598
26756.762590,-0.351913,-1.352921,-0.272675
26756.772389,-0.364334,-1.392029,-0.374146
26756.782863,-0.382401,-1.467422,-0.406342
26756.792579,-0.489380,-1.474258,-0.252609
26756.803353,-0.476227,-1.462601,-0.191803
26756.813233,-0.283920,-1.268875,-0.093658
26756.824115,-0.222366,-1.116241,0.041595
26756.833511,-0.203461,-1.115250,0.087601
26756.843218,-0.108170,-1.145477,0.097321
26756.853674,0.163605,-1.206802,0.144043
26756.863629,0.479309,-1.396881,0.143799
26756.873822,0.796997,-1.652466,0.159393
26756.883677,0.916168,-1.903625,0.211914
26756.894107,0.988235,-2.018280,0.193283
26756.904328,0.951096,-2.018417,0.130081
26756.915106,0.832733,-2.020233,0.113953
26756.924205,0.770355,-1.811417,0.015808
26756.934673,0.595581,-1.611038,-0.126129
26756.944702,0.320511,-1.473709,-0.143036
26756.954932,0.119492,-1.343811,-0.193298
26756.964992,-0.189865,-1.253616,-0.206955
26756.974756,-0.300247,-1.122131,-0.276352
26756.985087,-0.365372,-0.946198,-0.218811
26756.995341,-0.257385,-0.823578,-0.208664
26757.005836,-0.179550,-0.637039,-0.061096
26757.015701,-0.188080,-0.424927,0.052109
26757.026302,-0.134216,-0.230225,0.110916
26757.035604,-0.082657,-0.020554,0.152832
26757.046126,-0.075516,0.100525,0.142227
26757.056149,-0.083038,0.136261,0.118317
26757.065901,-0.058838,0.048584,0.099792
26757.076334,-0.008057,-0.061447,0.083755
26757.086421,-0.014603,-0.145493,0.043823
26757.096887,-0.026794,-0.227585,-0.008072
26757.106460,0.006134,-0.304382,-0.005554
26757.116966,0.066650,-0.328186,0.000519
26757.126554,0.150238,-0.343430,-0.034637
26757.136750,0.238220,-0.369995,-0.136200
26757.146986,0.257446,-0.427399,-0.240097
26757.156792,0.215714,-0.501801,-0.321350
26757.167249,0.121216,-0.581161,-0.389709
26757.176997,0.016571,-0.665237,-0.511856
26757.187553,0.036987,-0.745895,-0.684219
26757.197211,0.244110,-0.848236,-0.996948
26757.208331,0.430283,-1.077164,-1.533478
26757.217799,0.341324,-1.437393,-1.535629
26757.227603,0.177155,-1.875763,-1.592880
26757.238032,0.120346,-2.019211,-1.619934
26757.248018,-0.095123,-2.028320,-0.857056
26757.258314,-0.039719,-1.861374,-1.063156
26757.268071,-0.070389,-1.130692,-1.298935
26757.278489,-0.196793,-0.367844,-1.264603
26757.288646,-0.269897,-0.326630,-1.238144
26757.299478,-0.021347,-1.693100,-0.858215
26757.308975,-0.084946,-2.035934,0.205734
26757.319106,-0.056015,-2.043076,1.244080
26757.329183,-0.001297,-2.040848,1.063553
26757.339360,0.456314,-1.241302,0.367783
26757.349443,0.821732,-0.414307,-0.358383
26757.359192,0.790237,-0.218842,-0.865738
26757.369624,0.483521,-0.428268,-0.697205
26757.379391,0.121552,-0.578934,-0.013657
26757.390086,-0.471359,-0.538239,0.815521
26757.399974,-0.336319,-0.817825,0.859390
26757.410740,-0.261063,-1.272415,0.575455
26757.420188,-0.477615,-1.466904,0.393509
26757.430525,-0.422745,-1.509476,0.104767
26757.440460,-0.228210,-1.321045,-0.152206
26757.450257,0.001450,-1.062271,-0.193176
26757.460737,0.149567,-0.856110,-0.271469
26757.470781,0.215164,-0.713272,-0.407959
26757.481281,0.305923,-0.540833,-0.474472
26757.490961,0.397751,-0.427231,-0.352539
26757.502175,0.396149,-0.420410,-0.207687
26757.511337,0.249908,-0.576233,-0.096558
26757.521600,0.084579,-0.781128,0.040894
26757.531540,0.002243,-0.914017,0.136414
26757.541644,-0.113724,-0.925873,0.142136
26757.551739,-0.133148,-0.919373,0.154663
26757.561479,-0.112564,-0.860168,0.105530
26757.572015,-0.088303,-0.795609,0.004883
26757.582073,-0.133804,-0.780472,-0.133835
26757.592901,-0.205093,-0.813477,-0.254303
26757.601965,-0.248962,-0.905594,-0.357437
26757.611782,-0.195969,-1.003189,-0.448837
26757.621932,-0.176926,-1.059296,-0.457504
26757.631863,-0.222382,-1.024384,-0.321365
26757.642518,-0.281281,-1.026276,-0.193497
26757.652256,-0.292206,-1.132156,-0.239502
26757.662741,-0.283340,-1.225250,-0.367447
26757.672857,-0.264420,-1.199677,-0.430557
26757.683571,-0.219925,-1.217209,-0.373184
26757.693130,-0.322647,-1.384171,-0.270172
26757.703490,-0.450531,-1.453156,-0.207199
26757.713235,-0.447662,-1.364548,-0.253662
26757.723442,-0.402847,-1.309479,-0.228928
26757.733558,-0.408188,-1.321579,-0.212189
26757.743271,-0.443085,-1.413025,-0.252655
26757.753653,-0.478226,-1.484146,-0.232559
26757.763486,-0.436218,-1.529358,-0.188171
26757.773762,-0.310120,-1.397476,-0.050690
26757.784011,-0.187866,-1.246521,0.044067
26757.795119,-0.121155,-1.220627,0.044388
26757.804288,-0.085159,-1.251282,-0.022415
26757.814152,0.147095,-1.270508,0.008698
26757.824339,0.510361,-1.299988,0.111771
26757.834194,0.786896,-1.415176,0.217056
26757.844693,0.851181,-1.579895,0.251801
26757.854454,0.765503,-1.776917,0.167572
26757.864896,0.656097,-1.886963,0.064163
26757.875038,0.563995,-1.844269,-0.021835
26757.885995,0.535263,-1.682922,-0.190842
26757.895328,0.350601,-1.522415,-0.324112
26757.905122,0.155441,-1.436691,-0.151093
26757.915506,0.079300,-1.393799,0.047943
26757.925428,-0.040207,-1.303101,-0.154602
26757.935722,-0.087921,-1.205414,-0.336945
26757.945472,-0.306610,-1.085449,-0.154373
26757.955922,-0.241104,-0.946213,-0.209518
26757.966071,-0.127670,-0.818832,-0.160568
26757.976817,-0.083786,-0.677322,-0.032547
26757.986386,-0.043381,-0.520401,0.014023
26757.996436,0.013443,-0.319748,0.079865
26758.006681,0.054703,-0.129120,0.128510
26758.016469,0.059311,-0.053864,0.148529
26758.026865,0.069016,-0.086517,0.160583
26758.036624,0.057617,-0.145279,0.174164
26758.047037,0.145142,-0.184799,0.083496
26758.057144,0.095398,-0.294220,0.025879
26758.067949,0.075729,-0.334686,-0.040009
26758.077529,0.072342,-0.335434,-0.082733
26758.087977,0.103348,-0.314880,-0.112885
26758.097703,0.128983,-0.291229,-0.172882
26758.107513,0.149246,-0.273239,-0.281616
26758.117434,0.116562,-0.272995,-0.389389
26758.128448,0.046509,-0.328644,-0.660675
26758.138103,0.009079,-0.424408,-0.661514
26758.147830,0.011185,-0.537079,-0.835236
26758.158480,0.172272,-0.681961,-1.127060
26758.168317,0.426208,-0.903625,-1.148361
26758.179513,0.262497,-1.200256,-1.340347
26758.188675,0.081665,-1.709808,-1.456558
26758.198896,0.404114,-2.018616,-1.066895
26758.208858,0.380676,-2.021927,-0.665482
26758.218686,0.146637,-2.023926,-0.917953
26758.229148,0.108078,-0.369858,-1.256851
26758.238895,0.049164,-0.498642,-1.399033
26758.249347,-0.066956,-1.538742,-1.331146
26758.259483,-0.157745,-2.034195,-0.195465
26758.270423,-0.179962,-2.044266,1.131607
26758.279842,-0.174667,-1.766617,1.126114
26758.289798,0.418198,-0.749710,0.554260
26758.300000,0.694565,-0.286728,-0.334839
26758.309918,0.436569,-0.417496,-0.648438
26758.320322,0.155945,-0.656799,-0.132172
26758.330061,-0.124283,-0.869141,0.492264
26758.340447,-0.324829,-1.058167,0.681702
26758.350642,-0.291672,-1.391449,0.522141
26758.361558,-0.320663,-1.617462,0.188919
26758.370945,-0.414001,-1.575134,-0.114395
26758.380771,-0.376312,-1.365662,-0.211639
26758.391202,-0.107986,-1.091156,-0.281601
26758.401184,0.052078,-0.817688,-0.321854
26758.411506,0.112686,-0.618423,-0.327423
26758.421255,0.111465,-0.549118,-0.319412
26758.431689,0.141266,-0.474472,-0.294922
26758.441841,0.151871,-0.486649,-0.233231
26758.452682,0.089539,-0.554291,-0.205734
26758.462174,-0.011795,-0.699905,-0.171112
26758.472280,-0.126587,-0.799240,-0.128784
26758.482403,-0.179962,-0.833420,-0.045517
26758.492564,-0.234695,-0.826691,-0.004868
26758.502682,-0.168930,-0.821869,0.028122
26758.512500,-0.103500,-0.814789,0.017487
26758.522885,-0.035126,-0.816406,-0.014954
26758.533052,-0.040619,-0.806946,-0.102371
26758.543549,-0.120895,-0.817184,-0.234863
26758.553371,-0.209076,-0.854599,-0.332809
26758.563919,-0.234695,-0.930939,-0.385986
26758.573544,-0.197098,-0.998398,-0.427017
26758.583794,-0.185547,-1.033035,-0.409988
26758.593663,-0.194290,-1.063583,-0.316940
26758.603591,-0.211700,-1.099152,-0.237930
26758.613460,-0.249039,-1.114624,-0.237671
26758.623486,-0.292862,-1.083984,-0.323792
26758.634242,-0.361038,-1.111557,-0.366776
26758.644073,-0.378586,-1.181305,-0.352325
26758.655129,-0.346176,-1.257462,-0.302200
26758.664050,-0.329468,-1.294342,-0.237427
26758.674086,-0.380280,-1.252792,-0.204605
26758.684467,-0.389206,-1.244675,-0.252396
26758.694255,-0.366577,-1.280258,-0.351227
26758.704705,-0.394806,-1.403473,-0.368805
26758.714463,-0.503448,-1.446854,-0.234985
26758.724824,-0.511429,-1.439896,-0.123001
26758.735046,-0.298767,-1.281570,-0.018570
26758.745983,-0.148972,-1.152969,0.079666
26758.755354,-0.113495,-1.169266,0.084290
26758.765192,-0.011459,-1.229248,0.112915
26758.775629,0.278503,-1.319321,0.202606
26758.785544,0.569626,-1.470947,0.308121
26758.795856,0.805832,-1.648117,0.399673
26758.805637,0.877487,-1.851440,0.307495
26758.816061,0.855042,-2.019882,0.116364
26758.826078,0.769104,-2.020386,-0.007278
26758.836839,0.657257,-1.981094,-0.073853
26758.846425,0.605804,-1.757706,-0.241196
26758.856813,0.410797,-1.607132,-0.261551
26758.866624,0.165176,-1.548126,-0.071671
26758.876728,-0.071884,-1.448746,-0.095840
26758.886858,-0.099991,-1.356491,-0.305634
26758.896594,-0.312256,-1.173828,-0.277634
26758.907056,-0.445953,-0.999176,-0.336502
26758.917068,-0.306213,-0.868408,-0.285065
26758.927506,-0.234421,-0.705154,-0.088028
26758.937361,-0.213333,-0.486404,0.000946
26758.948240,-0.129028,-0.270538,0.079208
26758.957565,-0.065292,-0.059937,0.158096
26758.968048,-0.041260,0.049332,0.172562
26758.978039,0.008148,0.051025,0.186401
26758.987798,0.029709,-0.013077,0.193680
26758.998124,0.031662,-0.085419,0.198593
26759.007983,-0.043167,-0.179535,0.161316
26759.018234,0.074844,-0.210541,0.056351
26759.028478,0.034164,-0.278641,0.061462
26759.039430,0.065399,-0.313187,-0.023331
26759.048757,0.129349,-0.319092,-0.022110
26759.058556,0.174286,-0.310791,-0.105591
26759.068935,0.193542,-0.330338,-0.370148
26759.078791,0.184357,-0.381912,-0.524170
26759.089227,0.148224,-0.467514,-0.691666
26759.099000,0.134811,-0.591156,-0.889526
26759.108920,0.171417,-0.719559,-1.137054
26759.118974,0.406967,-0.881775,-1.197311
26759.129799,0.495956,-1.485321,-1.410736
26759.139573,0.482620,-2.009705,-1.430527
26759.149733,0.505478,-2.016205,-1.169144
26759.159780,0.271835,-2.023132,-0.745941
26759.169965,0.141678,-2.000427,-0.619385
26759.180032,0.161026,-0.988800,-0.937180
26759.189816,0.210999,-0.181488,-1.169327
26759.200196,0.187454,-0.257721,-1.233368
26759.210356,0.196930,-0.941528,-1.628983
26759.220823,0.003159,-1.679977,-1.647507
26759.230732,-0.473892,-2.038956,-0.252060
26759.241711,-0.566956,-1.935715,1.547089
26759.253238,0.002594,-1.369293,1.133957
26759.263048,0.554474,-0.859772,0.458450
26759.273420,0.720566,-0.512589,-0.157043
26759.283657,0.442337,-0.559875,-0.547318
26759.293999,0.076477,-0.774292,-0.238007
26759.304097,-0.327606,-0.955933,0.248199
26759.314429,-0.598022,-1.097244,0.534592
26759.324148,-0.545715,-1.320343,0.393417
26759.334251,-0.494141,-1.401840,0.134323
26759.344313,-0.500229,-1.294388,0.061935
26759.354069,-0.331116,-1.131622,0.004807
26759.364504,0.022186,-1.008057,-0.106384
26759.374489,0.200104,-0.868134,-0.138565
26759.385059,0.328415,-0.764755,-0.163803
26759.394840,0.388336,-0.733536,-0.231079
26759.405978,0.402969,-0.687256,-0.296219
26759.415141,0.337250,-0.660767,-0.269638
26759.425068,0.180923,-0.679413,-0.236908
26759.435331,0.005020,-0.762085,-0.167923
26759.445103,-0.088837,-0.809998,-0.060623
26759.455539,-0.163132,-0.825714,0.023254
26759.465299,-0.171967,-0.815186,0.054871
26759.475810,-0.131760,-0.793808,0.068542
26759.485905,-0.101425,-0.788315,0.063171
26759.496914,-0.064896,-0.790329,0.010284
26759.506323,-0.068802,-0.797607,-0.084030
26759.516148,-0.116486,-0.809570,-0.182175
26759.526542,-0.174423,-0.837631,-0.271606
26759.536352,-0.205734,-0.916351,-0.420166
26759.546751,-0.175629,-1.024765,-0.570526
26759.556542,-0.223175,-1.093399,-0.640976
26759.566939,-0.354630,-1.099777,-0.471817
26759.577192,-0.467270,-1.098419,-0.231842
26759.588035,-0.512146,-1.079712,-0.178116
26759.597414,-0.488434,-1.103500,-0.261032
26759.607188,-0.389847,-1.190628,-0.324768
26759.617124,-0.274170,-1.314423,-0.351517
26759.627710,-0.231842,-1.319809,-0.329880
26759.637871,-0.287445,-1.234802,-0.290146
26759.647835,-0.405716,-1.237137,-0.235840
26759.658462,-0.442932,-1.259369,-0.259384
26759.668166,-0.405151,-1.291992,-0.320221
26759.678943,-0.418884,-1.400421,-0.299789
26759.688497,-0.487442,-1.465057,-0.152344
26759.698853,-0.417755,-1.466599,-0.054794
26759.708675,-0.235367,-1.280975,0.041138
26759.719094,-0.145462,-1.163864,0.087646
26759.728887,-0.099854,-1.165100,0.089493
26759.738686,0.029877,-1.207779,0.114716
26759.748502,0.346542,-1.312775,0.135452
26759.758903,0.732559,-1.505386,0.099823
26759.769485,1.049301,-1.708679,0.144241
26759.779406,1.042618,-1.890182,0.147842
26759.790364,0.891022,-2.019302,0.116043
26759.799556,0.700256,-2.022003,0.057861
26759.809612,0.594131,-1.924362,-0.113663
26759.819763,0.498322,-1.696777,-0.138977
26759.829551,0.246475,-1.495087,-0.092880
26759.840023,-0.087769,-1.411942,-0.149673
26759.849917,-0.233093,-1.310623,-0.367599
26759.860190,-0.395676,-1.211411,-0.207840
26759.870327,-0.340652,-1.052277,-0.159958
26759.881431,-0.207764,-0.859421,-0.211761
26759.890713,-0.073456,-0.678741,-0.086929
26759.900675,-0.027359,-0.490585,0.039169
26759.910868,-0.002533,-0.336853,0.080505
26759.920730,0.029800,-0.152328,0.128998
26759.931129,0.041550,-0.028381,0.146240
26759.940895,0.045563,-0.019455,0.154266
26759.951328,0.067581,-0.009537,0.202316
26759.961474,0.085205,-0.103043,0.151932
26759.972439,0.052383,-0.173294,0.064896
26759.981828,0.021255,-0.246628,-0.007187
26759.991717,0.026245,-0.250366,-0.026932
26760.002142,0.035843,-0.225327,-0.043579
26760.012126,0.072769,-0.210464,-0.092499
26760.022420,0.113052,-0.235916,-0.184036
26760.032187,0.136597,-0.281281,-0.297760
26760.042610,0.110031,-0.340439,-0.397537
26760.052761,0.059540,-0.429642,-0.508759
26760.063610,0.049484,-0.543793,-0.645004
26760.073152,0.067963,-0.659225,-0.810516
26760.083184,0.322098,-0.851151,-1.104614
26760.093215,0.497559,-1.168182,-1.268387
26760.103106,0.339172,-1.578995,-1.420761
26760.112962,0.224792,-2.018967,-1.420517
26760.123035,0.330414,-2.017410,-1.395691
26760.133730,0.211136,-2.023224,-0.867142
26760.143424,0.103317,-2.007584,-0.675674
26760.154063,0.209427,-0.961609,-1.023529
26760.163680,0.156250,-0.196640,-1.253723
26760.174801,0.119797,-0.237518,-1.301102
26760.184309,0.061478,-0.957382,-1.390472
26760.194535,-0.076859,-1.692352,-1.083496
26760.204517,-0.354416,-2.038773,-0.009689
26760.214324,-0.416962,-2.049194,1.274948
26760.224628,-0.157425,-1.590469,1.201080
26760.234470,0.506729,-0.838745,0.594513
26760.244685,0.938278,-0.313324,-0.219131
26760.254969,0.795731,-0.346725,-0.712021
26760.265674,0.430908,-0.548218,-0.541580
26760.275172,-0.045258,-0.741074,0.099030
26760.285049,-0.532593,-0.878403,0.572830
26760.295353,-0.537674,-1.229706,0.483963
26760.305403,-0.554581,-1.526825,0.281860
26760.315658,-0.688263,-1.515869,0.114639
26760.325412,-0.574234,-1.370407,-0.006058
26760.335822,-0.287674,-1.127014,-0.122330
26760.345987,0.029404,-0.918121,-0.189468
26760.356938,0.139542,-0.745438,-0.249680
26760.366324,0.223557,-0.637634,-0.297546
26760.376157,0.313644,-0.585419,-0.325562
26760.386603,0.358948,-0.547241,-0.294876
26760.396553,0.261597,-0.570969,-0.249130
26760.406779,0.120483,-0.675629,-0.213242
26760.416631,0.019043,-0.785217,-0.091263
26760.427046,-0.060104,-0.825974,0.019257
26760.437125,-0.081116,-0.826691,0.068466
26760.448051,-0.037918,-0.800354,0.088181
26760.457530,-0.034439,-0.782394,0.079315
26760.467579,-0.046326,-0.777267,0.029510
26760.477785,-0.092926,-0.790131,-0.079529
26760.487939,-0.158005,-0.829208,-0.165115
26760.498003,-0.206726,-0.897430,-0.299088
26760.507747,-0.195343,-0.977432,-0.444824
26760.518167,-0.170670,-1.080414,-0.537766
26760.528335,-0.207687,-1.147232,-0.431412
26760.538819,-0.273972,-1.183334,-0.250137
26760.548636,-0.276932,-1.171295,-0.141022
26760.559233,-0.236526,-1.101807,-0.200714
26760.568842,-0.253296,-1.101074,-0.337936
26760.579208,-0.288162,-1.192505,-0.381378
26760.589097,-0.278534,-1.285873,-0.332703
26760.598849,-0.312744,-1.289078,-0.243073
26760.608764,-0.407425,-1.247330,-0.198166
26760.618841,-0.510345,-1.241165,-0.189194
26760.628979,-0.566788,-1.275314,-0.255783
26760.639488,-0.601242,-1.391495,-0.303223
26760.650452,-0.624298,-1.469131,-0.172791
26760.659730,-0.534103,-1.470871,-0.002457
26760.669624,-0.398819,-1.347763,0.000259
26760.680015,-0.300385,-1.191605,0.146194
26760.689800,-0.202652,-1.133896,0.061798
26760.700019,-0.102310,-1.189865,0.080490
26760.709875,0.180115,-1.268188,0.174042
26760.720374,0.567047,-1.484863,0.172134
26760.730572,1.111771,-1.653824,0.236771
26760.741313,1.011948,-1.827393,0.166199
26760.750769,0.843796,-1.980209,0.087418
26760.760589,0.706451,-1.988907,0.019318
26760.770977,0.645874,-1.859360,-0.075882
26760.780957,0.469742,-1.698273,-0.270477
26760.791301,0.218323,-1.597610,-0.231461
26760.801049,0.101517,-1.503403,-0.094635
26760.811492,-0.172729,-1.400894,-0.089752
26760.821639,-0.219788,-1.347870,-0.262222
26760.832468,-0.337952,-1.171982,-0.316803
26760.841944,-0.346375,-0.984192,-0.263138
26760.852055,-0.190887,-0.811508,-0.219299
26760.862268,-0.149826,-0.636795,-0.028778
26760.872365,-0.146271,-0.462875,0.048874
26760.882461,-0.059326,-0.289642,0.138046
26760.892228,-0.008301,-0.100800,0.178940
26760.902648,-0.011154,-0.024506,0.176025
26760.912805,0.024063,-0.061462,0.156784
26760.923232,-0.034164,-0.118164,0.192337
26760.933130,0.103592,-0.158997,0.119476
26760.943620,0.091324,-0.256744,0.041718
26760.953227,0.080673,-0.312119,0.000809
26760.963467,0.107193,-0.310547,-0.020523
26760.973415,0.137878,-0.291168,-0.024872
26760.983223,0.196381,-0.270981,-0.080307
26760.993707,0.239258,-0.280396,-0.189636
26761.003685,0.236496,-0.322311,-0.291931
26761.014270,0.186951,-0.369934,-0.394150
26761.024195,0.102463,-0.462601,-0.513931
26761.035188,0.061234,-0.570496,-0.627975
26761.044316,0.096024,-0.673096,-0.749481
26761.054523,0.317291,-0.836136,-0.997528
26761.064504,0.470917,-1.145447,-1.186523
26761.074249,0.279373,-1.580688,-1.461578
26761.084686,0.103958,-2.019974,-1.552780
26761.094453,0.147827,-2.018600,-1.642227
26761.104804,0.017838,-2.025177,-1.034500
26761.114459,-0.006073,-1.786453,-0.796524
26761.125712,0.087234,-0.908630,-1.088303
26761.135077,0.006348,-0.305801,-1.300369
26761.144964,0.065125,-0.554688,-1.152725
26761.155383,0.085205,-1.227966,-1.201874
26761.165397,-0.089325,-1.821991,-0.733658
26761.175707,-0.244431,-2.040909,0.528152
26761.185454,-0.121140,-1.948502,1.450348
26761.195889,0.126938,-1.274643,0.938004
26761.206030,0.712830,-0.656448,0.252380
26761.216866,0.836761,-0.380859,-0.562469
26761.226345,0.534668,-0.516052,-0.775711
26761.236453,0.173019,-0.720215,-0.233139
26761.246537,-0.268066,-0.898773,0.427963
26761.256704,-0.623764,-1.020279,0.658234
26761.266849,-0.485001,-1.351456,0.446091
26761.276867,-0.494751,-1.500549,0.211578
26761.287077,-0.553116,-1.381546,0.073715
26761.297228,-0.325928,-1.234970,-0.082520
26761.307668,-0.052185,-1.034393,-0.196136
26761.317582,0.109909,-0.823471,-0.215607
26761.328094,0.212311,-0.676788,-0.255157
26761.337755,0.304108,-0.610443,-0.312851
26761.347945,0.326843,-0.525742,-0.324234
26761.357933,0.267975,-0.548096,-0.244019
26761.367734,0.138351,-0.665375,-0.220840
26761.378119,0.015457,-0.794861,-0.136993
26761.388081,-0.079712,-0.858612,-0.034698
26761.398740,-0.136459,-0.874008,0.044556
26761.408496,-0.161697,-0.862686,0.067886
26761.419567,-0.110626,-0.841049,0.067886
26761.428736,-0.072052,-0.791611,0.035934
26761.438954,-0.086990,-0.763596,-0.033707
26761.448919,-0.146988,-0.771652,-0.149948
26761.458694,-0.215759,-0.815582,-0.259476
26761.469138,-0.243500,-0.883682,-0.360306
26761.478894,-0.210693,-0.981476,-0.469910
26761.489386,-0.152145,-1.066437,-0.511627
26761.499499,-0.180573,-1.117554,-0.361389
26761.510601,-0.211548,-1.125015,-0.226059
26761.519671,-0.234390,-1.144196,-0.226517
26761.529428,-0.289581,-1.109665,-0.326721
26761.539900,-0.365692,-1.106613,-0.373810
26761.549818,-0.441666,-1.176437,-0.347565
26761.560114,-0.479065,-1.274704,-0.274963
26761.569873,-0.451111,-1.282196,-0.274445
26761.580301,-0.466446,-1.240341,-0.201263
26761.590459,-0.486145,-1.236359,-0.252243
26761.600895,-0.377869,-1.349258,-0.290009
26761.610313,-0.379852,-1.397308,-0.228607
26761.620363,-0.384232,-1.441772,-0.122589
26761.630575,-0.347977,-1.348709,-0.028503
26761.640704,-0.055847,-1.217514,0.034714
26761.651048,-0.053024,-1.200943,0.078415
26761.660776,-0.051285,-1.259766,0.128983
26761.671217,0.175568,-1.328796,0.180801
26761.681228,0.563828,-1.432205,0.149307
26761.691631,0.931808,-1.579407,0.095551
26761.701483,1.043839,-1.745239,0.117294
26761.712344,0.930435,-1.939102,0.081161
26761.722062,0.813370,-2.020508,0.107635
26761.733241,0.653137,-1.928604,0.057083
26761.743675,0.606293,-1.712692,-0.025833
26761.753434,0.439209,-1.544067,-0.146835
26761.763955,0.233688,-1.442520,-0.127762
26761.774092,0.113892,-1.354095,-0.154724
26761.784826,-0.205780,-1.259964,-0.189423
26761.794121,-0.341660,-1.204315,-0.240524
26761.803956,-0.427292,-1.088898,-0.224121
26761.814453,-0.350815,-0.956314,-0.159012
26761.824510,-0.190247,-0.783401,-0.131943
26761.834529,-0.075119,-0.626877,0.001389
26761.844287,-0.044952,-0.484085,0.060654
26761.854692,0.040100,-0.357285,0.123962
26761.864843,0.092941,-0.175323,0.160934
26761.875551,0.097549,-0.041367,0.148300
26761.885139,0.111694,0.029037,0.173447
26761.895511,0.142807,-0.058426,0.144150
26761.905330,0.125092,-0.184921,0.053345
26761.915455,0.085052,-0.299072,-0.012009
26761.925596,0.050476,-0.315979,-0.081146
26761.935344,0.042053,-0.288010,-0.127899
26761.945781,0.054489,-0.271729,-0.158401
26761.955933,0.106781,-0.266525,-0.210968
26761.966398,0.141739,-0.264435,-0.284729
26761.976225,0.145782,-0.292572,-0.358124
26761.987006,0.089828,-0.358231,-0.450531
26761.996514,-0.001114,-0.474792,-0.569489
26762.006762,-0.041870,-0.621994,-0.726212
26762.016889,0.001328,-0.794342,-1.050064
26762.026628,0.257095,-1.017639,-1.386856
26762.037125,0.301208,-1.326981,-1.679123
26762.046942,0.130325,-1.689133,-1.737396
26762.057034,0.377930,-2.016129,-1.465225
26762.067452,0.473328,-2.018509,-0.926666
26762.078555,0.402863,-2.022812,-0.494415
26762.087737,0.291809,-1.357056,-0.571075
26762.097486,0.386536,-0.609055,-0.856018
26762.107513,0.337021,-0.414551,-1.002548
26762.117487,0.366409,-1.031708,-0.979996
26762.128006,0.331451,-1.732040,-1.111557
26762.137749,0.098450,-2.027924,-0.478333
26762.148309,0.013077,-2.036713,0.530029
26762.158265,-0.321167,-1.346848,0.725021
26762.169226,0.128510,-0.622192,0.360428
26762.178398,0.398560,-0.253845,-0.209396
26762.188304,0.203186,-0.357574,-0.422592
26762.198737,-0.054947,-0.601135,-0.085495
26762.208725,-0.524551,-0.776428,0.607834
26762.219051,-0.691315,-1.040787,0.738297
26762.228830,-0.480164,-1.472565,0.349792
26762.239254,-0.527542,-1.626999,0.082809
26762.249406,-0.577850,-1.532669,-0.052933
26762.260235,-0.381393,-1.298950,-0.130280
26762.269703,-0.039383,-1.061020,-0.185013
26762.279845,0.292740,-0.813980,-0.289536
26762.289932,0.402908,-0.636353,-0.342789
26762.300125,0.495148,-0.577698,-0.294327
26762.310215,0.474930,-0.580460,-0.235184
26762.319965,0.391968,-0.583572,-0.131592
26762.330397,0.272842,-0.670929,-0.109146
26762.340439,0.095688,-0.783447,-0.160263
26762.351039,-0.022156,-0.876663,-0.012817
26762.360841,-0.163940,-0.907791,-0.004608
26762.371468,-0.252045,-0.859650,-0.006210
26762.380871,-0.250717,-0.810043,-0.010101
26762.391368,-0.148438,-0.775452,-0.038864
26762.401354,-0.148376,-0.756317,-0.082504
26762.411100,-0.181900,-0.776093,-0.164520
26762.421535,-0.252731,-0.799606,-0.222443
26762.431669,-0.297562,-0.844330,-0.305695
26762.442097,-0.244446,-0.939896,-0.402069
26762.451916,-0.195053,-1.027588,-0.496490
26762.462993,-0.216003,-1.070801,-0.462204
26762.472191,-0.239517,-1.107178,-0.286087
26762.482352,-0.227524,-1.141129,-0.224396
26762.492371,-0.215927,-1.099808,-0.291580
26762.502109,-0.286270,-1.117172,-0.376282
26762.512619,-0.404526,-1.280899,-0.347961
26762.522325,-0.360245,-1.408630,-0.265945
26762.532810,-0.211914,-1.373627,-0.244247
26762.542936,-0.180481,-1.291748,-0.258438
26762.553463,-0.313644,-1.240646,-0.225174
26762.562774,-0.465836,-1.255188,-0.205246
26762.573099,-0.573135,-1.369583,-0.253052
26762.582881,-0.542862,-1.506958,-0.238785
26762.593339,-0.420929,-1.460388,-0.099487
26762.603180,-0.407059,-1.344833,0.124146
26762.612987,-0.287811,-1.258957,0.167191
26762.623126,-0.175079,-1.252640,0.096893
26762.633085,-0.024155,-1.285690,0.076874
26762.644074,0.317825,-1.235306,0.185593
26762.653923,0.683197,-1.214142,0.143921
26762.664470,0.948364,-1.338913,0.043594
26762.674092,0.923508,-1.555832,0.108337
26762.684265,0.765823,-1.753723,0.112015
26762.694298,0.655411,-1.861420,0.091965
26762.703975,0.628983,-1.854553,0.043823
26762.714410,0.563217,-1.765305,-0.110062
26762.724366,0.298279,-1.627960,-0.239899
26762.734497,0.015259,-1.538422,-0.106232
26762.744701,-0.118164,-1.524216,-0.045242
26762.755756,-0.179855,-1.480652,-0.313248
26762.764993,-0.374634,-1.386703,-0.312836
26762.774902,-0.349152,-1.212082,-0.281357
26762.785139,-0.148895,-1.025375,-0.292221
26762.795036,-0.120361,-0.824844,-0.135635
26762.805597,-0.119705,-0.644119,-0.046097
26762.815265,-0.075150,-0.475281,0.006546
26762.825725,-0.027267,-0.259689,0.043442
26762.835789,-0.006439,-0.150589,0.079712
26762.846835,0.001450,-0.138687,0.095718
26762.856193,0.034729,-0.210388,0.080414
26762.866148,0.062164,-0.280243,0.071899
26762.876376,0.063141,-0.300720,0.028229
26762.886263,0.065765,-0.290512,-0.005417
26762.896663,0.097748,-0.265060,-0.025604
26762.906458,0.151047,-0.234436,-0.028519
26762.916856,0.184296,-0.225937,-0.029877
26762.927002,0.215973,-0.222168,-0.069946
26762.938144,0.213364,-0.220490,-0.170197
26762.947204,0.173065,-0.249130,-0.273209
26762.957083,0.079132,-0.313507,-0.354446
26762.967514,-0.029251,-0.408890,-0.431030
26762.977490,-0.038254,-0.525894,-0.578201
26762.987830,0.106369,-0.649521,-0.832596
26762.997575,0.349945,-0.790390,-0.949203
26763.007955,0.689835,-0.985245,-1.191086
26763.018113,0.452286,-1.340408,-1.267502
26763.028959,0.344116,-1.862366,-1.153152
26763.038436,0.416779,-2.017227,-1.227371
26763.048805,0.233673,-2.021606,-1.039337
26763.058659,0.115341,-1.941025,-0.803360
26763.068692,0.058090,-1.153595,-1.131821
26763.078897,-0.159012,-0.418472,-1.442551
26763.088648,-0.268677,-0.249008,-1.414642
26763.099078,-0.038116,-0.877960,-1.496414
26763.109009,-0.100021,-1.625931,-1.274338
26763.118806,-0.261688,-2.035309,-0.276810
26763.128840,-0.384506,-2.047867,1.165451
26763.140358,-0.105835,-1.809464,1.445847
26763.149642,0.454041,-1.149979,0.749878
26763.159714,0.863647,-0.529816,-0.056122
26763.169800,0.804443,-0.426819,-0.718903
26763.179547,0.545227,-0.574280,-0.650574
26763.190013,0.177383,-0.735260,-0.064423
26763.199929,-0.130859,-0.857224,0.338364
26763.210179,-0.480301,-0.969574,0.552856
26763.220324,-0.469559,-1.235336,0.461426
26763.231272,-0.565262,-1.422638,0.105179
26763.240499,-0.614914,-1.426407,0.104218
26763.250527,-0.424011,-1.367630,-0.048828
26763.260782,-0.201401,-1.189728,-0.158493
26763.270647,-0.045425,-0.963867,-0.202866
26763.281034,0.049942,-0.758133,-0.337708
26763.290832,0.137909,-0.586243,-0.335831
26763.301233,0.239319,-0.501816,-0.267319
26763.311473,0.301910,-0.463470,-0.218460
26763.322386,0.135208,-0.539871,-0.175079
26763.331746,0.124802,-0.903412,-0.091400
26763.341595,0.010437,-0.967300,-0.013306
26763.352027,-0.084610,-0.942429,0.031525
26763.361981,-0.060089,-0.854858,0.038071
26763.372312,-0.045090,-0.778061,0.005722
26763.382084,-0.032227,-0.718994,-0.046524
26763.392505,-0.062393,-0.706238,-0.095703
26763.402671,-0.141113,-0.773483,-0.157791
26763.413531,-0.246857,-0.875793,-0.228394
26763.423057,-0.287552,-0.967712,-0.352295
26763.433109,-0.200531,-1.033920,-0.456924
26763.443198,-0.122833,-1.064484,-0.442581
26763.453308,-0.180771,-1.082535,-0.271057
26763.463468,-0.317413,-1.131149,-0.162582
26763.473247,-0.410339,-1.172058,-0.196136
26763.483669,-0.471802,-1.239182,-0.239059
26763.493676,-0.399246,-1.349625,-0.288437
26763.504186,-0.229843,-1.386276,-0.317032
26763.514021,-0.076599,-1.336563,-0.267441
26763.524657,-0.172363,-1.289047,-0.202713
26763.534118,-0.346832,-1.256897,-0.246643
26763.544504,-0.485291,-1.269592,-0.312790
26763.554484,-0.559921,-1.355362,-0.270660
26763.564257,-0.618896,-1.419357,-0.191483
26763.574734,-0.530624,-1.443939,-0.152145
26763.584931,-0.369354,-1.385727,-0.027969
26763.595292,-0.271393,-1.283142,0.124802
26763.604824,-0.199707,-1.210297,0.216522
26763.615281,-0.146622,-1.154831,0.202728
26763.624977,0.031387,-1.184006,0.120728
26763.635178,0.364960,-1.268387,0.073334
26763.645375,0.682526,-1.354858,0.139755
26763.655201,0.884338,-1.542603,0.240570
26763.665611,1.025162,-1.693939,0.244019
26763.675346,0.955383,-1.796631,0.170135
26763.685852,0.842834,-1.859451,0.105408
26763.695929,0.726578,-1.815643,0.090363
26763.706918,0.586487,-1.699982,-0.047028
26763.716249,0.392075,-1.602310,-0.149796
26763.726065,0.226547,-1.543549,-0.153824
26763.736502,0.167007,-1.453735,-0.099289
26763.746421,-0.148483,-1.341782,-0.120972
26763.756679,-0.172089,-1.264893,-0.253281
26763.766490,-0.240982,-1.124084,-0.281189
26763.776917,-0.243607,-0.947952,-0.249252
26763.787066,-0.105118,-0.818344,-0.176010
26763.797901,-0.087341,-0.656708,-0.015732
26763.807319,-0.072052,-0.474716,0.072083
26763.817502,0.007034,-0.273758,0.144287
26763.827507,0.019119,-0.058624,0.168610
26763.837700,-0.018341,0.081268,0.193863
26763.847778,0.018570,0.023727,0.148849
26763.857548,0.049606,-0.100449,0.128464
26763.868000,0.052902,-0.195038,0.056946
26763.878198,0.023590,-0.272308,-0.015121
26763.888767,0.005264,-0.294022,-0.071060
26763.898355,0.026001,-0.294434,-0.100418
26763.909189,0.077087,-0.289368,-0.136169
26763.918665,0.138611,-0.300873,-0.186600
26763.928961,0.178802,-0.329300,-0.275177
26763.938992,0.194901,-0.359955,-0.386047
26763.948698,0.151413,-0.423538,-0.461365
26763.959134,0.113495,-0.530716,-0.527710
26763.969144,0.107880,-0.630402,-0.596390
26763.979331,0.173264,-0.711716,-0.714325
26763.989586,0.431686,-0.845764,-0.917007
26764.000616,0.535843,-1.121063,-1.121765
26764.009798,0.327744,-1.595245,-1.395203
26764.020004,0.256149,-2.018295,-1.440765
26764.030001,0.269302,-2.018341,-1.403793
26764.039892,-0.063385,-2.027420,-0.909042
26764.050205,0.045547,-1.646622,-0.828125
26764.059950,0.130051,-0.896591,-1.147995
26764.070352,0.106186,-0.430374,-1.388947
26764.080544,-0.018967,-0.730255,-1.320251
26764.091320,-0.072495,-1.428772,-1.201141
