27275.318887,-0.353653,0.739944,1.125031
27275.329195,-0.382187,1.095779,1.193405
27275.340046,-0.393478,1.056229,1.158432
27275.349102,0.352371,0.794876,1.023361
27275.359197,0.375275,0.554565,0.867691
27275.369195,0.133896,0.302185,0.686203
27275.379390,0.052948,-0.057007,0.426208
27275.390204,0.086090,-0.444962,0.151505
27275.399329,0.071899,-0.578262,-0.084045
27275.409343,-0.018539,-0.492554,-0.212662
27275.419474,-0.081421,-0.321716,-0.270172
27275.429895,-0.114761,-0.174133,-0.331131
27275.440005,-0.171356,-0.110626,-0.333130
27275.449588,-0.209946,-0.085297,-0.222687
27275.459580,-0.205933,-0.049240,0.004623
27275.469687,-0.105637,-0.006683,0.234756
27275.480092,-0.047760,0.056625,0.243881
27275.490470,-0.071930,0.205185,0.070007
27275.500747,0.128067,0.352493,-0.245483
27275.510393,0.561279,0.004623,-0.897552
27275.520330,0.854492,-0.316269,-1.085907
27275.530121,1.376328,-0.652206,-1.011002
27275.540480,1.469238,-1.175827,-0.896820
27275.550290,1.235535,-2.003616,-1.257523
27275.560543,1.174255,-2.004074,-1.331116
27275.572375,0.419342,-2.013947,-1.669830
27275.581668,0.408737,-1.954208,-1.867416
27275.592707,0.680740,-1.466263,-1.706833
27275.601949,0.607315,-0.940720,-1.499191
27275.612017,0.412186,-0.564804,-1.432922
27275.622478,0.613022,-0.575378,-1.433121
27275.632091,0.467346,-0.788040,-1.411346
27275.642355,0.377182,-1.467896,-1.754257
27275.652186,0.132202,-2.016037,-2.028473
27275.660849,-1.231110,-2.043915,-1.268478
27275.672904,-1.209442,-1.282822,1.364166
27275.683835,0.244095,-0.397400,1.320374
27275.692761,0.616714,-0.194672,0.590485
27275.702991,1.001648,-0.586349,-0.418716
27275.713526,0.829147,-1.055389,-0.096176
27275.723381,0.429550,-1.517807,0.303436
27275.733690,-0.081345,-1.756241,0.186310
27275.743449,-0.376892,-1.993164,-0.060654
27275.753848,-0.696899,-2.044022,-0.059814
27275.763792,-0.974014,-2.048615,-0.051178
27275.774192,-0.756927,-2.043716,-0.234589
27275.784194,-0.604996,-2.040482,-0.337860
27275.794680,-0.419556,-2.036957,-0.402832
27275.803720,-0.162476,-1.657242,-0.520508
27275.814531,0.164749,-1.186707,-0.704224
27275.824459,0.390335,-0.856110,-0.814606
27275.834297,0.745850,-0.708725,-0.656876
27275.844725,1.152191,-0.594681,-0.432755
27275.854673,1.190262,-0.496201,-0.398163
27275.865198,1.067001,-0.381393,-0.245575
27275.875059,0.734741,-0.311707,0.461609
27275.885934,0.272827,-0.259094,0.768448
27275.895348,0.059738,-0.065918,0.168365
27275.905521,-0.208618,0.116684,-0.062637
27275.915548,-0.405670,0.242554,-0.366837
27275.925298,-0.286606,0.166794,-0.174194
27275.935815,-0.201111,-0.025574,-0.104370
27275.945487,0.055328,-0.269821,0.258316
27275.955940,0.331848,-0.307480,0.605789
27275.966084,0.623276,-0.237411,0.757248
27275.977046,0.736618,-0.245377,0.608566
27275.986494,0.465576,-0.199997,0.303848
27275.996277,0.155594,-0.079590,0.085815
27276.006612,-0.019196,0.031723,-0.080032
27276.016529,-0.070450,0.125885,-0.061035
27276.026930,0.049988,0.069672,-0.099487
27276.036687,0.307343,-0.215836,-0.459122
27276.047192,0.272644,-0.680740,-1.068619
27276.057168,-0.233719,-1.278046,-1.842957
27276.068203,-1.539917,-1.765106,0.031738
27276.077592,-0.663742,-2.057220,1.817978
27276.087498,1.246765,-2.022095,1.293533
27276.097779,1.396042,-1.451263,-0.257614
27276.107774,-0.178085,-0.784470,-1.852158
27276.118111,-0.913330,-1.650818,-1.316528
27276.127852,-1.221451,-1.952438,0.608994
27276.138258,-0.226868,-2.022858,0.401474
27276.148342,-0.106308,-2.029373,-0.738205
27276.159277,-0.553055,-2.034180,-1.081009
27276.168370,-0.758377,-1.952042,-1.118530
27276.178832,-0.751297,-1.791931,-1.040787
27276.188834,-0.727798,-1.463593,-0.755188
27276.199068,-0.741776,-1.110352,-0.295578
27276.209164,-0.626556,-0.918259,-0.013367
27276.218910,-0.428818,-0.879639,0.027100
27276.229334,-0.134048,-1.142197,-0.004349
27276.239502,0.196915,-1.657288,-0.117844
27276.250013,0.301208,-2.030014,0.259659
27276.259489,0.411011,-2.028229,0.261734
27276.269574,0.529877,-2.027267,0.394958
27276.279543,0.634888,-2.025513,0.390991
27276.289421,0.716263,-2.023773,0.335968
27276.299465,0.789719,-2.021667,0.212357
27276.309489,0.847122,-2.020111,0.128113
27276.320154,0.888351,-2.018036,-0.061569
27276.330224,0.487595,-2.023056,-0.271561
27276.340087,0.223953,-2.025238,-0.566254
27276.350491,0.134445,-2.027313,-0.482635
27276.361215,-0.038345,-1.993744,-0.579132
27276.370606,-0.033020,-1.718231,-0.430847
27276.380420,0.104507,-1.452393,-0.151062
27276.390885,0.108307,-0.901886,0.068970
27276.400806,-0.024506,-0.576019,0.341736
27276.411084,-0.231567,-0.227570,0.613113
27276.420836,-0.326706,0.133133,0.814194
27276.431261,-0.356354,0.412567,0.891388
27276.441313,-0.323792,0.552704,0.908051
27276.452154,-0.107391,0.642685,0.881500
27276.461744,0.060654,0.645004,0.806290
27276.471768,0.061676,0.497910,0.727753
27276.481994,0.002319,0.250992,0.612213
27276.491801,0.046829,-0.022537,0.444992
27276.502207,0.090683,-0.106674,0.253250
27276.511989,0.164001,-0.135864,0.074005
27276.522340,0.238724,-0.208313,-0.152847
27276.532443,0.276321,-0.211029,-0.372406
27276.542968,0.144424,-0.097107,-0.390625
27276.552803,-0.096161,-0.000854,-0.132126
27276.563452,-0.248489,0.015945,0.205322
27276.573039,-0.233063,0.018311,0.460617
27276.583212,-0.108215,0.018097,0.498672
27276.593204,-0.075272,0.104401,0.289062
27276.602941,-0.093521,0.214233,-0.131775
27276.613368,0.003952,0.082062,-0.677795
27276.623238,0.242142,-0.285156,-1.155975
27276.633952,0.575317,-0.644547,-1.275177
27276.643676,0.972534,-1.101685,-1.437927
27276.654979,1.384293,-1.613068,-1.472488
27276.663933,1.308640,-1.999985,-1.587524
27276.673474,0.611572,-2.012665,-1.416168
27276.685040,0.286987,-2.014496,-1.890610
27276.694785,0.222198,-1.916443,-2.026657
27276.705092,0.323425,-1.495132,-1.944809
27276.715015,0.503647,-1.155304,-1.661163
27276.725672,0.377060,-0.715118,-1.420883
27276.735576,0.318909,-0.496613,-1.207397
27276.746462,0.573425,-0.423798,-0.971298
27276.755896,0.660095,-0.605713,-0.974869
27276.765767,0.374023,-1.085754,-1.161469
27276.775609,0.215561,-1.566513,-1.375458
27276.786220,-0.129761,-1.881180,-1.131363
27276.795889,-0.771255,-1.467804,0.808624
27276.806049,0.454742,-0.572693,0.960968
27276.816387,0.362747,-0.348373,-0.103058
27276.826646,0.636383,-0.651184,-0.640015
27276.837546,0.383636,-1.071335,-0.403244
27276.846880,-0.068130,-1.509735,0.664108
27276.856702,-0.251953,-1.729813,0.530380
27276.867059,-0.441330,-1.952591,0.210007
27276.877169,-0.776443,-2.044632,-0.151611
27276.887374,-1.038086,-2.049042,-0.136719
27276.897119,-0.957123,-2.048706,-0.001282
27276.907630,-0.642303,-2.043030,-0.073669
27276.917317,-0.164856,-2.033920,-0.248184
27276.928517,0.123215,-1.874649,-0.510422
27276.937918,0.391739,-1.373489,-0.673370
27276.947763,0.882797,-0.937408,-0.659531
27276.958162,1.309418,-0.578400,-0.544861
27276.968126,1.334305,-0.397705,-0.529266
27276.978456,1.051895,-0.232330,-0.601837
27276.988218,0.786057,-0.174545,-0.427200
27276.998669,0.404861,-0.211380,0.639038
27277.008756,-0.053146,-0.209610,0.997498
27277.019526,-0.270020,-0.069122,0.277222
27277.029047,-0.373077,0.101028,0.085999
27277.039286,-0.315918,0.210709,-0.145905
27277.049292,-0.185547,0.163162,-0.263565
27277.059447,-0.160767,0.002258,-0.165070
27277.069560,0.098373,-0.232651,0.152008
27277.079310,0.347717,-0.330841,0.449295
27277.089771,0.587616,-0.357468,0.558975
27277.099901,0.665268,-0.349823,0.501892
27277.110399,0.490936,-0.248520,0.352890
27277.120215,0.287292,-0.106613,0.144821
27277.130906,0.164932,0.004608,-0.023972
27277.140426,0.096390,0.089783,-0.037079
27277.150687,0.125977,0.110458,0.049789
27277.160665,0.243744,0.050003,-0.095856
27277.170422,0.457489,-0.260941,-0.597260
27277.180857,0.158524,-0.851089,-1.475815
27277.190818,-0.854340,-1.479019,-2.046432
27277.201061,-2.038712,-1.765076,0.942062
27277.211226,-0.680771,-2.058929,2.015106
27277.222205,1.107559,-2.011276,-0.496964
27277.231545,0.519608,-0.932388,-2.019745
27277.241655,-0.236862,-1.148117,-0.510330
27277.251728,-0.230743,-1.913895,1.351074
27277.261568,-0.519150,-2.040024,-0.207275
27277.271421,0.108505,-2.024109,-0.977234
27277.281595,0.057083,-2.025482,-0.905762
27277.291772,-0.416031,-2.031952,-1.078430
27277.301567,-0.612991,-2.036118,-0.950195
27277.313024,-1.032745,-1.419800,-0.512848
27277.322425,-1.051224,-1.050293,-0.124741
27277.332257,-0.910416,-0.870636,0.021988
27277.342697,-0.696030,-0.986801,0.120132
27277.352632,-0.111801,-1.431091,0.107773
27277.362983,0.407806,-1.910645,-0.102280
27277.372856,0.683365,-2.021912,0.009949
27277.383224,0.779419,-2.022171,0.258789
27277.393396,0.876083,-2.021469,0.379684
27277.404201,0.836212,-2.022141,0.381897
27277.413693,0.795654,-2.022644,0.361298
27277.425306,0.683731,-2.024002,0.294678
27277.435332,0.539444,-2.026047,0.251266
27277.445057,0.090271,-2.032898,0.183243
27277.453642,0.015533,-2.031754,-0.140594
27277.465718,0.126495,-2.028702,-0.310150
27277.476147,0.168381,-2.027390,-0.395691
27277.485532,0.093109,-2.028854,-0.362366
27277.496693,0.248932,-1.688156,-0.386765
27277.506016,0.153320,-1.378922,-0.332611
27277.516110,0.065308,-1.108444,-0.109695
27277.526217,0.028427,-0.829910,0.078476
27277.536149,-0.063507,-0.447540,0.306427
27277.546533,-0.208710,-0.056137,0.535385
27277.556348,-0.267700,0.292557,0.694458
27277.566730,-0.262802,0.522934,0.782166
27277.576892,-0.200912,0.584839,0.858841
27277.588091,-0.039536,0.630997,0.869873
27277.597095,0.029099,0.617294,0.866196
27277.606830,-0.029800,0.478180,0.782547
27277.617268,-0.075974,0.241592,0.638489
27277.627178,-0.061569,-0.007492,0.443970
27277.637484,0.038712,-0.108185,0.209579
27277.647230,0.168167,-0.192810,0.009506
27277.657613,0.223938,-0.302933,-0.256439
27277.667837,0.220856,-0.336670,-0.393463
27277.678674,0.001709,-0.220322,-0.259552
27277.688144,-0.186127,-0.059021,0.031784
27277.698293,-0.222687,0.025894,0.261368
27277.708505,-0.180801,0.030930,0.343536
27277.718277,-0.200516,0.088776,0.250000
27277.728719,-0.209869,0.226562,-0.044678
27277.738465,-0.023697,0.267944,-0.406219
27277.748917,0.282867,-0.072021,-0.935654
27277.758732,0.573196,-0.365219,-0.987122
27277.768802,0.730682,-0.618835,-1.054901
27277.778648,1.182755,-1.074051,-1.088638
27277.789905,1.285507,-1.665726,-1.131134
27277.798910,1.230240,-2.002228,-1.457047
27277.809045,0.914398,-2.005081,-1.773590
27277.819506,0.225479,-2.014511,-2.026718
27277.829298,0.272812,-2.015076,-1.845245
27277.839812,0.354309,-1.468765,-1.552292
27277.849462,0.342575,-0.830109,-1.225235
27277.859783,0.323547,-0.458023,-1.187408
27277.870050,0.557190,-0.346283,-1.306885
27277.880972,0.716278,-0.684021,-1.526550
27277.890320,0.491974,-1.434921,-1.535736
27277.900114,0.388733,-2.011871,-2.023621
27277.910498,-0.678192,-2.029190,-2.043808
27277.920349,-1.833923,-1.277817,1.994324
27277.930771,0.781189,0.238403,2.045746
27277.940536,0.720261,0.426071,0.505951
27277.951015,1.175354,-0.176895,-1.129272
27277.961103,0.509705,-0.527817,-0.984558
27277.972031,-0.022202,-0.992905,0.700394
27277.981406,-0.105652,-1.577805,0.806183
27277.991236,-0.156937,-2.038330,0.370071
27278.001681,-0.356659,-2.036102,-0.378815
27278.011647,-0.795654,-2.042526,-0.484360
27278.021965,-1.070343,-2.047958,-0.356613
27278.031745,-0.701767,-2.041229,-0.451828
27278.042154,-0.228531,-2.032959,-0.522247
27278.052318,0.108429,-1.742508,-0.452011
27278.063173,0.225967,-1.420853,-0.803574
27278.072574,0.222458,-1.181061,-0.803329
27278.082681,0.336884,-1.000000,-0.642166
27278.092709,0.541153,-0.836655,-0.153915
27278.102890,0.620941,-0.651093,-0.009293
27278.113017,0.713501,-0.488235,0.155380
27278.122767,0.672577,-0.366333,0.743134
27278.133231,0.454803,-0.267914,0.486130
27278.143122,0.219330,-0.193146,0.037277
27278.153779,0.078751,0.089752,-0.344986
27278.163617,-0.253189,0.154068,-0.391846
27278.174382,-0.157211,0.137161,-0.170776
27278.183851,0.037323,-0.034897,0.079666
27278.194119,0.203354,-0.192078,0.393173
27278.204104,0.295273,-0.231567,0.579407
27278.213842,0.452179,-0.207291,0.591339
27278.224184,0.545425,-0.305923,0.463989
27278.234302,0.360977,-0.324249,0.253098
27278.244497,0.184128,-0.248672,0.096069
27278.254691,0.135391,-0.112991,-0.000885
27278.265285,0.194824,-0.018448,-0.054214
27278.274411,0.247711,0.021240,-0.083908
27278.284457,0.315521,0.010681,-0.249329
27278.295506,0.347122,-0.114365,-0.556488
27278.304931,0.038452,-0.580978,-1.412216
27278.315260,-0.861710,-1.491287,-1.467148
27278.325003,-1.847366,-2.077042,1.878922
27278.335044,0.253708,-2.042221,1.820450
27278.346595,1.181076,-2.010269,-0.468781
27278.357524,0.250519,-0.826172,-1.156540
27278.366917,-0.577621,-1.200806,-1.520920
27278.377211,-1.085938,-1.984085,0.902222
27278.387106,-0.479248,-2.043945,0.417526
27278.396874,0.009125,-2.028763,-0.564377
27278.407310,-0.401016,-2.033752,-0.800339
27278.417091,-0.609634,-2.037537,-0.749725
27278.427517,-0.542694,-2.034210,-1.054031
27278.437681,-0.842819,-1.835251,-0.876892
27278.448767,-1.046051,-1.363251,-0.416763
27278.457868,-0.922272,-1.022232,-0.284012
27278.467906,-0.666870,-0.812714,-0.307663
27278.478054,-0.321365,-0.823959,-0.301147
27278.487891,-0.050858,-1.062469,-0.283463
27278.498355,0.015976,-1.549698,-0.188583
27278.508102,0.082764,-2.032272,0.081894
27278.518548,0.262222,-2.031860,0.424622
27278.528703,0.530640,-2.028519,0.569580
27278.539527,0.714798,-2.025238,0.532394
27278.548618,0.976807,-2.020035,0.409363
27278.558724,1.193039,-2.015076,0.216003
27278.569118,1.238068,-2.014725,0.266479
27278.579020,0.891159,-2.021515,0.418655
27278.589344,0.491058,-2.026123,0.154114
27278.599113,0.301132,-2.027176,-0.127258
27278.609527,0.290451,-1.914597,-0.365433
27278.619678,0.138763,-1.659164,-0.531677
27278.630517,0.065765,-1.533554,-0.254105
27278.640028,0.021759,-1.404282,-0.274612
27278.650288,-0.118073,-1.232224,0.007706
27278.660179,-0.263107,-0.953690,0.222626
27278.670422,-0.357712,-0.579010,0.410843
27278.680501,-0.420654,-0.102768,0.609695
27278.690255,-0.439026,0.462097,0.843262
27278.700685,-0.403015,0.874451,0.916885
27278.710848,-0.169556,0.968369,0.932343
27278.721346,0.191284,0.869843,0.848755
27278.731135,0.281387,0.737823,0.669708
27278.741884,0.131714,0.502762,0.491943
27278.751341,0.090179,0.146896,0.273407
27278.761139,0.139694,-0.079880,-0.044418
27278.771015,0.236084,-0.208588,-0.255112
27278.781080,0.249832,-0.270340,-0.319397
27278.791326,0.202728,-0.270020,-0.199249
27278.801354,0.021317,-0.190384,0.027573
27278.811767,-0.272888,-0.040283,0.254379
27278.821919,-0.398560,0.012115,0.393967
27278.832939,-0.331375,0.015656,0.469650
27278.842232,-0.201935,0.036407,0.494949
27278.852068,-0.095703,0.113831,0.312500
27278.862396,0.212585,0.096878,-0.070602
27278.872346,0.540558,-0.155670,-0.572708
27278.882735,0.854874,-0.363632,-0.976822
27278.892478,1.422989,-0.739090,-1.357498
27278.903015,1.668716,-1.330338,-1.409195
27278.913082,1.230392,-2.003860,-1.233810
27278.924045,0.857117,-2.004257,-2.014755
27278.933428,-0.036865,-2.018768,-2.031677
27278.943113,-0.222000,-2.023254,-1.834778
27278.953646,0.213013,-1.573959,-1.581894
27278.963593,0.385834,-0.743439,-1.323532
27278.973838,0.370331,-0.335251,-1.336197
27278.983627,0.433151,-0.239578,-1.266418
27278.994256,0.576279,-0.232025,-1.436340
27279.004286,0.766922,-0.423813,-1.621490
27279.015081,0.508972,-0.926956,-1.294647
27279.024575,0.314926,-1.440231,0.146606
27279.034653,-0.162857,-1.630173,0.925095
27279.044743,-0.144897,-1.619247,-0.527084
27279.054919,0.049530,-1.363968,0.642715
27279.064992,0.711060,-1.219559,-0.001373
27279.074753,0.652802,-1.313187,-0.204010
27279.085181,0.415466,-1.335678,0.170441
27279.095333,0.072174,-1.322479,0.306870
27279.105820,-0.377502,-1.271103,0.405579
27279.115619,-0.661102,-1.395447,0.373260
27279.126169,-0.684723,-1.852631,0.226364
27279.135814,-0.642303,-2.044174,0.084061
27279.146134,-0.580292,-2.041565,-0.135010
27279.156115,-0.466858,-2.038132,-0.349152
27279.165789,-0.192566,-2.015594,-0.645569
27279.176233,0.054108,-1.532852,-1.050034
27279.186185,0.290924,-1.184784,-1.088776
27279.196419,0.380341,-0.862854,-0.727493
27279.206612,0.889023,-0.674759,-0.373337
27279.217727,1.091553,-0.516846,-0.235367
27279.226924,0.954132,-0.331421,-0.283356
27279.237152,0.654785,-0.262329,0.032532
27279.247105,0.124863,-0.308853,1.007690
27279.256904,-0.328003,-0.296951,0.804672
27279.266793,-0.539963,-0.092743,0.054825
27279.276860,-0.503082,0.061325,-0.332214
27279.287642,-0.391983,0.170212,-0.607773
27279.297201,-0.236084,0.099274,-0.317184
27279.308928,-0.138062,-0.084320,-0.060593
27279.317842,0.146271,-0.244568,0.262054
27279.327648,0.360748,-0.260544,0.487335
27279.338082,0.526001,-0.182098,0.565948
27279.348001,0.732178,-0.240707,0.503311
27279.358291,0.494736,-0.278732,0.294403
27279.368032,0.171494,-0.149567,0.068192
27279.378501,0.020172,-0.004562,-0.041611
27279.388630,-0.003433,0.086349,-0.062759
27279.399522,0.141068,0.041321,-0.218857
27279.408947,0.232513,-0.236588,-0.500259
27279.419033,-0.103088,-0.765076,-0.948807
27279.429145,-0.811172,-1.506073,-1.499954
27279.439323,-1.851303,-2.060593,0.163361
27279.449389,-0.962250,-2.063324,1.983978
27279.459162,0.878922,-2.024353,0.779572
27279.469598,1.104095,-1.288116,-0.590347
27279.479360,-0.520798,-0.865189,-1.883545
27279.490039,-0.953186,-1.378632,-0.816864
27279.499993,-0.934631,-1.901627,0.539078
27279.510361,-0.089386,-2.037491,0.408035
27279.520157,0.040955,-2.028961,-0.466537
27279.530469,-0.576172,-2.037323,-0.705414
27279.540472,-0.750351,-2.021576,-0.806915
27279.550191,-0.726364,-1.728851,-0.800140
27279.560621,-0.764862,-1.372910,-0.631744
27279.570595,-0.739532,-1.037949,-0.164490
27279.580836,-0.690704,-0.813751,0.051025
27279.590886,-0.345230,-0.791641,-0.027725
27279.602156,0.208115,-0.987274,-0.091949
27279.611169,0.379883,-1.403793,-0.083282
27279.621170,0.429428,-2.026230,0.030914
27279.631368,0.476990,-2.027786,0.350281
27279.641213,0.638535,-2.026764,0.569641
27279.651669,0.748978,-2.024582,0.519150
27279.661423,0.831802,-2.022522,0.423492
27279.671866,0.947708,-2.018753,0.167709
27279.682019,0.947189,-2.017349,-0.024734
27279.692888,0.790543,-2.020584,0.066528
27279.702231,0.588730,-2.024261,0.116272
27279.712005,0.397598,-2.025452,-0.146271
27279.722435,0.125427,-2.029343,-0.224838
27279.732324,-0.067337,-1.891846,-0.214417
27279.742618,-0.089737,-1.738083,-0.283096
27279.752382,0.066895,-1.544174,-0.288803
27279.762580,0.044601,-1.299011,-0.252197
27279.772408,0.000992,-1.026596,0.077682
27279.783503,-0.000870,-0.768188,0.381607
27279.792782,-0.052399,-0.398483,0.534897
27279.803540,-0.131393,0.044952,0.703674
27279.813235,-0.223221,0.462723,0.834427
27279.823438,-0.220596,0.778519,0.892441
27279.833568,-0.112167,0.943954,0.876846
27279.843270,0.085373,0.887222,0.807083
27279.853682,0.176849,0.773453,0.713425
27279.863678,0.143539,0.540146,0.558701
27279.873769,0.138641,0.198334,0.394440
27279.884029,0.110733,-0.071228,0.198090
27279.895117,0.081711,-0.225998,0.017761
27279.904317,0.054794,-0.276047,-0.110764
27279.914476,0.013580,-0.201065,-0.158081
27279.924460,-0.051331,-0.092529,-0.099640
27279.934219,-0.156677,-0.007034,0.035370
27279.944696,-0.207230,0.057480,0.177368
27279.954446,-0.231003,0.067001,0.312881
27279.964906,-0.356171,0.103699,0.299652
27279.975040,-0.352402,0.136246,0.059631
27279.985908,-0.045319,0.041183,-1.027039
27279.995474,0.509415,-0.216400,-1.016891
27280.005164,0.880341,-0.502914,-1.529175
27280.015519,1.217712,-0.964096,-1.813126
27280.025481,1.172348,-1.607651,-2.006302
27280.035789,1.200989,-2.002197,-1.528061
27280.045556,1.430908,-2.000992,-1.178406
27280.055962,-0.118103,-2.026199,-1.198792
27280.065731,-0.124191,-2.019226,-1.081833
27280.076852,0.491104,-1.089615,-1.050125
27280.086325,0.518417,-0.131210,-1.256729
27280.096455,0.408463,-0.419983,-1.456619
27280.106672,0.862335,-0.688461,-1.403748
27280.116508,0.825043,-0.953323,-1.455399
27280.126881,0.580109,-1.298645,-1.542847
27280.136640,0.380676,-1.775391,-1.577988
27280.147062,-0.296783,-1.853668,-0.120483
27280.156950,-0.502106,-1.093399,1.443283
27280.167033,0.601501,-0.433136,0.773453
27280.176864,0.180206,-0.343201,0.137543
27280.187306,0.741501,-0.677658,-0.712479
27280.196934,0.530396,-1.086105,-0.359818
27280.206877,0.147812,-1.288330,0.549454
27280.217006,-0.093109,-1.528336,0.440384
27280.227040,-0.326797,-1.719406,0.155914
27280.237085,-0.592377,-1.920624,-0.163864
27280.247147,-0.733368,-2.043182,-0.254974
27280.258402,-0.910080,-2.045975,-0.269241
27280.268310,-0.798309,-2.044128,-0.270096
27280.278698,-0.543869,-2.039520,-0.330765
27280.287679,-0.260971,-1.923264,-0.416550
27280.298688,-0.027420,-1.511810,-0.452271
27280.309334,0.031097,-1.138412,-0.556854
27280.319056,0.281494,-0.906845,-0.761169
27280.329525,0.625443,-0.785950,-0.666199
27280.339311,0.818802,-0.618271,-0.392441
27280.349758,0.840500,-0.481110,-0.125946
27280.359876,0.747803,-0.359543,-0.154343
27280.371151,0.576935,-0.265961,0.354477
27280.380060,0.272079,-0.220505,0.912369
27280.390064,0.030441,-0.123810,0.295731
27280.400243,-0.173294,0.024185,-0.206955
27280.410094,-0.358841,0.077530,-0.733276
27280.420553,-0.348846,0.024811,-0.550583
27280.430313,-0.375595,-0.098999,-0.210953
27280.440818,-0.196518,-0.277740,0.100739
27280.450897,0.139847,-0.345490,0.494965
27280.461731,0.357742,-0.251053,0.673813
27280.471104,0.535416,-0.206543,0.540314
27280.480855,0.551437,-0.237030,0.275665
27280.491304,0.308487,-0.165909,0.032043
27280.501272,0.162811,-0.080994,-0.111450
27280.511598,0.138931,-0.009720,-0.152481
27280.521345,0.098953,0.062286,-0.066833
27280.531783,0.199249,0.003967,-0.129501
27280.541933,0.273712,-0.292450,-0.492615
27280.552777,-0.181366,-0.623856,-0.921341
27280.562278,-0.866150,-1.004623,-1.344559
27280.572446,-1.675354,-1.786072,0.019211
27280.582483,-0.752670,-2.060104,2.013748
27280.592614,0.441666,-2.032578,0.926102
27280.602883,0.987793,-1.481689,-0.945023
27280.612602,-0.373230,-1.166916,-2.036926
27280.623104,-1.033691,-1.667511,-1.200745
27280.633223,-1.142746,-2.054596,0.389099
27280.643956,-0.131836,-2.035706,0.067917
27280.653422,0.111832,-2.025543,-0.774750
27280.663739,-0.712173,-2.038361,-0.867737
27280.673757,-0.800232,-2.040710,-0.742416
27280.683800,-0.887619,-1.826462,-0.690201
27280.693864,-0.841141,-1.310196,-0.298721
27280.703600,-0.652313,-0.954697,0.030716
27280.714059,-0.252792,-0.921539,0.322067
27280.724107,0.135635,-1.218033,0.264542
27280.735512,0.422852,-1.826767,0.117355
27280.743846,0.616013,-2.024353,0.190201
27280.754586,0.794037,-2.023056,0.412857
27280.764047,0.967102,-2.020767,0.486572
27280.774226,1.128387,-2.017593,0.413239
27280.784206,1.148682,-2.016739,0.343170
27280.795672,0.883423,-2.021042,0.337158
27280.804216,0.474350,-2.027100,0.249054
27280.814543,0.057892,-2.032455,0.050674
27280.824975,-0.055145,-2.031616,-0.316544
27280.835031,0.029160,-2.028641,-0.534225
27280.845720,-0.097046,-2.030640,-0.544556
27280.855193,-0.117874,-1.888229,-0.683670
27280.865323,0.012909,-1.574860,-0.548828
27280.875376,0.017471,-1.077927,-0.186951
27280.885498,0.002731,-0.670425,-0.104324
27280.895625,0.035477,-0.234894,0.046661
27280.905367,-0.039536,0.223297,0.240295
27280.915789,-0.139099,0.524078,0.359863
27280.925956,-0.235825,0.640457,0.493118
27280.936445,-0.243164,0.650177,0.637848
27280.946252,-0.156525,0.637848,0.756546
27280.956887,-0.025299,0.631439,0.977310
27280.966462,-0.071945,0.517685,0.976273
27280.976849,-0.156021,0.300400,0.956543
27280.986833,-0.083160,0.115967,0.723526
27280.996609,-0.011063,-0.039444,0.456772
27281.007072,0.023575,-0.128113,0.053497
27281.017244,0.027191,-0.210190,-0.098297
27281.027623,-0.019592,-0.231934,-0.210342
27281.037542,-0.059860,-0.169632,-0.281479
27281.048409,-0.206009,-0.075851,-0.287079
27281.057775,-0.278687,-0.038437,-0.144547
27281.068216,-0.291260,-0.035461,0.099274
27281.078198,-0.280151,-0.037735,0.298920
27281.087947,-0.350220,-0.021347,0.342255
27281.098411,-0.277359,0.067566,0.132401
27281.108369,0.067566,0.056107,-0.375000
27281.118597,0.674393,-0.142395,-1.004745
27281.128752,1.062195,-0.489120,-1.514801
27281.139863,1.634262,-1.075012,-1.709152
27281.149147,1.489685,-1.791763,-1.330826
27281.159047,1.274155,-1.998550,-1.863022
27281.169152,1.436691,-1.995728,-1.882767
27281.180303,0.211014,-2.017578,-1.642029
27281.190750,0.572067,-1.496765,-1.303131
27281.200501,0.640152,-0.755417,-1.010178
27281.211689,0.355499,-0.425964,-1.029984
27281.221130,0.322983,-0.564758,-1.368134
27281.231416,0.700607,-0.952835,-1.529190
27281.241301,0.749985,-1.520386,-1.603424
27281.251573,0.827942,-2.004730,-2.015320
27281.261299,0.405243,-2.011597,-2.023315
27281.271132,-1.454941,-1.536179,-0.316589
27281.281275,-0.828827,0.063812,1.850372
27281.291459,0.179092,0.520035,0.947281
27281.301418,0.693146,-0.127609,-0.277100
27281.311867,0.634308,-0.823441,-1.074875
27281.323202,0.301758,-1.224899,0.489929
27281.332226,0.081497,-1.681381,0.614136
27281.341983,-0.179810,-2.037262,0.176163
27281.352388,-0.320267,-2.035263,-0.413849
27281.362147,-0.613266,-2.039169,-0.534500
27281.372650,-1.123611,-2.049286,-0.294113
27281.382428,-0.817871,-2.043961,-0.337921
27281.392883,-0.363449,-1.993484,-0.527725
27281.403039,-0.190353,-1.702988,-0.561783
27281.413750,-0.103455,-1.428543,-0.492294
27281.423407,0.003754,-1.219315,-0.397751
27281.433253,0.039368,-1.108322,-0.454468
27281.443536,0.404877,-1.102112,-0.617203
27281.453381,0.905869,-0.937164,-0.640259
27281.463823,1.056000,-0.675476,-0.444611
27281.473530,0.964844,-0.491409,-0.067047
27281.483984,0.709335,-0.340118,0.492828
27281.494113,0.345398,-0.288528,0.890839
27281.505129,0.046585,-0.210419,0.382248
27281.514473,-0.208542,-0.024689,0.029419
27281.524318,-0.401428,0.112701,-0.354034
27281.534694,-0.365234,0.153030,-0.367188
27281.544664,-0.190872,0.094681,-0.129807
27281.554983,0.063110,-0.048828,0.007721
27281.564746,0.320557,-0.162704,0.165253
27281.575180,0.429260,-0.246857,0.394394
27281.585343,0.501968,-0.297684,0.460190
27281.596169,0.597992,-0.297592,0.391571
27281.605658,0.498138,-0.299469,0.292435
27281.615762,0.167740,-0.221130,0.223785
27281.626064,-0.006866,-0.080414,0.105576
27281.636123,-0.079269,0.076721,0.001251
27281.646196,-0.030106,0.113174,-0.129715
27281.655962,0.061554,-0.131226,-0.518250
27281.666397,-0.059753,-0.772842,-1.012497
27281.676503,-0.820938,-1.499832,-1.561646
27281.687041,-1.594788,-1.821503,0.031601
27281.696851,-0.746872,-2.055420,1.386795
27281.707261,0.770660,-2.023468,0.416382
27281.717042,0.699677,-0.967102,-0.125290
27281.727143,-0.710617,-0.682755,-0.827240
27281.737224,-0.875534,-1.552505,-1.259140
27281.747036,-1.121689,-1.936859,-0.212570
27281.757359,-0.144470,-1.975967,0.277100
27281.767231,0.014084,-2.029770,-0.415466
27281.777222,-0.839600,-2.041641,-0.703461
27281.787807,-0.861160,-1.970901,-0.936935
27281.798183,-0.747971,-1.740433,-0.487045
27281.808249,-0.867386,-1.551071,-0.489044
27281.817892,-0.878021,-1.146255,-0.032303
27281.828252,-0.766464,-0.903152,0.180435
27281.838094,-0.275482,-1.013275,0.076447
27281.848529,0.242752,-1.365479,-0.068954
27281.858391,0.506927,-1.933212,0.087067
27281.868783,0.580963,-2.026672,0.429657
27281.878879,0.523071,-2.028534,0.553589
27281.889868,0.704102,-2.024826,0.454803
27281.898839,0.706650,-2.023285,0.248489
27281.908904,0.840485,-2.020691,0.192474
27281.919156,0.744690,-2.022583,0.237305
27281.929149,0.420395,-2.027695,0.211319
27281.939548,0.357407,-2.026321,-0.118256
27281.949217,0.187912,-2.028732,-0.168106
27281.959657,0.151993,-2.028137,-0.328522
27281.969419,0.163437,-1.890533,-0.417404
27281.980556,0.029343,-1.663239,-0.491089
27281.990025,0.022293,-1.419388,-0.509766
27282.000300,-0.042725,-1.114014,-0.264526
27282.010443,-0.129395,-0.765625,0.014053
27282.020546,-0.186203,-0.441299,0.263443
27282.030069,-0.178268,0.011047,0.492386
27282.040107,-0.151611,0.466415,0.626434
27282.050504,-0.129974,0.765701,0.681824
27282.060269,-0.055984,0.834885,0.737869
27282.071032,0.048035,0.733795,0.833969
27282.080859,0.084061,0.662430,0.915894
27282.091962,0.029541,0.565659,0.879028
27282.101151,-0.027191,0.365662,0.725891
27282.111286,0.012589,0.062790,0.485123
27282.121334,0.054520,-0.172348,0.210800
27282.131095,0.055038,-0.278427,-0.057205
27282.141491,0.012329,-0.275024,-0.212769
27282.151249,-0.068588,-0.183029,-0.231033
27282.161702,-0.203644,-0.095245,-0.203720
27282.171864,-0.302505,-0.029770,-0.162842
27282.182911,-0.335312,0.018600,-0.079071
27282.192208,-0.328949,0.014359,0.107559
27282.202106,-0.382523,0.048950,0.273270
27282.212381,-0.420853,0.193436,0.217178
27282.222241,-0.201874,0.305084,-0.056320
27282.232644,0.193405,0.058044,-0.492676
27282.242385,0.517075,-0.211609,-0.839142
27282.252811,0.943314,-0.534546,-1.263107
27282.262721,1.240341,-0.970703,-1.131058
27282.273325,1.121735,-1.811234,-1.795197
27282.282556,0.824066,-2.004791,-2.015381
27282.291034,0.313904,-2.013077,-2.025040
27282.302627,-0.159286,-2.020767,-2.033997
27282.313208,0.344666,-1.496994,-1.779709
27282.323472,0.531448,-0.790695,-1.174988
27282.333098,0.195724,-0.516403,-0.944839
27282.343518,0.149292,-0.610306,-1.083755
27282.353653,0.532990,-0.725739,-1.243332
27282.363920,0.721481,-0.844086,-1.176437
27282.373727,0.618912,-1.102295,-1.200546
27282.384755,0.591843,-1.431839,-1.193527
27282.394122,0.379868,-1.786011,-1.213882
27282.404536,-0.725800,-1.648117,-0.994507
27282.414519,-1.098404,-0.712906,0.797501
27282.424276,0.506104,-0.153137,1.304810
27282.434692,0.511993,-0.315659,0.634995
27282.444682,1.126877,-0.859543,-0.591339
27282.454888,0.736313,-1.160080,-0.353043
27282.465039,0.225388,-1.581619,0.578308
27282.476214,-0.165558,-1.942963,0.323364
27282.485394,-0.385666,-2.039368,0.001602
27282.495470,-0.722977,-2.042633,-0.308350
27282.505590,-1.021759,-2.047745,-0.276306
27282.515423,-1.037598,-2.048752,-0.176392
27282.525852,-0.710403,-2.043030,-0.224762
27282.535701,-0.397995,-2.037079,-0.336945
27282.546123,-0.103958,-1.857330,-0.405563
27282.555821,0.009933,-1.427246,-0.548691
27282.566967,0.170044,-1.099884,-0.634537
27282.576367,0.604004,-0.878235,-0.697495
27282.586145,0.933029,-0.672714,-0.552094
27282.596561,1.038864,-0.525223,-0.154007
27282.606566,0.871765,-0.367523,-0.138123
27282.616862,0.644577,-0.229752,0.301239
27282.626624,0.300293,-0.163651,0.790909
27282.637048,-0.065460,-0.093597,0.420975
27282.647205,-0.257156,0.029678,0.070251
27282.658044,-0.342987,0.114304,-0.441223
27282.667506,-0.250839,0.148071,-0.517822
27282.677619,-0.184341,0.071793,-0.237869
27282.687833,-0.078278,-0.125763,0.047607
27282.697942,0.182892,-0.220306,0.416565
27282.707961,0.365036,-0.219254,0.542053
27282.717728,0.494141,-0.279678,0.421371
27282.728148,0.409561,-0.348816,0.199417
27282.738302,0.224197,-0.240494,0.015488
27282.748790,0.161774,-0.120285,-0.028168
27282.758252,0.160721,-0.060211,0.024429
27282.768529,0.094727,-0.039398,0.144272
27282.778199,0.134949,-0.128479,0.082397
27282.788701,0.363281,-0.462601,-0.471283
27282.798608,0.033066,-1.015732,-1.336517
27282.808841,-0.559326,-1.415298,-1.963364
27282.819008,-1.696564,-1.321121,-0.043045
27282.828853,-1.206818,-1.592728,2.005768
27282.839195,1.406631,-2.014023,0.547470
27282.849440,1.159378,-1.282455,-0.969299
27282.860078,-0.483276,-1.179306,-1.403046
27282.869724,-0.722977,-2.034561,-1.408691
27282.879871,-1.041641,-2.051804,0.231293
27282.889893,-0.369415,-2.032944,-0.840408
27282.899717,-0.665115,-2.037918,-0.822189
27282.910111,-1.265976,-2.046722,-0.963562
27282.919918,-1.194778,-1.933990,-0.905502
27282.930451,-1.178680,-1.842987,-0.437775
27282.940209,-1.087082,-1.564011,-0.027878
27282.951339,-0.497787,-0.974228,0.064377
27282.960719,-0.154694,-1.049774,0.051910
27282.970501,0.168518,-1.268173,0.009094
27282.980976,0.340668,-1.590973,-0.052521
27282.990907,0.351898,-1.907547,0.027618
27283.001187,0.276810,-2.030457,0.267136
27283.010991,0.370270,-2.029984,0.411789
27283.021424,0.605804,-2.025940,0.385483
27283.031179,0.796997,-2.022400,0.329575
27283.042142,0.930954,-2.019165,0.187256
27283.051713,0.930115,-2.018524,0.097916
27283.062188,0.502518,-2.027222,0.327972
27283.071896,0.241974,-2.030365,0.176193
27283.082033,0.023865,-2.032440,-0.027328
27283.093635,0.096634,-2.029037,-0.330551
27283.103378,0.114227,-1.988922,-0.492889
27283.113724,-0.028778,-1.690430,-0.562668
27283.123854,-0.070770,-1.446167,-0.582016
27283.134892,-0.141083,-1.134277,-0.288223
27283.144269,-0.202484,-0.785324,-0.167908
27283.154130,-0.177399,-0.518631,0.013474
27283.164403,-0.175735,-0.104263,0.277985
27283.174261,-0.231995,0.296661,0.484802
27283.184683,-0.279587,0.538864,0.599319
27283.194530,-0.227768,0.558838,0.695572
27283.205034,-0.014572,0.527206,0.753128
27283.215146,0.080200,0.539246,0.811508
27283.225999,-0.049393,0.448303,0.891266
27283.235372,-0.062424,0.320831,0.811478
27283.245147,-0.049530,0.196655,0.607178
27283.255564,0.053696,-0.013031,0.379654
27283.265472,0.093277,-0.145279,0.118301
27283.275306,0.127106,-0.171997,-0.084457
27283.285506,0.170120,-0.153381,-0.226486
27283.296156,0.132965,-0.107086,-0.267822
27283.305999,-0.021286,-0.059708,-0.184372
27283.316731,-0.147446,0.012497,-0.041794
27283.326119,-0.211197,0.066742,0.123749
27283.336805,-0.201370,0.067764,0.274734
27283.346369,-0.256104,0.105316,0.303513
27283.356683,-0.250519,0.139786,0.076447
27283.366612,0.053726,0.058701,-0.350449
27283.376351,0.373993,-0.167221,-0.721741
27283.386825,0.694107,-0.487518,-1.203262
27283.396935,1.178055,-1.073914,-1.660233
27283.407405,0.900055,-1.810394,-1.460068
27283.417173,1.072556,-2.000931,-1.988861
27283.428085,1.807449,-1.988831,-1.996780
27283.437481,0.369629,-2.014862,-1.656876
27283.447629,0.319397,-2.003159,-1.337357
27283.457557,0.503922,-1.175751,-1.169052
27283.467390,0.506516,-0.512421,-0.930038
27283.477838,0.161423,-0.180527,-1.006561
27283.487598,0.085815,-0.231796,-1.210464
27283.498067,0.568863,-0.642075,-1.219727
27283.508165,0.716583,-1.079163,-1.432831
27283.519168,0.679855,-1.319839,-1.402069
27283.528534,0.370911,-1.602905,-1.605728
27283.538473,0.007919,-1.987900,-1.816483
27283.548730,-1.205795,-1.387421,0.363968
27283.558637,-0.236481,-0.278610,2.025833
27283.569026,0.739639,0.129654,1.236160
27283.578785,1.108551,-0.248367,-0.182098
27283.589214,1.139114,-0.662598,-1.339951
27283.599368,0.389038,-0.945023,-0.179749
27283.610291,-0.291229,-1.504745,0.564667
27283.619666,-0.637909,-2.046677,0.436356
27283.629574,-0.822205,-2.046021,-0.065186
27283.639923,-1.223373,-2.050140,-0.400177
27283.649868,-1.516510,-2.055862,-0.274765
27283.660246,-1.071259,-2.048508,-0.283203
27283.669947,-0.524673,-2.038803,-0.387955
27283.680368,-0.056000,-1.734192,-0.334045
27283.690456,0.202164,-1.362747,-0.401108
27283.701366,0.217880,-1.054550,-1.037384
27283.710756,0.482635,-0.958069,-1.032257
27283.721023,0.761505,-0.882080,-0.634995
27283.731037,0.642822,-0.701630,-0.636993
27283.741114,0.622116,-0.616577,0.288406
27283.751333,0.743683,-0.628296,0.809616
27283.761189,0.573868,-0.533951,0.674561
27283.771055,0.436859,-0.430084,0.258362
27283.781091,0.197754,-0.270309,-0.031662
27283.791648,-0.179840,-0.074722,-0.518753
27283.801686,-0.400208,0.089035,-0.503860
27283.812583,-0.322830,0.219879,-0.196640
27283.821951,-0.328918,0.035629,-0.088852
27283.832093,0.088181,-0.096298,0.321655
27283.842132,0.273666,-0.172928,0.643570
27283.851867,0.437393,-0.212540,0.598984
27283.862304,0.501389,-0.333572,0.350983
27283.872052,0.286591,-0.400513,0.214890
27283.882574,0.130692,-0.306320,0.133667
27283.892630,0.206055,-0.177551,0.041992
27283.903652,0.320389,-0.081863,-0.048935
27283.912991,0.363449,-0.004684,-0.067886
27283.922872,0.533875,-0.092438,-0.290985
27283.933232,0.494171,-0.385986,-0.763428
27283.943129,-0.142578,-0.751556,-1.666885
27283.953530,-1.374954,-1.090271,-1.072495
27283.963263,-2.029266,-1.688705,1.765839
27283.973430,-0.247375,-2.051895,2.023300
27283.985058,0.507599,-2.021255,-0.474579
27283.995971,-0.211807,-1.194550,-1.150864
27284.005231,-0.528839,-1.550034,-2.040359
27284.014380,-0.825027,-1.940292,-0.566147
27284.025945,-0.775208,-2.050797,0.692719
27284.035694,-0.365906,-2.035980,-0.416687
27284.046143,-0.861069,-2.040329,-0.931076
27284.055828,-1.230789,-2.047180,-0.822006
27284.066610,-1.233231,-2.049240,-0.546234
27284.076434,-1.132416,-1.599472,-0.289719
27284.087273,-0.868378,-1.014450,-0.145065
27284.096720,-0.531326,-0.924698,0.130264
27284.107014,0.108551,-1.088837,0.288986
27284.117005,0.639267,-1.410507,0.064468
27284.126754,0.826279,-1.959274,-0.104340
27284.137184,0.762619,-2.021469,0.123535
27284.147222,0.651062,-2.024872,0.341690
27284.157421,0.676163,-2.025131,0.433441
27284.167168,0.708176,-2.024658,0.439011
27284.178102,0.683289,-2.024261,0.330383
27284.187677,0.612823,-2.024567,0.211975
27284.197756,0.242661,-2.032257,0.434158
27284.207905,0.293365,-2.029602,0.186096
27284.218035,0.104446,-2.030609,-0.098236
27284.228097,0.021271,-2.029999,-0.368683
27284.237853,-0.033005,-2.031372,-0.302246
27284.248289,-0.022141,-2.027985,-0.468735
27284.258092,0.005951,-1.718903,-0.523361
27284.268720,-0.036316,-1.219315,-0.216919
27284.278107,0.003387,-0.708038,0.160522
27284.288687,-0.158325,-0.359283,0.222412
27284.298145,-0.170654,0.079178,0.410278
27284.308682,-0.254578,0.456146,0.444885
27284.318818,-0.226959,0.695908,0.521149
27284.328596,-0.077332,0.768188,0.593506
27284.339019,0.114578,0.775894,0.645767
27284.349067,-0.100220,0.641663,0.767532
27284.359557,-0.151184,0.432739,0.761353
27284.369358,-0.099716,0.230194,0.651917
27284.380189,-0.046631,0.022232,0.476044
27284.389676,0.006836,-0.117950,0.254623
27284.399953,0.096451,-0.227615,0.001190
27284.409962,0.084991,-0.296982,-0.162811
27284.419710,-0.028122,-0.264740,-0.217484
27284.430146,-0.200058,-0.187881,-0.135315
27284.440013,-0.260803,-0.092926,0.029312
27284.450348,-0.181625,-0.005493,0.174805
27284.460533,-0.065262,0.032349,0.273300
27284.471677,0.077728,0.054306,0.303818
27284.480839,0.096024,0.154373,0.210037
27284.490857,0.145935,0.218216,-0.003235
27284.501051,0.294052,0.146866,-0.351761
27284.510816,0.472260,-0.137665,-0.750595
27284.521258,0.719925,-0.467453,-1.045990
27284.531026,1.087250,-1.037186,-1.465439
27284.541562,1.132904,-1.735229,-1.592499
27284.551659,0.998611,-2.005051,-1.590424
27284.562486,0.770203,-2.007629,-1.747528
27284.571889,-0.109177,-2.021912,-1.764175
27284.581797,-0.047287,-2.021667,-1.660812
27284.592185,0.364014,-1.623749,-1.481857
27284.602077,0.056686,-1.250107,-1.220261
27284.612510,0.023941,-0.884811,-1.505173
27284.622238,0.032303,-0.599228,-1.504654
27284.632663,0.398285,-0.533203,-1.580994
27284.642848,0.450104,-0.723816,-1.692383
27284.653807,0.079712,-1.090118,-1.494476
27284.663178,0.066483,-1.512939,-1.306747
27284.673052,-0.278992,-1.605453,-0.815338
27284.683419,-1.119690,-0.957413,1.387115
27284.693405,0.293716,-0.357224,2.035751
27284.703674,1.013443,-0.294342,1.148514
27284.713476,1.541611,-0.681961,-0.365967
27284.723859,1.281403,-0.909256,-1.580673
27284.734081,0.627533,-1.288284,-0.548737
27284.744979,-0.299637,-1.579239,0.298508
27284.754401,-0.810043,-1.740875,0.382889
27284.764232,-1.106262,-2.053131,0.268738
27284.773941,-1.446075,-2.056732,0.002365
27284.785280,-1.391861,-2.054840,-0.136475
27284.795114,-1.004242,-2.046875,-0.358322
27284.805265,-0.641556,-2.040268,-0.447693
27284.815710,-0.174667,-1.807434,-0.476288
27284.825465,0.029404,-1.359390,-0.569077
27284.836582,0.236023,-1.055588,-0.853500
27284.845997,0.644714,-0.906754,-0.910065
27284.856072,0.942215,-0.688522,-0.541031
27284.866173,1.052628,-0.543289,-0.365112
27284.876322,0.964081,-0.458740,-0.332947
27284.886448,0.776398,-0.404877,-0.125076
27284.896197,0.488037,-0.402283,0.502457
27284.906678,0.070267,-0.345596,0.624619
27284.916790,-0.161026,-0.171692,0.044006
27284.927254,-0.323044,-0.014572,-0.119553
27284.937085,-0.338821,0.119827,-0.374664
27284.947664,-0.159424,0.172867,-0.313644
27284.957168,0.014099,0.020142,-0.048630
27284.967456,0.151459,-0.164673,0.325760
27284.977596,0.219574,-0.246399,0.541229
27284.987352,0.254059,-0.179611,0.564789
27284.997856,0.306961,-0.149048,0.433899
27285.007903,0.181854,-0.090073,0.222244
27285.018371,0.044937,0.011520,0.112640
27285.028206,-0.027237,0.098785,0.083603
27285.039085,-0.006348,0.143921,0.058273
27285.048531,0.085541,0.110992,0.021240
27285.058621,0.368073,-0.062729,-0.252426
27285.068688,0.513535,-0.538879,-0.684860
27285.078444,0.012680,-0.902145,-1.734619
27285.088877,-1.142288,-1.115982,-1.643600
27285.098807,-2.039673,-1.483597,1.619080
27285.109089,-0.402847,-2.054413,2.020355
27285.119237,0.896255,-2.017838,-0.072327
27285.129973,0.296936,-1.520874,-1.738983
27285.139556,0.103500,-1.398026,-2.028214
27285.149560,-1.370270,-1.640427,0.168045
27285.159500,-1.013153,-2.055161,0.756668
27285.169262,0.014282,-2.026764,-0.825226
27285.179916,-0.506119,-2.033813,-1.025558
27285.189731,-1.093826,-2.044998,-0.814453
27285.200090,-0.909714,-2.042862,-0.691910
27285.209865,-1.031891,-1.647766,-0.510132
27285.220920,-0.905991,-1.144455,-0.204498
27285.230394,-0.665359,-0.839630,-0.011032
27285.240511,-0.326385,-0.900955,0.186752
27285.250721,0.245926,-1.134216,0.161545
27285.260550,0.580978,-1.584930,-0.068802
27285.270420,0.698883,-2.021118,-0.066162
27285.280728,0.684433,-2.023575,0.238144
27285.290904,0.697205,-2.024429,0.383240
27285.300775,0.712494,-2.024323,0.403381
27285.311747,0.694092,-2.024597,0.399048
27285.321066,0.596176,-2.026047,0.379349
27285.332234,0.369019,-2.029602,0.357193
27285.341680,0.137680,-2.033401,0.357773
27285.351870,0.134109,-2.029831,-0.139343
27285.361922,-0.004623,-2.030792,-0.318573
27285.371609,0.066269,-2.029083,-0.391647
27285.381946,0.065735,-2.028839,-0.426376
27285.391702,0.236618,-1.895416,-0.532120
27285.402021,0.113998,-1.545883,-0.491333
27285.412292,0.023621,-1.126434,-0.314880
27285.423232,-0.070267,-0.812988,-0.154526
27285.432511,-0.033127,-0.548401,0.070724
27285.442439,-0.070694,-0.118134,0.240250
27285.452706,-0.202026,0.336853,0.342529
27285.462591,-0.301788,0.636124,0.395630
27285.473094,-0.270813,0.699570,0.460785
27285.482779,-0.009415,0.705200,0.548065
27285.493287,-0.182785,0.624130,0.809601
27285.503430,-0.205856,0.476028,0.953842
27285.514267,-0.202118,0.392654,0.707748
27285.523741,-0.158661,0.232788,0.708359
27285.533419,-0.094299,0.026886,0.412628
27285.543893,-0.011932,-0.047638,-0.049210
27285.553846,0.035919,-0.068588,-0.195190
27285.564113,0.005035,-0.084595,-0.244415
27285.573906,-0.091995,-0.075928,-0.155930
27285.584341,-0.163849,-0.018112,0.044159
27285.594479,-0.215515,0.063873,0.232788
27285.605212,-0.102539,0.128326,0.345139
27285.614700,-0.103668,0.087616,0.352005
27285.624909,-0.101974,0.145432,0.176514
27285.634888,0.080856,0.134232,-0.183151
27285.645108,0.294189,-0.095230,-0.718170
27285.655180,0.534332,-0.460526,-1.189392
27285.664923,0.894302,-0.972519,-1.520584
27285.675365,0.707306,-1.652802,-1.890167
27285.685581,1.073792,-2.000748,-2.010666
27285.696051,1.965836,-1.986252,-1.993790
27285.705846,0.778854,-2.009857,-1.424911
27285.716457,0.296112,-2.021027,-0.978638
27285.726038,0.121597,-1.142395,-0.895477
27285.736439,0.073196,-0.520966,-0.865799
27285.746412,0.246918,-0.354996,-1.216507
27285.756145,0.326904,-0.422073,-1.624847
27285.766085,0.416016,-0.969299,-1.809433
27285.776494,0.539673,-1.511612,-1.786972
27285.787465,0.389526,-1.891342,-1.831970
27285.795457,0.034058,-2.017624,-2.030334
27285.807798,-1.355957,-1.982468,-0.059311
27285.816910,-0.795624,-0.490875,2.014984
27285.827253,0.757294,0.039551,1.669968
27285.837467,1.399582,-0.388077,0.194260
27285.847194,1.307465,-0.690735,-1.181015
27285.857570,0.779068,-0.826859,-0.284332
27285.867358,0.113953,-1.290741,0.532898
27285.877843,-0.593109,-1.809586,0.373016
27285.887963,-0.896164,-2.049576,0.255859
27285.896160,-1.543304,-2.058350,0.005508
27285.908174,-1.589020,-2.057404,-0.226517
27285.917910,-1.067795,-2.046402,-0.562927
27285.928380,-0.418701,-2.033585,-0.862198
27285.938402,-0.088577,-1.590286,-0.701584
27285.948616,0.131653,-1.136490,-0.593643
27285.958381,0.207413,-0.835220,-0.827942
27285.968806,0.545425,-0.691299,-0.915634
27285.978951,1.023636,-0.633865,-0.649536
27285.989860,0.988113,-0.519775,-0.202591
27285.999296,0.708420,-0.494110,0.000519
27286.009390,0.323990,-0.530167,0.141006
27286.019607,0.019745,-0.541382,0.448761
27286.029718,-0.218964,-0.505005,0.902710
27286.039830,-0.236557,-0.311234,0.524612
27286.049555,-0.121857,-0.027283,-0.232849
27286.059982,-0.187546,0.097855,-0.555405
27286.070132,-0.139175,0.110413,-0.672531
27286.083726,-0.058701,0.014420,-0.783249
27286.100228,0.102966,-0.380066,0.260056
27286.111548,0.231003,-0.518585,0.380356
27286.120203,0.298859,-0.515640,0.399521
27286.130042,0.365387,-0.294571,0.272064
27286.140177,0.237732,-0.008102,0.116241
27286.150101,0.190109,0.152069,0.058990
27286.160155,0.159866,0.211227,0.034714
27286.170194,0.121841,0.248611,0.124329
27286.180248,0.138321,0.235016,0.257553
27286.191247,0.143143,-0.058395,0.276123
27286.200333,0.007507,-0.304977,-0.597855
27286.210398,-0.583405,-0.466629,-2.039978
27286.220430,-1.585190,-1.240829,-0.881210
27286.230383,-2.056305,-2.079285,1.719193
27286.240489,0.356903,-2.040985,1.884918
27286.250553,1.269638,-2.006439,-0.792526
27286.260833,1.422668,-1.539795,-1.915176
27286.270648,-0.366394,-1.152954,-0.815399
27286.280762,-2.015854,-1.498383,-0.368805
27286.291172,-1.349472,-1.629700,0.237915
27286.302020,-0.157104,-1.556274,0.051193
27286.311673,-0.193451,-2.030609,-0.764664
27286.321409,-0.464310,-2.033707,-0.947372
27286.331892,-0.563354,-2.036423,-0.798462
27286.341624,-0.458191,-1.589478,-0.824646
27286.352058,-0.622833,-1.252258,-0.550522
27286.361817,-0.671799,-1.077438,-0.306137
27286.372230,-0.654053,-1.009842,-0.022934
27286.382401,-0.660217,-1.024124,0.292419
27286.393432,-0.239456,-1.231552,0.323914
27286.402748,0.131210,-1.625290,0.240112
27286.412649,0.385056,-1.987488,0.325790
27286.422994,0.635376,-2.025803,0.431686
27286.432770,0.880157,-2.021286,0.364883
27286.443228,0.983765,-2.018692,0.239822
27286.452980,0.929825,-2.019287,0.200134
27286.463498,0.737930,-2.022095,0.156799
27286.473600,0.498871,-2.027145,0.310028
27286.484472,0.227768,-2.032104,0.382294
27286.493481,0.213974,-2.028427,-0.152710
27286.503751,0.004196,-2.030594,-0.323380
27286.514027,-0.002563,-2.029541,-0.485229
27286.524004,-0.129501,-2.031982,-0.435043
27286.534362,-0.001770,-1.926422,-0.489044
27286.544340,-0.047165,-1.699066,-0.504486
27286.554532,-0.043304,-1.261520,-0.289551
27286.564687,-0.026550,-0.942993,-0.032822
27286.575517,0.100906,-0.506973,0.397766
27286.584994,0.060501,-0.004150,0.397659
27286.595140,0.002930,0.365326,0.566711
27286.605184,-0.014877,0.512955,0.667786
27286.615390,-0.010971,0.530594,0.703598
27286.625392,0.063339,0.525269,0.649429
27286.635246,-0.069214,0.439728,0.666656
27286.645674,-0.184708,0.361069,0.727875
27286.655832,-0.217651,0.346512,0.611145
27286.666340,-0.133148,0.290451,0.332870
27286.676137,-0.062500,0.136261,0.027420
27286.686744,0.023041,-0.032272,-0.176544
27286.696343,0.024399,-0.039246,-0.302521
27286.706680,0.022736,0.040665,-0.395737
27286.716673,-0.042877,0.130783,-0.399811
27286.726386,-0.144669,0.190781,-0.289551
27286.736811,-0.210800,0.218353,-0.144897
27286.746767,-0.239731,0.203217,-0.035339
27286.757297,-0.277161,0.201324,0.002609
27286.766924,-0.366455,0.281693,-0.073364
27286.777386,-0.329681,0.292297,-0.358398
27286.787427,-0.233170,-0.011566,-0.870911
27286.796942,0.099136,-0.461243,-1.115265
27286.807432,0.674255,-1.089920,-1.410828
27286.817452,1.199219,-1.815582,-1.703476
27286.827831,1.069916,-2.000809,-2.010742
27286.837318,0.741501,-2.008423,-1.704407
27286.849241,0.468460,-2.014008,-1.553802
27286.859016,0.454727,-2.013138,-1.700928
27286.869868,0.755508,-1.301346,-1.592117
27286.879294,0.556168,-0.699112,-1.176376
27286.889575,0.381012,-0.421494,-1.040421
27286.899579,0.443130,-0.659973,-1.225098
27286.909319,0.701904,-1.244690,-1.059265
27286.919763,0.744339,-1.709366,-0.983658
27286.929713,0.635406,-2.008835,-1.209351
27286.937724,0.334641,-2.015991,-1.580170
27286.950022,-0.366409,-1.671310,-1.355835
27286.960653,-0.889145,-0.458191,0.587479
27286.970237,0.680191,0.207001,1.097244
27286.980143,0.504791,0.075394,0.542084
27286.990485,0.735001,-0.456238,-0.106094
27287.000316,0.423203,-0.873550,-0.119476
27287.010754,-0.084900,-1.154282,0.401337
27287.020469,-0.469284,-1.685974,0.280273
27287.031043,-0.601852,-2.043716,0.113602
27287.040578,-1.061371,-2.048828,-0.217529
27287.052018,-1.501328,-2.054672,-0.402466
27287.060962,-1.243683,-2.050995,-0.330124
27287.071120,-0.668579,-2.040604,-0.462112
27287.081528,-0.094879,-1.905212,-0.614807
27287.091461,0.205338,-1.458008,-0.784164
27287.101869,0.259628,-1.161575,-0.942474
27287.111619,0.323685,-1.067123,-0.975876
27287.122058,0.495117,-0.917145,-0.772018
27287.132205,0.620071,-0.632736,-0.217636
27287.143151,0.668396,-0.454865,0.100006
27287.152536,0.728012,-0.402390,0.105164
27287.162676,0.607422,-0.364365,0.193222
27287.172924,0.236954,-0.332016,0.766708
27287.182710,-0.099991,-0.284882,0.616516
27287.193124,-0.258774,-0.096176,-0.064865
27287.202874,-0.300400,0.026703,-0.295670
27287.213383,-0.330795,0.098236,-0.520401
27287.223423,-0.174942,0.071930,-0.369644
27287.234230,-0.072601,-0.074265,-0.069244
27287.243822,0.172867,-0.232788,0.336990
27287.254260,0.356293,-0.267395,0.599365
27287.263767,0.480804,-0.205170,0.637512
27287.273539,0.511505,-0.179184,0.406952
27287.284131,0.313248,-0.148895,0.157166
27287.294198,0.191696,-0.113068,0.003159
27287.304209,0.184204,-0.053726,-0.132828
27287.313987,0.227066,-0.011398,-0.132950
27287.324327,0.175278,-0.022736,-0.053589
27287.334544,0.101868,-0.124954,-0.065048
27287.345840,0.101059,-0.384811,-0.311432
27287.354710,-0.155884,-0.593628,-0.794830
27287.364583,-0.599960,-0.818512,-1.666687
27287.374931,-1.428925,-1.449585,-1.390503
27287.384752,-1.627228,-2.074295,1.997192
27287.395195,-0.350388,-2.053574,2.021347
27287.404951,0.997528,-2.007446,-1.265991
27287.415464,0.861588,-1.605743,-2.014160
27287.425546,-1.126938,-0.778625,-1.387878
27287.436421,-2.029297,-1.438263,0.864273
27287.445835,-1.044891,-1.522598,0.504745
27287.455590,0.354202,-1.702515,-0.763824
27287.466018,-0.100922,-2.028976,-0.779770
27287.475968,-0.644623,-2.038101,-0.749390
27287.486268,-0.616547,-1.873398,-0.711929
27287.496038,-0.488388,-1.287933,-0.655182
27287.506502,-0.539413,-0.955322,-0.306442
27287.516610,-0.441193,-0.844391,-0.078232
27287.527452,-0.129684,-0.843658,0.111176
27287.536931,0.172607,-1.035202,0.010483
27287.547088,0.235153,-1.557495,0.146912
27287.557073,0.153168,-2.034348,0.520782
27287.566948,0.030640,-2.036957,0.602798
27287.577348,0.191650,-2.033371,0.473892
27287.587074,0.542999,-2.026169,0.277130
27287.597573,0.816452,-2.020340,0.091797
27287.607503,0.924347,-2.018005,0.014511
27287.618092,0.579681,-2.024582,0.140915
27287.627890,0.388916,-2.027283,0.083710
27287.638815,0.239258,-2.027405,-0.233597
27287.648217,0.077057,-2.029434,-0.320023
27287.658507,0.085175,-1.950668,-0.501328
27287.668497,-0.111572,-1.650345,-0.536407
27287.678236,-0.116180,-1.430161,-0.566971
27287.688657,-0.263123,-1.065567,-0.333130
27287.698748,-0.290497,-0.747864,-0.202240
27287.708855,-0.277054,-0.306305,0.030716
27287.719015,-0.214432,0.218491,0.234009
27287.730152,-0.280258,0.634033,0.458527
27287.739354,-0.286591,0.896103,0.657181
27287.749349,-0.207550,0.951660,0.827438
27287.759242,-0.054474,0.857910,0.982010
27287.769073,0.095886,0.759903,1.030380
27287.779180,0.070938,0.651169,0.933517
27287.789350,0.011810,0.442093,0.795197
27287.799980,0.013535,0.171295,0.556732
27287.809929,0.090088,-0.115814,0.281982
27287.820861,0.131180,-0.261948,0.028564
27287.830255,0.170700,-0.305817,-0.118546
27287.840035,0.156433,-0.296082,-0.123764
27287.850459,0.053375,-0.216232,-0.027390
27287.860471,-0.083725,-0.110596,0.129883
27287.870738,-0.175095,-0.025650,0.234436
27287.880496,-0.199539,0.003708,0.229050
27287.890881,-0.229950,-0.010025,0.144119
27287.901091,-0.336685,-0.028656,0.013092
27287.911919,-0.278854,-0.004639,-0.295319
27287.921394,-0.025803,-0.112152,-0.881012
27287.931528,0.226334,-0.375351,-1.325058
27287.941743,0.665085,-0.727249,-1.961166
27287.950107,1.295288,-1.248856,-2.005493
27287.961952,1.632050,-1.936172,-2.000031
27287.971700,1.799820,-1.989441,-1.930435
27287.982138,0.997040,-2.006012,-1.462463
27287.991898,-0.097076,-2.027206,-1.013855
27288.002710,-0.184830,-1.857620,-0.546997
27288.012500,-0.055130,-0.633118,-0.457611
27288.023226,0.173813,0.081161,-0.988113
27288.032727,0.579834,-0.194168,-1.725937
27288.043106,0.745102,-1.264725,-2.015915
27288.053013,0.645279,-2.007706,-2.018768
27288.062763,0.165237,-2.015488,-2.027847
27288.073267,-1.041626,-2.035095,-2.050690
27288.082981,-2.034058,-1.091766,1.990784
27288.093723,-0.012802,0.334534,2.030869
27288.103599,0.977417,0.117554,1.391464
27288.114464,1.614929,-0.496521,-0.487381
27288.123754,1.097748,-0.818329,-1.144470
27288.134005,0.523956,-1.091980,0.156952
27288.144067,0.046356,-1.550339,0.507477
27288.153810,-0.459320,-1.938538,0.282104
27288.164293,-0.824890,-2.048233,0.229431
27288.174262,-1.129211,-2.052124,0.080795
27288.184475,-1.358719,-2.053665,-0.223160
27288.194223,-0.929611,-2.044052,-0.576202
27288.205332,-0.361328,-2.032608,-0.866058
27288.214707,0.084915,-1.491135,-0.858902
27288.224439,0.201004,-0.983948,-0.698303
27288.234887,0.136261,-0.753952,-0.716080
27288.244648,0.132889,-0.741791,-0.893723
27288.255096,0.178360,-0.890121,-1.113327
27288.264961,0.077713,-0.941208,-0.854355
27288.274811,-0.163971,-0.980026,-0.155518
27288.285363,0.133408,-1.109955,0.117783
27288.296147,0.258865,-0.864960,-0.170181
27288.305482,0.351486,-0.518860,-0.260269
27288.316221,0.312088,-0.370682,0.260040
27288.325688,0.046677,-0.315536,0.391052
27288.335951,-0.120422,-0.119492,-0.226990
27288.345933,-0.261505,0.056961,-0.551880
27288.355676,-0.322983,0.108917,-0.339661
27288.365980,-0.089111,0.055023,-0.034668
27288.376067,0.187820,-0.091248,0.127090
27288.386627,0.413300,-0.238968,0.366318
27288.396411,0.460526,-0.262054,0.508087
27288.407527,0.467224,-0.216507,0.532074
27288.416689,0.491943,-0.264664,0.394562
27288.426870,0.313568,-0.188889,0.204773
27288.436935,0.171616,-0.088409,0.107956
27288.446706,0.089249,0.005203,0.129349
27288.457139,0.042191,0.071121,0.224762
27288.466921,0.062927,0.033020,0.196335
27288.477360,0.129791,-0.142212,-0.081406
27288.487499,0.062393,-0.306503,-0.401367
27288.498671,-0.198090,-0.496933,-1.911697
27288.507886,-0.808426,-0.885452,-1.923752
27288.517787,-1.808273,-1.588409,0.745239
27288.528149,-0.537628,-2.054718,1.758850
27288.537846,1.050537,-2.009705,-0.837372
27288.548306,1.166580,-1.676804,-0.563873
27288.558062,-0.557831,-0.901978,-0.595444
27288.568499,-2.019684,-1.537811,-0.138733
27288.578658,-1.749313,-1.709320,-0.207260
27288.589653,-0.497009,-1.401718,-0.430252
27288.598991,-0.509979,-2.036163,-0.714096
27288.608883,-0.657059,-2.039322,-0.609726
27288.619266,-0.430069,-1.929001,-0.823578
27288.629235,-0.549500,-1.506607,-0.571274
27288.639552,-0.494171,-1.120712,-0.225433
27288.649323,-0.352402,-0.944977,-0.083618
27288.659734,-0.186096,-1.020630,0.060272
27288.669899,0.137863,-1.265503,-0.019211
27288.680733,0.235458,-1.657822,-0.091324
27288.690238,0.169388,-1.979477,0.102463
27288.700831,0.088242,-2.034134,0.347916
27288.712459,0.249313,-2.032227,0.447205
27288.722144,0.485123,-2.028015,0.400055
27288.732572,0.751556,-2.023010,0.310837
27288.742325,0.922958,-2.018860,0.126572
27288.753158,1.032410,-2.016144,0.000687
27288.762673,0.950882,-2.017975,0.068558
27288.772814,0.519913,-2.025269,0.102081
27288.782485,0.174957,-2.029709,-0.063171
27288.792778,0.088730,-2.029816,-0.242401
27288.803271,0.114059,-1.780212,-0.436066
27288.812956,-0.020950,-1.452591,-0.541382
27288.823397,-0.163651,-1.343414,-0.475479
27288.833301,-0.228699,-1.240402,-0.339645
27288.843583,-0.359451,-0.984863,-0.068924
27288.853678,-0.351120,-0.718597,0.132950
27288.864724,-0.256821,-0.251602,0.320908
27288.874083,-0.208359,0.305038,0.475327
27288.883895,-0.226212,0.753937,0.583740
27288.894273,-0.165878,0.925125,0.619827
27288.904083,-0.041763,0.907883,0.681686
27288.914502,0.030426,0.796646,0.738464
27288.924256,0.023361,0.567078,0.670547
27288.934674,0.002014,0.299393,0.501129
27288.944754,0.021027,0.080093,0.307739
27288.955739,0.024033,-0.048203,0.106201
27288.965142,0.018539,-0.102737,-0.037811
27288.975013,0.043777,-0.101776,-0.113739
27288.985570,0.051895,-0.040359,-0.089661
27288.995537,0.036194,0.035965,0.005341
27289.005733,-0.012634,0.126343,0.141464
27289.015481,-0.036072,0.164383,0.309723
27289.025922,-0.030212,0.151627,0.440811
27289.036053,-0.013931,0.080322,0.467789
27289.046782,-0.095154,-0.021423,0.379807
27289.056431,-0.196976,-0.119598,0.156494
27289.066563,-0.100143,-0.094849,-0.163071
27289.076739,0.176987,-0.216888,-0.607452
27289.086840,0.409760,-0.565292,-1.233551
27289.096951,0.863297,-1.126038,-2.013504
27289.106696,0.507294,-2.009933,-2.021378
27289.117135,1.526627,-1.993393,-2.002090
27289.127278,1.813660,-1.990250,-1.790298
27289.137695,-0.132904,-2.027725,-1.023483
27289.147574,-0.093536,-1.845673,-0.758575
27289.157943,0.037216,-0.618942,-0.833862
27289.167769,-0.442383,-0.206772,-0.939621
27289.177969,-0.456406,-0.253159,-1.402313
27289.188095,-0.338120,-0.473099,-1.692062
27289.197859,0.254089,-0.767029,-1.644547
27289.208293,0.289871,-1.123825,-1.431992
27289.218346,0.258026,-1.416885,-1.273239
27289.228793,0.030441,-1.721771,-1.023956
27289.238626,-0.097992,-2.020538,-0.843231
27289.249629,-0.389175,-2.048401,1.228851
27289.258610,-0.670410,-0.979584,1.224930
27289.268429,0.545593,0.011795,1.603424
27289.278560,1.225143,-0.046936,0.724213
27289.288727,1.454453,-0.490021,-0.380264
27289.298735,1.140121,-0.722458,-1.149521
27289.308885,0.665741,-1.197311,-0.300858
27289.319379,-0.192184,-1.610367,0.185410
27289.329388,-0.951065,-1.851486,0.557693
27289.340373,-1.292191,-2.055756,0.212646
27289.349609,-1.663101,-2.058167,-0.288452
27289.359431,-1.363480,-2.049072,-0.860229
27289.369867,-0.848816,-2.040344,-0.900085
27289.379820,-0.347351,-1.272125,-0.875732
27289.390046,0.174240,-0.862595,-0.953629
27289.399907,0.180222,-0.673523,-1.043564
27289.410328,0.726837,-0.718140,-0.630447
27289.420484,1.086594,-0.686172,-0.267441
27289.431325,0.877380,-0.578705,-0.251389
27289.440812,0.464081,-0.475739,-0.078491
27289.450948,0.060760,-0.488068,0.703598
27289.461158,-0.326508,-0.506958,0.794495
27289.471265,-0.443954,-0.304977,0.017639
27289.481351,-0.327347,-0.088715,-0.563232
27289.491101,-0.251358,0.022263,-0.662857
27289.501565,-0.151443,0.061096,-0.327545
27289.511704,-0.103958,-0.036865,0.032349
27289.522127,0.109604,-0.160110,0.420227
27289.532025,0.273453,-0.183228,0.559219
27289.542562,0.415924,-0.169815,0.536118
27289.552199,0.544952,-0.210205,0.386703
27289.562397,0.446915,-0.253143,0.209167
27289.572376,0.254349,-0.192169,0.114334
27289.582127,0.151505,-0.136978,0.061874
27289.592509,0.120621,-0.081528,0.001862
27289.602597,0.131851,-0.056641,0.011002
27289.612708,0.206848,-0.112488,-0.043198
27289.622878,0.373230,-0.332916,-0.294327
27289.634062,0.086914,-0.433243,-0.769180
27289.643222,-0.518127,-0.529846,-1.789810
27289.653155,-1.540329,-0.745300,-0.640610
27289.663458,-1.686722,-1.595566,1.996689
27289.673519,0.072098,-2.045670,1.887451
27289.683631,0.627167,-2.014679,-1.106323
27289.693364,0.467804,-1.658722,-2.021683
27289.703889,-0.204147,-0.791916,-1.164108
27289.713697,-2.023621,-1.366486,0.548981
27289.724764,-1.338165,-1.711060,0.412628
27289.734126,-0.214828,-1.403015,-0.707703
27289.743950,-0.572647,-1.700470,-0.677139
27289.754317,-1.094177,-2.046356,-0.629898
27289.764127,-0.945679,-2.044617,-0.534821
27289.774120,-1.015518,-1.700485,-0.449387
27289.784049,-0.857498,-1.107025,-0.198547
27289.794764,-0.705307,-0.883484,0.065536
27289.804772,-0.102097,-1.066772,0.323730
27289.815482,0.583038,-1.396896,0.242996
27289.824878,0.872574,-1.922211,0.081100
27289.835156,0.836517,-2.020813,0.200348
27289.845133,0.575714,-2.026993,0.461304
27289.855363,0.646591,-2.026443,0.546982
27289.865351,0.805374,-2.023636,0.516251
27289.875084,0.850098,-2.021744,0.359329
27289.885538,0.800095,-2.021667,0.236343
27289.895675,0.550919,-2.025391,0.186996
27289.906097,0.301147,-2.030624,0.343002
27289.915734,0.246536,-2.029892,0.120712
27289.926936,0.067642,-2.031128,-0.109848
27289.936103,0.096954,-2.028839,-0.357330
27289.946019,-0.030884,-2.030090,-0.473862
27289.956350,-0.056412,-1.783630,-0.482941
27289.966196,-0.092606,-1.458679,-0.410782
27289.976574,-0.114609,-0.916519,-0.325150
27289.986341,-0.144379,-0.633255,-0.230103
27289.996788,-0.086334,-0.351456,-0.008362
27290.006954,-0.096985,0.009598,0.196274
27290.017932,-0.095032,0.434052,0.301041
27290.027274,-0.090744,0.629898,0.363876
27290.037166,-0.047638,0.628296,0.411331
27290.047450,0.064621,0.613647,0.493790
27290.057360,0.067612,0.563629,0.701157
27290.067791,-0.049194,0.451752,0.961746
27290.077515,-0.150864,0.415039,1.015320
27290.087947,-0.196945,0.367767,0.868561
27290.098095,-0.158508,0.234985,0.541687
27290.109032,-0.115326,0.035706,0.242584
27290.118406,-0.094727,-0.060440,0.022583
27290.128267,-0.087891,-0.089981,-0.123138
27290.138688,-0.108963,-0.081757,-0.210831
27290.148743,-0.149582,-0.064163,-0.267151
27290.158885,-0.186188,-0.035690,-0.313461
27290.168523,-0.195023,0.017944,-0.352234
27290.179195,-0.179993,0.041870,-0.338013
27290.189317,-0.164886,0.023727,-0.261383
27290.200145,-0.233246,0.014023,-0.172394
27290.209650,-0.286743,0.086105,-0.253677
27290.219778,-0.071838,-0.086365,-0.717163
27290.229823,0.302689,-0.468994,-1.092545
27290.240008,0.455170,-0.881439,-1.407730
27290.250079,0.834854,-1.486832,-1.800186
27290.259973,0.860184,-2.005829,-1.792450
27290.269820,1.264832,-2.000748,-1.582397
27290.279918,0.944901,-2.006668,-1.490234
27290.290689,0.199142,-2.022491,-0.996353
27290.300246,0.403625,-1.477036,-0.991760
27290.311348,0.590057,-0.826996,-0.959610
27290.320931,0.495224,-0.506577,-1.346939
27290.331200,0.424042,-1.030884,-1.641663
27290.341241,0.474930,-2.011780,-1.841431
27290.350996,0.938309,-2.007202,-1.429840
27290.361431,-0.205933,-2.021515,-2.034882
27290.371180,-1.351791,-1.146133,-2.055389
27290.381680,-1.578918,0.920624,2.002029
27290.391742,0.734299,1.392273,2.046356
27290.402989,1.332169,0.629181,1.749084
27290.411869,1.615219,-0.057388,0.183884
27290.421636,0.757782,-0.360077,-0.735565
27290.432038,0.084763,-0.894638,-0.296555
27290.441893,-0.344757,-1.799026,0.026505
27290.452346,-0.768234,-2.047134,0.206680
27290.462139,-1.223114,-2.052277,-0.108475
27290.474040,-1.772690,-2.058090,-0.544510
27290.483899,-1.149887,-2.045715,-0.841309
27290.494488,-0.453796,-1.934113,-0.720856
27290.504054,0.012360,-1.324097,-0.688416
27290.514218,0.319168,-0.915146,-0.761459
27290.524250,0.256393,-0.666962,-0.821838
27290.534072,0.068832,-0.617310,-0.713211
27290.544558,-0.096161,-0.907288,-0.462723
27290.554498,-0.186295,-1.307831,-0.374649
27290.565055,-0.117828,-1.415314,-0.161163
27290.574880,0.243103,-1.160950,0.015625
27290.585997,0.506622,-0.730011,-0.044281
27290.595169,0.747253,-0.385818,-0.083954
27290.605381,0.671844,-0.212860,0.492294
27290.615355,0.350433,-0.132874,0.488312
27290.625151,0.070618,0.016678,0.007950
27290.635530,-0.166702,0.111603,-0.085678
27290.645285,-0.295105,0.134171,-0.342056
27290.655733,-0.258041,0.094284,-0.359283
27290.665818,-0.153961,-0.050873,-0.199753
27290.676650,0.090408,-0.226089,0.182632
27290.686034,0.269577,-0.267776,0.458817
27290.695798,0.343018,-0.226242,0.498962
27290.706242,0.395416,-0.180771,0.363083
27290.716187,0.294876,-0.096817,0.179733
27290.726483,0.165665,-0.037079,-0.012115
27290.736472,0.129028,-0.016846,-0.151688
27290.746572,0.111099,0.006577,-0.145050
27290.757502,0.111038,-0.050217,-0.101471
27290.766736,0.237564,-0.366882,-0.155045
27290.776849,0.120270,-0.613770,-0.541595
27290.786519,-0.390488,-0.751923,-1.493988
27290.796471,-1.081238,-1.203705,-1.576096
27290.806547,-1.595215,-1.793274,1.723312
27290.817134,-0.323166,-2.053131,2.021866
27290.827374,1.073151,-2.010345,-0.700012
27290.837285,1.341019,-1.996399,-2.005600
27290.847052,-0.523483,-1.342804,-2.039993
27290.857471,-2.017593,-1.289627,0.217789
27290.867679,-1.708450,-1.623550,1.168747
27290.878470,-0.047394,-1.674011,-0.272293
27290.887822,-0.067276,-1.849930,-0.928741
27290.897593,-0.981247,-2.044388,-0.644638
27290.907966,-0.975006,-2.044617,-0.599869
27290.917816,-0.689560,-1.711349,-0.672424
27290.928269,-0.576126,-1.244400,-0.300583
27290.938029,-0.410568,-1.008087,0.010406
27290.948531,-0.156036,-1.042786,0.175919
27290.958600,0.294754,-1.369019,0.120499
27290.969432,0.554108,-1.881775,0.072128
27290.978821,0.619934,-2.024826,0.265686
27290.988617,0.563217,-2.027100,0.450150
27290.999177,0.547302,-2.027588,0.479614
27291.009168,0.658371,-2.025604,0.457916
27291.019300,0.750366,-2.022583,0.250305
27291.029059,0.690262,-2.022324,0.080490
27291.039493,0.494766,-2.025604,0.090698
27291.049645,-0.002594,-2.034164,0.147751
27291.060479,-0.249893,-2.036179,-0.130737
27291.069974,-0.332916,-2.036621,-0.255341
27291.080049,-0.187195,-2.033142,-0.405380
27291.090061,-0.180649,-1.893494,-0.645187
27291.100358,-0.127579,-1.594086,-0.539627
27291.110444,-0.090424,-1.257095,-0.322174
27291.120195,-0.109177,-0.913925,-0.126602
27291.130630,-0.147827,-0.603165,0.118103
27291.140786,-0.195221,-0.141876,0.361877
27291.151347,-0.256943,0.363403,0.520126
27291.161068,-0.294373,0.688156,0.615112
27291.171838,-0.151031,0.738419,0.838135
27291.181264,0.103195,0.654343,0.842819
27291.191536,0.236725,0.632568,1.002106
27291.201615,0.206314,0.576111,1.064941
27291.211290,0.122330,0.431854,0.952042
27291.221753,0.086624,0.154861,0.663269
27291.231678,0.056244,-0.079575,0.266510
27291.241940,0.086060,-0.181793,-0.325363
27291.252185,0.086166,-0.204575,-0.460327
27291.262647,-0.009033,-0.174301,-0.475952
27291.271776,-0.161606,-0.105560,-0.325974
27291.281805,-0.335495,-0.005478,-0.035446
27291.292156,-0.393707,0.081833,0.223495
27291.301889,-0.329071,0.109924,0.320984
27291.312696,-0.196487,0.182785,0.277969
27291.322306,-0.158768,0.323959,0.033783
27291.332733,0.186584,0.161926,-0.348816
27291.342884,0.456924,-0.280624,-0.751068
27291.354080,0.627304,-0.557693,-0.971451
27291.363091,0.889221,-1.079895,-1.490067
27291.373174,0.824158,-1.720963,-1.657837
27291.383408,0.659134,-2.010193,-1.647446
27291.393498,0.640778,-2.011017,-1.576355
27291.403520,0.241989,-2.014267,-2.024414
27291.413235,0.321777,-1.808975,-1.996841
27291.423709,0.244232,-1.201645,-1.599655
27291.433877,0.086105,-0.798904,-1.320343
27291.444315,0.030334,-0.545990,-1.469879
27291.454122,0.174637,-0.619247,-1.428574
27291.464682,0.440536,-0.864319,-1.205582
27291.474215,0.453918,-1.187408,-1.314896
27291.484533,0.415878,-1.648056,-1.564255
27291.494502,-0.073166,-1.910797,-1.292053
27291.504262,-0.352493,-1.418732,0.591400
27291.514698,0.316650,-0.748260,1.078186
27291.524583,0.231949,-0.444809,0.459854
27291.534895,0.623566,-0.809143,-0.480728
27291.545085,0.305191,-1.211151,-0.162842
27291.556169,0.012680,-1.361404,0.483261
27291.565348,-0.273544,-1.547287,0.457794
27291.575216,-0.490097,-1.710770,0.101242
27291.585529,-0.745651,-2.013901,-0.220459
27291.593806,-0.924438,-2.045502,-0.365753
27291.605747,-0.958389,-2.046021,-0.370346
27291.615493,-0.783417,-2.043137,-0.373993
27291.626019,-0.452209,-2.037262,-0.434189
27291.635895,-0.027603,-1.975388,-0.627518
27291.646858,0.078079,-1.547073,-0.815460
27291.656266,0.172028,-1.295761,-0.817322
27291.666026,0.565430,-1.092392,-0.775894
27291.676457,0.869278,-0.767578,-0.465118
27291.686422,0.980637,-0.493759,-0.251312
27291.696727,0.931641,-0.352539,-0.156799
27291.706521,0.774384,-0.273026,0.001068
27291.716919,0.429703,-0.236206,0.701004
27291.727079,-0.066711,-0.211197,0.911896
27291.737905,-0.418411,-0.068054,0.337921
27291.747381,-0.597168,0.050186,0.031097
27291.757559,-0.590927,0.111160,-0.433014
27291.767186,-0.380981,0.080048,-0.585861
27291.777170,-0.199768,-0.044678,-0.334564
27291.787843,0.029327,-0.206711,-0.025848
27291.797353,0.221619,-0.308197,0.320938
27291.808232,0.307434,-0.324539,0.580490
27291.817735,0.461670,-0.263474,0.570587
27291.828573,0.535614,-0.197861,0.302200
27291.838331,0.420456,-0.100906,0.070969
27291.849165,0.315887,-0.011261,-0.087646
27291.858580,0.239990,0.023666,-0.161438
27291.868835,0.168961,-0.025085,-0.017990
27291.878851,0.134674,-0.125702,0.110168
27291.888609,0.319702,-0.398026,-0.185303
27291.898965,0.298187,-0.594101,-1.069016
27291.908725,-0.443344,-0.985687,-2.038010
27291.919031,-1.837509,-1.539474,-0.181931
27291.929306,-1.854462,-1.884705,1.993134
27291.939982,0.663025,-2.031418,1.260666
27291.949553,1.301697,-2.001328,-1.418991
27291.959666,-0.108643,-1.582916,-1.752686
27291.969775,-1.439606,-1.606140,-0.609085
27291.979607,-1.310623,-1.791656,-0.025467
27291.990018,-0.155838,-1.855606,0.188736
27291.999836,0.040970,-2.030090,-0.310760
27292.010420,-0.254013,-2.031189,-0.819382
27292.020318,-0.596542,-2.036469,-0.864563
27292.031349,-0.670898,-1.936539,-1.008728
27292.040355,-0.791519,-1.364075,-0.816788
27292.050475,-0.910309,-1.049576,-0.447525
27292.060897,-0.868774,-0.891373,-0.169724
27292.070995,-0.697601,-0.878906,0.001190
27292.081069,-0.416122,-1.099091,0.112381
27292.090849,-0.168091,-1.673523,0.065720
27292.101256,0.051895,-2.033798,0.221222
27292.111224,0.242950,-2.032654,0.489746
27292.122036,0.559555,-2.028168,0.588013
27292.131613,0.881927,-2.021942,0.458160
27292.142016,1.071579,-2.017044,0.211731
27292.151814,1.156601,-2.014236,0.018906
27292.161974,0.842789,-2.019867,0.085358
27292.172119,0.373703,-2.027908,0.135025
27292.181866,-0.018494,-2.032318,-0.139252
27292.192303,-0.206589,-2.034576,-0.252945
27292.202069,-0.196884,-1.956558,-0.325104
27292.212754,-0.205994,-1.690613,-0.529312
27292.222578,-0.229553,-1.531128,-0.567245
27292.233507,-0.315674,-1.477203,-0.003296
27292.242914,-0.285355,-1.281479,-0.002457
27292.252628,-0.228668,-0.932388,0.232224
27292.262848,-0.121124,-0.434586,0.438324
27292.272640,-0.148575,0.171112,0.627106
27292.283489,-0.227478,0.654251,0.794922
27292.293921,-0.150330,0.841507,0.840271
27292.303568,0.007385,0.862793,0.858154
27292.313708,0.103180,0.806534,0.768616
27292.324335,0.045319,0.419098,0.627136
27292.334014,0.073029,0.081070,0.426773
27292.343887,0.070786,-0.132065,0.158585
27292.354123,0.139908,-0.227493,-0.056503
27292.363980,0.091187,-0.219391,-0.186417
27292.374335,0.037766,-0.117996,-0.211105
27292.384236,-0.045059,-0.006500,-0.192657
27292.394523,-0.152588,0.090073,-0.093369
27292.404823,-0.231476,0.131073,0.090698
27292.415647,-0.239563,0.130585,0.274094
27292.425023,-0.194656,0.109772,0.372162
27292.434875,-0.237045,0.189102,0.273239
27292.445292,-0.109100,0.261795,-0.028824
27292.455284,0.195816,-0.037994,-0.493759
27292.465577,0.358582,-0.337738,-0.618073
27292.475334,0.587112,-0.535706,-0.816422
27292.485766,0.964798,-0.964188,-1.148163
27292.495917,1.100052,-1.454407,-1.170074
27292.506916,0.965225,-2.006943,-1.405502
27292.515913,0.528656,-2.009598,-2.020981
27292.526436,0.498535,-2.010086,-2.021545
27292.536400,0.411270,-2.011963,-1.959702
27292.546329,0.731888,-1.423462,-1.345657
27292.556673,0.462296,-0.914444,-0.944290
27292.566378,0.277451,-0.610245,-1.076355
27292.576831,0.093323,-0.614731,-1.283234
27292.586963,0.364182,-0.909409,-1.174347
27292.597447,0.455048,-1.203476,-1.283142
27292.607149,0.541626,-1.650253,-1.524185
27292.618079,0.421326,-2.012177,-1.907913
27292.627333,-0.522018,-2.028534,-1.782898
27292.637411,-1.433136,-0.997421,0.872147
27292.647714,0.373642,-0.150131,1.816269
27292.657473,0.329529,-0.143036,0.746857
27292.667935,0.968689,-0.634857,-0.367813
27292.677881,0.654816,-0.820053,-0.276749
27292.688120,0.092255,-1.119583,0.525787
27292.698272,-0.356079,-1.552094,0.523682
27292.709137,-0.666306,-1.987381,0.262253
27292.718170,-0.822922,-2.045303,-0.164398
27292.728231,-1.073090,-2.047897,-0.370544
27292.738564,-1.090256,-2.048569,-0.318298
27292.748395,-0.853409,-2.044281,-0.372330
27292.758514,-0.325897,-2.034653,-0.509201
27292.768374,0.032471,-1.810623,-0.660904
27292.778455,0.125656,-1.399200,-0.737976
27292.789065,0.246429,-1.195099,-0.728470
27292.800092,0.489609,-1.011856,-0.842697
27292.809314,0.665833,-0.729340,-0.591934
27292.819190,0.698425,-0.505402,-0.239807
27292.829613,0.823685,-0.423645,-0.298828
27292.839578,0.832016,-0.410645,-0.158768
27292.849802,0.684113,-0.373291,0.500259
27292.859556,0.365219,-0.291824,1.249374
27292.869906,0.080978,-0.180145,0.654816
27292.880136,-0.076370,-0.014923,0.207520
27292.890734,-0.279037,0.148834,-0.275269
27292.900431,-0.319382,0.221176,-0.638077
27292.910895,-0.283508,0.119476,-0.609756
27292.920641,-0.220047,-0.129211,-0.204071
27292.930785,0.003174,-0.297012,0.333694
27292.940895,0.228348,-0.272964,0.802338
27292.950691,0.459778,-0.204529,0.772049
27292.961116,0.501480,-0.204910,0.376968
27292.971177,0.240662,-0.188934,0.048599
27292.981539,0.077194,-0.125992,-0.116104
27292.991502,-0.005875,-0.004700,-0.215744
27293.002381,-0.071960,0.107574,-0.135483
27293.011815,0.029739,0.018677,-0.220016
27293.021884,0.268692,-0.415222,-0.659561
27293.032009,0.088913,-0.855881,-1.113998
27293.041759,-0.632431,-1.517319,-2.001602
27293.052198,-1.611481,-2.053223,-0.848053
27293.062161,-1.172546,-2.065811,1.855988
27293.072331,-0.029739,-2.048355,2.027420
27293.082157,0.798584,-1.846512,-0.542267
27293.093393,-0.372818,-1.488037,-2.037338
27293.102722,-0.932114,-1.554581,-1.644196
27293.112692,-1.194992,-1.456131,1.245148
27293.122999,-0.654007,-1.754120,0.784683
27293.132783,-0.013306,-2.026855,-0.873367
27293.143201,-0.456711,-2.034836,-0.776581
27293.152943,-0.748032,-2.039459,-0.797974
27293.163421,-0.765625,-1.823593,-0.808945
27293.173567,-0.776062,-1.464508,-0.465378
27293.184474,-0.751083,-1.082916,0.128906
27293.193869,-0.555664,-0.925125,0.132797
27293.203733,-0.121231,-1.014038,0.252014
27293.214177,0.138107,-1.328705,0.223770
27293.224083,0.274414,-1.860840,0.106567
27293.234517,0.299210,-2.029495,0.185226
27293.244210,0.369812,-2.030273,0.449478
27293.254683,0.607590,-2.026016,0.398407
27293.264614,0.735596,-2.022934,0.264923
27293.274890,0.743622,-2.022659,0.245209
27293.284428,0.581268,-2.025909,0.325485
27293.297244,-0.021011,-2.033859,0.064072
27293.315327,-0.137985,-2.031952,-0.456039
27293.325371,-0.160431,-2.031799,-0.527908
27293.334992,-0.069656,-2.007065,-0.588654
27293.345418,-0.194550,-1.727631,-0.589676
27293.355372,-0.185272,-1.271133,-0.380539
27293.365972,-0.141113,-0.785172,-0.182602
27293.375776,-0.119812,-0.410995,0.060349
27293.386833,-0.183121,-0.008926,0.369232
27293.396060,-0.316757,0.387070,0.536896
27293.406241,-0.334381,0.554321,0.664780
27293.416249,-0.250320,0.543137,0.758636
27293.426020,0.014877,0.486710,0.799286
27293.436513,0.195175,0.481995,0.900909
27293.446247,0.133331,0.435532,1.015778
27293.456693,0.055878,0.297073,0.937698
27293.466857,-0.006775,0.102921,0.646561
27293.477824,0.028992,-0.128036,0.328461
27293.487160,0.025070,-0.274521,0.019608
27293.496965,0.053940,-0.303726,-0.258682
27293.507362,0.150970,-0.273163,-0.424454
27293.517242,0.161240,-0.174911,-0.421173
27293.527645,0.005310,-0.100052,-0.300003
27293.537397,-0.168259,-0.040359,-0.041245
27293.547771,-0.238922,0.011551,0.287842
27293.558066,-0.258194,0.072250,0.483017
27293.568910,-0.321686,0.182632,0.426392
27293.578304,-0.275833,0.289963,0.082123
27293.588156,0.056183,0.114822,-0.432693
27293.598578,0.363892,-0.216827,-0.875778
27293.608618,0.404785,-0.355835,-1.019043
27293.618886,0.608551,-0.733063,-1.160553
27293.628625,0.961334,-1.193481,-1.110855
27293.639051,0.917343,-1.723770,-1.337601
27293.649237,0.524643,-2.011475,-1.774017
27293.660037,0.021530,-2.018906,-1.881744
27293.669553,0.019608,-2.018341,-1.963150
27293.679542,0.499802,-1.514221,-1.788727
27293.689779,0.584717,-1.126770,-1.317291
27293.699928,0.501480,-0.770035,-1.223145
27293.710016,0.397064,-0.665665,-1.362900
27293.719766,0.651108,-0.877502,-1.372269
27293.730203,0.713348,-1.299286,-1.156342
27293.740374,0.467438,-1.683655,-1.325211
27293.750857,0.308716,-2.015656,-1.683838
27293.760322,-0.579803,-2.029755,-1.746292
27293.770403,-1.508270,-1.102921,0.355667
27293.780290,-0.010956,0.119949,1.423401
27293.790699,0.167847,0.312637,0.551926
27293.800929,0.675812,-0.312729,-0.207230
27293.810919,0.397858,-0.781937,-0.236923
27293.821230,0.104248,-1.115829,0.584549
27293.830984,-0.163925,-1.585785,0.548096
27293.841233,-0.395691,-2.026230,0.215729
27293.851283,-0.628708,-2.041077,-0.307571
27293.862358,-1.027603,-2.046677,-0.434174
27293.871686,-1.090469,-2.048691,-0.301422
27293.881540,-0.717178,-2.041962,-0.385635
27293.891846,-0.263306,-1.897003,-0.488998
27293.901714,0.040405,-1.557663,-0.537369
27293.912155,0.184296,-1.319962,-0.597839
27293.921907,0.257935,-1.220963,-0.690582
27293.932424,0.343719,-1.250046,-0.856674
27293.942492,0.483200,-1.175476,-0.982925
27293.953467,0.358902,-1.031631,-0.602097
27293.962810,0.271225,-0.937729,-0.222641
27293.972599,0.167221,-0.807678,0.058319
27293.983046,0.313660,-0.658737,0.077133
27293.993002,0.291290,-0.454498,0.831055
27294.003390,0.123672,-0.274643,0.937271
27294.013112,0.099579,-0.059006,0.263397
27294.023548,0.105042,0.107605,-0.151978
27294.033674,-0.037292,0.199799,-0.472046
27294.044402,-0.184799,0.211197,-0.461914
27294.054027,-0.127686,0.056107,-0.134628
27294.064128,0.035095,-0.120026,-0.078201
27294.074127,0.263748,-0.210938,0.261322
27294.084317,0.401947,-0.254944,0.626038
27294.094420,0.491089,-0.283493,0.664413
27294.104173,0.554886,-0.329330,0.433365
27294.114506,0.380600,-0.320297,0.165161
27294.124574,0.184845,-0.230103,-0.002090
27294.134913,0.072479,-0.152893,-0.105316
27294.144843,0.004623,-0.070770,-0.101517
27294.155712,0.034805,-0.067352,-0.500809
27294.165165,0.374496,-0.341339,-0.494736
27294.175420,0.190491,-0.778976,-1.235992
27294.185439,-0.363129,-1.259933,-1.628082
27294.195215,-1.581451,-1.406769,-1.220703
27294.205640,-1.612061,-1.563629,1.998138
27294.215623,-0.386337,-2.054153,2.020676
27294.225863,0.456604,-2.018326,-0.988495
27294.236007,-0.386658,-1.332199,-1.285324
27294.247282,-1.106277,-1.860519,0.360275
27294.256259,-1.106445,-1.860611,0.373169
27294.266084,-0.535385,-1.815567,-0.711319
27294.275991,-0.284958,-2.032776,-0.675125
27294.286212,-0.984680,-2.043594,-0.760788
27294.296090,-0.952347,-2.043488,-0.702637
27294.306241,-1.003876,-1.806442,-0.434418
27294.316689,-0.863449,-1.256882,-0.185959
27294.326747,-0.551956,-0.966995,-0.098343
27294.337447,0.054581,-1.189957,0.037811
27294.347009,0.309311,-1.440994,-0.031082
27294.357047,0.348526,-1.786316,-0.156799
27294.367287,0.165237,-2.031006,0.093384
27294.377367,0.091766,-2.035446,0.533508
27294.387496,0.335129,-2.032394,0.661148
27294.397248,0.621170,-2.026382,0.480026
27294.407578,0.827820,-2.021484,0.274582
27294.417777,0.752640,-2.022354,0.223557
27294.428215,0.314545,-2.030518,0.360123
27294.438037,0.148376,-2.032074,0.200226
27294.448363,0.031967,-2.031540,-0.133347
27294.458126,0.060333,-2.029816,-0.304443
27294.469286,0.173691,-2.025864,-0.590042
27294.479713,0.027359,-1.714432,-0.675766
27294.489459,-0.269226,-1.458679,-0.668137
27294.500101,-0.408142,-1.142838,-0.395493
27294.510057,-0.402008,-0.915939,-0.098419
27294.520959,-0.362488,-0.460007,0.258102
27294.530347,-0.315399,0.205841,0.518829
27294.540114,-0.359207,0.766876,0.682434
27294.550569,-0.336761,0.869949,0.733597
27294.560639,-0.123001,0.683563,0.813797
27294.570786,0.127411,0.479065,0.875809
27294.580544,0.183411,0.335953,0.918365
27294.590881,0.097183,0.149338,0.902588
27294.601097,0.059540,-0.017746,0.765747
27294.611918,0.064529,-0.209061,0.508591
27294.621423,0.127899,-0.358170,0.172256
27294.631565,0.133057,-0.280334,-0.163864
27294.641602,0.136520,-0.171661,-0.377960
27294.651853,0.092178,-0.077728,-0.446136
27294.661862,0.027313,0.009750,-0.358963
27294.671708,-0.123871,0.079559,-0.079941
27294.682064,-0.283661,0.125320,0.216690
27294.692217,-0.314148,0.153320,0.384857
27294.702698,-0.169052,0.127960,0.382584
27294.712436,0.008224,0.097519,0.198380
27294.723261,0.051788,0.169342,-0.035828
27294.732673,0.107040,0.235077,-0.364105
27294.742986,0.301865,-0.061234,-0.876740
27294.752969,0.406540,-0.383240,-1.062698
27294.762773,0.590195,-0.577118,-0.838242
27294.772646,0.863403,-1.003464,-0.882248
27294.782669,0.974091,-1.408585,-0.940201
27294.793150,0.522110,-1.739746,-0.987900
27294.803433,0.031479,-2.022064,-1.429123
27294.814321,0.040878,-2.019226,-1.796066
27294.823687,0.292526,-2.013428,-2.025452
27294.833474,0.509720,-1.840408,-2.021118
27294.843895,0.704315,-1.640015,-2.017181
27294.853669,0.961365,-1.540710,-2.012192
27294.864126,0.938995,-1.761124,-1.600159
27294.873890,0.328583,-2.016800,-1.482056
27294.884399,-0.104874,-2.019882,-2.032959
27294.894469,-1.646866,-1.400681,-2.061295
27294.905301,-1.230988,0.740921,2.008362
27294.914707,1.075012,1.130417,1.752808
27294.924574,1.171432,0.627396,0.823318
27294.935007,0.807266,-0.036774,-0.921738
27294.945020,-0.379105,-0.626770,-0.964767
27294.955300,-0.444916,-1.388138,0.268219
27294.965059,-0.536057,-2.048004,0.845078
27294.975477,-0.519638,-2.042023,0.066528
27294.985631,-1.014557,-2.044510,-0.702805
27294.996468,-1.270157,-2.048676,-0.704681
27295.005566,-0.787857,-2.041229,-0.642960
27295.016157,-0.086182,-1.999954,-0.652481
27295.026045,0.367493,-1.424210,-0.703659
27295.036239,0.402008,-1.013947,-0.753082
27295.046407,0.313995,-0.862549,-0.783310
27295.056157,0.134277,-0.942093,-0.474258
27295.066586,0.091003,-1.097626,-0.443542
27295.076739,0.223877,-1.079453,-0.465820
27295.087216,0.239853,-0.933304,0.050583
27295.097022,0.283203,-0.759155,0.051620
27295.107636,0.310211,-0.584702,0.517700
27295.117227,0.333313,-0.403381,0.441986
27295.127429,0.184128,-0.275421,-0.039871
27295.137406,-0.023956,-0.166733,-0.192474
27295.147161,-0.149033,-0.104980,-0.240417
27295.157418,-0.262527,-0.048950,-0.296066
27295.167179,-0.277878,0.006500,-0.193085
27295.177803,-0.145721,0.011398,-0.024887
27295.187526,0.070282,-0.057449,0.118973
27295.198748,0.275635,-0.280624,0.331894
27295.207989,0.272308,-0.345123,0.469681
27295.217885,0.329651,-0.333847,0.412231
27295.228170,0.450897,-0.326950,0.282578
27295.238062,0.336517,-0.285522,0.190170
27295.248443,0.225159,-0.198517,0.104858
27295.258245,0.219528,-0.119659,0.015549
27295.268137,0.229370,-0.048019,-0.000015
27295.278220,0.210159,0.021637,0.050293
27295.289512,0.161133,0.092560,-0.002121
27295.298516,0.286621,-0.089890,-0.245056
27295.308802,-0.193573,-0.471954,-0.712997
27295.319074,-0.826996,-1.021683,-2.043320
27295.329375,-2.004807,-1.694687,-1.693420
27295.340910,-2.058395,-2.080551,1.887833
27295.351039,-0.559296,-2.056961,2.017395
27295.361407,1.163330,-2.011856,-0.291504
27295.371135,1.284821,-1.315430,-2.005783
27295.382117,-0.547882,-1.347168,-2.040466
27295.391509,-1.918304,-1.493240,1.445740
27295.401636,-1.198486,-1.526230,1.063416
27295.411694,-0.054993,-2.027512,-0.879120
27295.421657,-0.595947,-2.037262,-0.756409
27295.431997,-1.058716,-2.044922,-0.746292
27295.441829,-0.971176,-1.994873,-0.887466
27295.452143,-0.875397,-1.215332,-0.473877
27295.462332,-0.579132,-0.922928,-0.086884
27295.473360,-0.187912,-0.962814,0.012695
27295.482657,0.174744,-1.133789,-0.055054
27295.492415,0.450073,-1.599426,-0.279648
27295.502870,0.471527,-2.023056,-0.308578
27295.512817,0.291656,-2.029495,0.167206
27295.523166,0.272476,-2.032532,0.539902
27295.532793,0.436523,-2.030548,0.635284
27295.543219,0.521835,-2.027542,0.416641
27295.553207,0.593842,-2.024582,0.174911
27295.564552,0.448914,-2.026459,0.104706
27295.573592,0.298630,-2.029266,0.152451
27295.583599,0.243118,-2.027954,-0.151169
27295.593849,0.146713,-2.028473,-0.294891
27295.603886,0.199036,-2.026581,-0.438736
27295.614157,0.323029,-2.006866,-0.685440
27295.623919,-0.042358,-1.607910,-0.627319
27295.634354,-0.191666,-1.155670,-0.727768
27295.644506,-0.259552,-0.961914,-0.406357
27295.655433,-0.294327,-0.777908,-0.030731
27295.664891,-0.250275,-0.357224,0.277222
27295.675020,-0.289612,0.206573,0.477646
27295.685087,-0.291870,0.693405,0.581421
27295.695237,-0.361221,0.843124,0.689453
27295.705309,-0.398056,0.533722,0.901657
27295.715066,-0.208466,0.358139,1.077667
27295.725493,-0.057327,0.312881,1.095337
27295.735638,0.013718,0.219467,0.884232
27295.746142,-0.017868,0.072220,0.614563
27295.755939,0.048462,-0.141357,0.295074
