11761.578583,1.311066,2.036407,-0.883209
11761.589716,1.971695,2.032410,0.780807
11761.599907,1.983734,2.045807,-0.149368
11761.610864,1.999268,2.063110,-1.350250
11761.619052,1.762436,2.049454,-0.870789
11761.631727,1.180084,2.021866,-0.120361
11761.642947,0.813797,2.004822,0.330826
11761.654187,0.574432,1.549332,0.475906
11761.665447,0.412659,1.104019,0.543213
11761.675810,0.320709,0.785431,0.499176
11761.689927,0.113464,0.436417,0.294052
11761.707312,-0.030472,0.302048,0.517822
11761.717792,-0.222641,0.241653,0.523468
11761.728116,-0.502853,0.156494,0.436569
11761.738323,-0.785233,-0.029068,0.403564
11761.748452,-1.121750,-0.247345,0.428024
11761.758714,-1.399017,-0.424103,0.680450
11761.769774,-1.380814,-0.627274,0.924759
11761.780044,-1.127792,-0.598282,0.849060
11761.791562,-0.778244,-0.418854,0.627197
11761.802380,-0.549118,-0.296707,0.407898
11761.813436,-0.520325,-0.252167,0.217865
11761.824160,1.219711,0.224792,-1.949615
11761.834474,0.649658,1.244415,-1.937180
11761.846331,0.192261,0.983994,-1.946381
11761.857038,0.532883,0.450806,-1.876587
11761.868725,0.583206,0.010101,0.606140
11761.878798,0.378250,-0.070679,1.899094
11761.890235,-0.051834,0.303787,1.952347
11761.901417,-0.268265,0.525757,1.834076
11761.912303,0.045517,1.121292,1.750809
11761.923794,0.283493,1.233231,1.440201
11761.935156,0.431839,1.163864,1.332886
11761.945265,0.534546,1.337738,1.617432
11761.955384,0.281738,1.966034,1.985214
11761.967109,-0.238495,1.950882,1.979752
11761.978007,-0.531616,1.950150,1.419830
11761.989546,-0.723526,1.958130,0.450058
11762.000325,-0.532349,1.968231,0.128510
11762.011065,0.524460,1.997833,0.225067
11762.022043,2.006500,2.071152,-1.908936
11762.032632,2.002289,1.093369,-1.926361
11762.042916,0.828140,1.604324,-0.549042
11762.053153,-0.516281,1.563416,0.468155
11762.064358,-0.280914,0.912460,-0.132584
11762.080459,0.516968,0.884888,-0.261490
11762.084569,0.590485,0.375504,-0.357162
11762.096435,0.580505,0.097290,0.094879
11762.107307,0.381592,0.078903,0.711945
11762.119281,0.152466,-0.065887,0.249985
11762.129947,0.095673,-0.073761,0.066803
11762.141375,0.123138,-0.100647,-0.118698
11762.152366,0.272949,-0.222336,-0.811752
11762.163157,0.299927,-0.502090,-1.426254
11762.174557,0.041397,-1.034912,-0.195648
11762.185267,0.049957,-0.787750,-0.246872
11762.196664,-0.050095,-0.277649,-0.119736
11762.207452,0.089020,-0.194199,-0.137024
11762.218269,0.237564,-0.089249,-0.274841
11762.229657,0.407043,0.054581,-0.216812
11762.240931,0.387085,0.188507,-0.127258
11762.252305,0.552765,0.710754,-0.169159
11762.263317,0.670929,1.303955,-0.633728
11762.274842,0.990067,2.013046,0.111862
11762.284951,1.974289,2.035309,0.580170
11762.296598,1.980469,2.042191,0.102127
11762.307507,1.992065,2.055084,-0.793472
11762.318206,1.992325,2.055374,-0.813644
11762.329607,1.357605,2.027298,-0.136734
11762.340358,0.963852,2.008041,0.414963
11762.351597,0.718109,1.536224,0.524170
11762.363003,0.550232,0.597595,0.440506
11762.373779,0.249710,0.332993,0.360794
11762.384066,0.147324,0.189301,0.362015
11762.394224,0.053879,0.112061,0.519119
11762.405885,-0.095963,0.048355,0.848770
11762.417287,-0.256775,-0.001266,1.055634
11762.428849,-0.411499,-0.093170,1.227219
11762.439193,-0.694321,-0.155045,1.425934
11762.450255,-1.078278,-0.150970,1.450012
11762.461832,-1.544098,-0.140991,0.461212
11762.473040,-1.435760,-0.195084,0.154037
11762.483787,-1.240707,-0.245102,-0.188675
11762.494722,-1.027344,-0.279068,-0.595276
11762.505522,-1.069183,-0.402939,-1.603348
11762.517177,-0.331482,-0.295044,-1.974335
11762.528583,0.606354,0.636642,-1.948410
11762.538777,0.331680,1.187286,-1.941376
11762.549392,0.126572,0.500839,-0.023483
11762.559483,0.464752,0.038376,0.710144
11762.570717,0.847000,-0.478989,1.691956
11762.583152,0.979279,-0.460007,1.659058
11762.592299,0.452789,-0.096878,1.067719
11762.603690,0.090958,0.382324,0.969879
11762.613851,0.093094,0.654037,0.824921
11762.624154,0.315002,0.894165,0.604767
11762.635555,0.653748,1.064545,0.240494
11762.646990,0.944351,1.109970,0.184677
11762.658407,1.342117,2.005859,1.359818
11762.668155,0.819427,1.986938,1.618362
11762.680424,0.577042,1.984924,1.254822
11762.690556,0.319916,1.980164,1.057220
11762.701365,0.624695,1.989670,1.016251
11762.712876,0.981064,1.998825,1.107376
11762.723369,1.259613,2.010635,0.847244
11762.733672,2.006500,2.071152,-1.908936
11762.744298,2.000168,0.599121,-1.935150
11762.755096,1.355408,1.141922,1.829559
11762.766473,0.246857,0.943954,1.023682
11762.777579,0.729050,0.674469,0.347626
11762.789193,0.656372,0.395813,-0.274536
11762.800588,0.441803,0.074524,-0.729904
11762.811498,0.335480,-0.145172,-0.750229
11762.822897,0.325104,-0.234665,-0.729813
11762.833320,0.323776,-0.461884,-0.481293
11762.844177,0.206711,-0.577713,0.219345
11762.855615,0.213165,-0.516418,0.040909
11762.867134,0.139938,-0.590454,-0.544968
11762.878536,0.016525,-0.635880,-0.907120
11762.889625,-0.117828,-0.337448,-0.523834
11762.900661,-0.047394,-0.156128,-0.210678
11762.912058,-0.011520,0.020630,0.075104
11762.923099,0.292648,0.094696,0.027603
11762.933437,0.373535,0.281433,-0.093079
11762.943561,0.658081,0.702133,-0.449615
11762.955060,1.111053,1.174255,-0.776642
11762.966405,1.538406,1.722366,-0.515854
11762.977640,1.905960,2.039093,0.168533
11762.989103,1.975357,2.036499,0.497620
11762.999505,1.976852,2.038147,0.382416
11763.010437,1.995102,2.058456,-1.027710
11763.021107,1.623901,2.043335,-0.723434
11763.033255,1.183044,2.020981,-0.050262
11763.042964,0.858002,1.711151,0.255936
11763.053097,0.755707,1.207596,0.422684
11763.064334,0.697357,0.793320,0.444504
11763.075915,0.580994,0.487473,0.345718
11763.086764,0.389832,0.275513,0.293015
11763.097537,0.288620,0.152390,0.361816
11763.107768,0.227005,0.171249,0.561279
11763.118081,-0.019562,0.161636,0.523102
11763.129610,-0.252899,0.092865,0.411041
11763.141011,-0.595932,-0.020187,0.303818
11763.152341,-0.979889,-0.174484,0.196411
11763.162695,-1.232117,-0.274857,0.487885
11763.174200,-1.286697,-0.280945,0.736908
11763.185580,-1.104965,-0.188614,0.801819
11763.196006,-0.948563,-0.101837,0.723297
11763.207432,-0.632126,-0.112961,0.296997
11763.217546,1.308075,-0.395721,-1.959747
11763.226776,1.263672,0.088348,-1.951584
11763.240442,0.985489,0.951416,-1.939041
11763.250977,0.568390,0.593552,-1.949554
11763.262417,0.473175,-0.015717,0.337631
11763.272540,0.280945,-0.095917,1.546188
11763.284183,-0.059250,0.428543,1.818130
11763.295584,-0.233978,0.663055,1.100311
11763.306831,-0.194656,0.914673,1.144547
11763.317204,-0.002274,1.263077,1.222763
11763.327365,0.307587,1.572235,1.419571
11763.337726,0.591293,1.954498,1.642380
11763.347852,0.766159,1.980148,1.990295
11763.359788,0.629547,1.978271,1.840057
11763.370865,0.185425,1.976456,1.041412
11763.381425,-0.126953,1.974228,0.548492
11763.393021,0.299393,1.991989,0.171814
11763.403959,0.736420,2.004822,0.169693
11763.414907,0.986847,2.012619,0.135834
11763.426246,1.086105,2.044342,-1.918610
11763.436725,0.639755,1.199203,-1.938095
11763.448032,0.770874,1.425400,-0.378021
11763.459429,-0.006256,1.445831,1.070389
11763.470991,0.383392,0.871017,0.101837
11763.482389,0.292694,0.429611,-0.309250
11763.493418,0.377228,0.117371,-0.438797
11763.504734,0.380127,0.028687,-0.168579
11763.516069,0.244568,0.014938,-0.029007
11763.527197,0.173477,-0.008896,-0.009018
11763.537415,0.090057,-0.003632,0.000824
11763.547861,0.067184,-0.026260,-0.037262
11763.558078,0.267960,-0.216873,-0.724335
11763.569514,0.139999,-0.721695,-0.520401
11763.581895,0.118530,-0.308548,-0.211746
11763.591539,0.169510,-0.112137,-0.038742
11763.601696,0.257507,-0.046570,-0.002121
11763.612097,0.269806,0.037033,0.050354
11763.623364,0.309616,0.213257,0.106720
11763.634312,0.476837,0.609207,-0.401215
11763.645643,0.716141,1.473785,-1.226624
11763.656251,1.007309,1.892380,-0.442261
11763.667906,1.972305,2.033096,0.733749
11763.679466,1.981720,2.043579,0.006149
11763.690662,1.989517,2.052261,-0.596695
11763.701367,1.989822,2.052582,-0.619736
11763.711669,1.447098,2.033447,-0.387344
11763.721904,1.020996,2.018066,-0.181549
11763.733430,0.819580,1.712433,0.153793
11763.744835,0.708939,0.841476,0.238998
11763.755540,0.520874,0.485764,0.273071
11763.766020,0.452347,0.280746,0.329224
11763.777697,0.373383,0.209778,0.418411
11763.789097,0.287186,0.221771,0.496521
11763.800367,0.213791,0.248901,0.638397
11763.811680,0.093765,0.251205,0.781281
11763.822725,-0.044006,0.215790,0.859940
11763.834328,-0.626251,-0.030426,0.623138
11763.845732,-1.071136,-0.187393,0.506409
11763.856231,-1.526184,-0.342285,0.502945
11763.866678,-1.350861,-0.286530,0.375092
11763.877727,-1.052643,-0.212677,0.190186
11763.889194,-0.792084,-0.202133,0.120972
11763.899993,-0.701462,-0.221893,-0.300003
11763.910974,-0.852661,-0.286346,-1.523239
11763.922202,0.798294,1.119843,-1.937927
11763.934347,0.518356,0.896805,-1.944672
11763.945377,0.579361,0.251251,-1.342850
11763.955460,0.588440,-0.144272,0.898285
11763.966870,0.565369,0.133347,1.810455
11763.976930,0.272812,0.454636,1.695129
11763.987616,-0.014069,0.725677,1.274551
11763.998189,-0.150833,0.916092,1.203583
11764.008647,-0.026611,1.139328,1.567001
11764.019553,0.337234,1.503250,1.802765
11764.030985,0.233856,1.965240,1.942474
11764.040529,0.043396,1.961182,1.833908
11764.051167,-0.287582,1.959259,1.280304
11764.061673,-0.483978,1.962234,0.658035
11764.073120,-0.401749,1.969757,0.293091
11764.081323,-0.015503,1.980667,0.322128
11764.095511,0.632141,1.997955,0.441254
11764.107182,1.237625,2.015564,0.449524
11764.118496,1.999313,0.401794,-1.938675
11764.129297,1.985153,0.682541,-0.740158
11764.140791,0.779572,1.261337,1.447556
11764.150840,-0.072937,0.772751,1.348755
11764.161652,0.558105,0.341003,0.641556
11764.173045,0.954300,0.509155,0.554382
11764.183941,0.640839,0.358948,0.091461
11764.195395,0.399139,-0.063278,-1.301270
11764.206414,0.284424,-0.195465,-0.264740
11764.217754,0.144958,-0.111404,0.137711
11764.229152,0.102386,-0.089279,0.141510
11764.240399,0.124146,-0.129883,0.017136
11764.250871,-0.087357,-0.661880,0.382004
11764.261005,0.132187,-1.136398,-1.338379
11764.271567,0.128326,-0.890305,-1.479019
11764.282938,0.063309,-0.392624,-0.391449
11764.294423,0.332565,-0.078018,0.027817
11764.305856,0.320908,0.093674,0.089325
11764.315751,0.402695,0.337585,0.143448
11764.327372,0.709473,0.847717,-0.553116
11764.338629,1.114822,1.435013,-0.901627
11764.349371,1.641174,1.588791,-0.040878
11764.360793,1.972427,2.025436,0.722107
11764.371841,1.965775,2.025818,1.238693
11764.383446,1.979858,2.041504,0.150101
11764.394902,1.992691,2.055786,-0.841476
11764.403013,1.944702,2.059097,-1.178009
11764.416355,1.626251,1.580704,-0.541489
11764.427382,1.368469,1.464890,-0.274338
11764.438884,1.205658,1.187759,-0.218475
11764.450467,1.056839,0.835495,-0.070663
11764.461512,0.576187,0.456131,0.481476
11764.473141,0.411850,0.412704,0.587601
11764.484541,0.311768,0.424042,0.614624
11764.496389,0.263748,0.405548,0.649353
11764.506527,0.163666,0.316742,0.642944
11764.516855,-0.054291,0.194946,0.373550
11764.527217,-0.531708,0.014633,-0.234589
11764.538438,-0.943283,-0.108276,0.010696
11764.549184,-1.037720,-0.245255,0.523956
11764.559586,-0.988205,-0.211639,0.528900
11764.570830,-0.948074,-0.133133,0.449066
11764.582041,-0.875443,-0.108521,0.308105
11764.593089,-0.822586,-0.194168,-0.439987
11764.604507,1.087387,-0.358200,-1.961288
11764.614997,1.007202,0.143402,-1.953186
11764.625633,0.884476,0.435745,-1.949203
11764.637091,0.819046,-0.133438,1.651733
11764.648539,0.477036,0.077957,1.953613
11764.659253,-0.093094,0.547653,1.405045
11764.669785,-0.229904,0.838562,0.995911
11764.680520,-0.166931,1.096497,0.636200
11764.691729,-0.014023,1.302887,0.796967
11764.703307,0.276550,1.429825,0.921204
11764.714750,0.501633,1.675858,0.983521
11764.726188,-0.053848,1.960022,1.713821
11764.736383,-0.374023,1.955444,1.371552
11764.746738,-0.520874,1.957932,0.888062
11764.756946,-0.480576,1.963913,0.544769
11764.765780,-0.217178,1.974625,0.331528
11764.778860,0.408340,1.992477,0.364014
11764.789485,0.744003,2.004837,0.183197
11764.801106,0.957199,2.017410,-0.267685
11764.812308,2.000458,0.666519,-1.933960
11764.823644,1.210907,1.171265,0.271011
11764.834981,-0.171799,0.945984,0.282974
11764.846010,0.184464,1.194519,0.162262
11764.856359,0.301636,0.900284,0.139969
11764.867279,0.314011,0.400543,0.206100
11764.878735,0.160294,0.033981,-0.099609
11764.890000,0.112946,-0.252808,-0.435516
11764.900498,0.253372,-0.386719,-0.554611
11764.912124,0.571396,-0.536453,-0.776901
11764.922538,0.437958,-0.396500,-0.447311
11764.932887,0.220581,-0.153717,-0.032242
11764.944321,0.100525,-0.019012,-0.066589
11764.955151,-0.016495,-0.000595,-0.299820
11764.965476,-0.041565,0.284851,-0.508179
11764.976254,0.018677,0.304077,-0.291168
11764.987408,0.083420,0.375565,-0.027084
11764.998913,0.158096,0.666504,0.070984
11765.009414,0.409134,1.800598,-0.442169
11765.019752,1.540771,2.037933,-0.513092
11765.029833,1.982132,2.044037,-0.025528
11765.041100,1.979156,2.040726,0.203873
11765.051785,1.979477,2.041092,0.178925
11765.062572,1.982330,2.044250,-0.040878
11765.072414,1.606018,2.037064,-0.313660
11765.083599,0.934937,2.014679,-0.120056
11765.094507,0.642029,2.004791,-0.025223
11765.105348,0.490860,1.998230,0.126770
11765.117236,0.416855,1.749481,0.294495
11765.128291,0.520905,1.082748,0.406586
11765.138778,0.514679,0.763214,0.399887
11765.149106,0.575470,0.468109,0.391434
11765.160343,0.604935,0.228104,0.500763
11765.171542,0.633850,0.059494,0.602722
11765.182653,0.556458,-0.061340,0.700638
11765.193688,0.205734,-0.099701,0.613861
11765.204046,-0.132645,-0.119522,0.553482
11765.215429,-0.448578,-0.160080,0.697479
11765.226150,-1.095230,-0.220337,0.785995
11765.236931,-1.342285,-0.231583,0.932159
11765.247756,-1.395111,-0.269470,0.809021
11765.257701,-1.340424,-0.300247,0.539154
11765.268733,-1.239151,-0.327499,0.187271
11765.279921,-1.167496,-0.374557,-0.278580
11765.291330,-1.171738,-0.466858,-1.787964
11765.302638,0.882477,-0.026260,-1.957428
11765.312724,0.844971,1.386841,-1.932709
11765.323478,0.533493,0.468048,-1.015839
11765.335069,0.421448,0.059464,0.997223
11765.345328,0.241821,0.466385,1.698883
11765.356267,0.165665,0.786514,1.630829
11765.367664,0.059097,0.939026,1.609436
11765.377940,0.151062,1.089157,1.893417
11765.389603,0.332764,1.213562,1.970428
11765.401009,0.224396,1.194183,1.802856
11765.412061,0.051834,1.475800,1.910828
11765.422637,-0.287628,1.949753,1.958115
11765.434626,-0.593842,1.949173,1.359650
11765.445491,-0.669373,1.958557,0.533188
11765.456922,-0.504044,1.968246,0.187378
11765.467443,-0.005798,1.984100,0.097565
11765.478093,0.386673,1.995667,0.092072
11765.489157,0.813766,2.011078,-0.115585
11765.500175,1.183151,1.523422,-1.212418
11765.510755,-0.167389,1.558182,-0.520432
11765.521483,-0.169128,1.252655,-0.192657
11765.532505,0.498596,1.322998,0.643036
11765.542910,0.267731,0.655746,0.579895
11765.553815,-0.172012,-0.018784,0.185165
11765.565207,-0.186218,-0.284988,-0.158676
11765.575855,-0.007278,-0.326523,-0.376572
11765.586856,0.140274,-0.327393,-0.702591
11765.597163,0.226898,-0.447571,-1.077408
11765.607610,0.169006,-0.410248,-0.028656
11765.619001,-0.031219,-0.181503,0.030029
11765.629261,-0.035995,-0.067734,-0.011169
11765.640176,-0.112976,-0.025650,-0.039062
11765.651181,-0.201996,-0.042664,-0.126678
11765.662810,-0.261597,0.112030,-0.485611
11765.673506,-0.075851,0.265137,-0.635635
11765.684011,0.151154,0.187073,-0.238144
11765.695537,0.155396,0.293243,0.072006
11765.706010,0.513672,1.217773,-0.112518
11765.716364,1.080017,2.031250,-0.997971
11765.725760,1.525192,2.037415,-0.507492
11765.738249,1.872070,2.039154,0.092331
11765.749610,1.920410,2.042557,-0.049210
11765.760266,1.813660,2.040283,-0.110825
11765.771923,1.374222,2.026886,-0.072235
11765.782379,0.642487,2.005295,-0.059769
11765.793366,0.323212,1.994354,0.053009
11765.804753,-0.027893,1.422195,0.410980
11765.815113,-0.030121,1.055099,0.531189
11765.825462,0.039185,0.730942,0.524216
11765.835994,0.028427,0.462219,0.437714
11765.847587,-0.011963,0.307648,0.436478
11765.859014,-0.019089,0.161026,0.637390
11765.869987,-0.023621,0.004303,0.935150
11765.880370,-0.172348,-0.107513,1.008484
11765.891398,-0.383698,-0.365601,0.927856
11765.902667,-0.953522,-0.506638,0.739105
11765.914075,-1.333954,-0.630371,0.897339
11765.924862,-1.543762,-0.645447,0.557892
11765.935422,-1.334137,-0.735626,-0.027390
11765.946467,-0.902130,-0.784119,-0.265915
11765.956774,-0.554062,-0.841019,-0.079071
11765.968198,-0.086655,-0.777725,-0.691727
11765.979348,0.874374,-0.108536,-1.958984
11765.990704,-0.060989,1.102600,-1.946808
11766.001347,0.158112,0.861084,-0.916565
11766.012267,0.610901,0.331741,0.299088
11766.022956,0.883591,0.305008,1.309647
11766.033358,0.586029,0.569000,1.788651
11766.043493,0.514664,0.938538,1.969269
11766.054506,0.783981,1.313171,1.800003
11766.064644,0.882629,1.659393,1.559387
11766.076111,0.630661,1.970398,1.148499
11766.086590,0.220901,1.978119,0.997620
11766.097985,-0.714981,1.945587,1.362213
11766.108455,-0.847061,1.944534,1.162094
11766.118325,-0.530945,1.960358,0.693054
11766.131341,-0.185867,1.975845,0.309769
11766.142649,0.111069,1.987137,0.123764
11766.154039,0.424225,1.996506,0.109756
11766.165063,0.743408,2.006287,0.079514
11766.176660,1.538437,0.905045,-1.934341
11766.187099,0.830475,1.229340,-1.388275
11766.197941,-0.164536,1.317047,-0.526627
11766.209333,-0.501480,1.044434,-0.112274
11766.220372,-0.180222,1.130020,0.099854
11766.231960,0.076126,0.917160,0.278229
11766.242999,0.284393,0.408859,0.177155
11766.253663,0.377136,0.071045,0.078918
11766.263980,0.372757,-0.353424,-0.032349
11766.274134,0.510162,-0.327591,-0.612457
11766.285760,0.326141,-0.156372,-0.179123
11766.297175,0.142090,-0.060837,0.077118
11766.308243,0.033279,-0.073166,0.171829
11766.318952,0.067657,-0.214554,0.086121
11766.329986,0.279358,-0.575363,-0.982178
11766.340818,0.201477,-0.584122,-1.634186
11766.351890,0.033188,-0.082214,-0.576370
11766.363123,0.264542,0.266708,0.240692
11766.373551,0.355209,0.434189,0.330032
11766.384565,0.584839,0.708267,0.423630
11766.395997,0.844757,1.325027,0.245117
11766.407399,1.165070,2.039825,-1.431976
11766.418017,1.359238,2.037506,-0.861588
11766.429633,1.627426,2.032532,0.054230
11766.439688,1.729019,2.033249,0.214676
11766.451256,1.213837,2.026901,-0.408051
11766.462593,0.830414,2.011765,-0.129791
11766.473043,0.462875,1.997543,0.116898
11766.483363,0.161407,1.866806,0.311310
11766.493776,-0.143448,1.562408,0.481461
11766.504418,-0.291031,1.308731,0.567657
11766.516272,-0.141800,0.981552,0.524918
11766.525790,0.004074,0.736618,0.393356
11766.537248,0.126877,0.533844,0.342010
11766.547650,0.094833,0.407257,0.452759
11766.557886,0.022339,0.122910,0.863754
11766.569257,-0.355560,-0.035950,0.815872
11766.581924,-0.725174,-0.260864,0.548904
11766.590847,-1.043365,-0.459106,0.435593
11766.601409,-1.249329,-0.642807,0.565674
11766.613218,-1.131439,-0.755386,0.550461
11766.624366,-0.854965,-0.750580,0.297852
11766.635319,-0.589920,-0.686691,0.126862
11766.646046,-0.556961,-0.639969,0.067535
11766.657065,0.298065,-0.316757,-1.968445
11766.667234,1.125214,1.227020,-1.932755
11766.679089,0.193909,1.363953,-1.939606
11766.689571,0.063660,1.035904,-1.946747
11766.700861,0.207596,0.355225,-0.199051
11766.711654,0.450806,0.023300,1.338730
11766.721780,0.472610,0.089066,1.850067
11766.732764,0.125168,0.474991,1.957169
11766.743310,0.053787,0.768829,1.961670
11766.754807,0.577682,1.517502,1.567245
11766.765455,0.723801,1.703903,1.118759
11766.776898,0.540314,1.658203,1.208313
11766.788301,-0.271118,1.865677,1.926041
11766.798445,-1.154999,1.924179,1.970123
11766.809841,-1.438156,1.920883,1.612885
11766.820458,-1.164017,1.941467,0.719040
11766.832102,-0.783447,1.960739,0.139313
11766.843142,0.012833,1.984909,0.078552
11766.854884,0.532166,2.001144,0.005325
11766.866135,2.004700,1.651123,-1.916428
11766.876803,1.997986,0.093140,-1.944168
11766.887763,1.832489,0.752121,-0.446594
11766.898099,0.086182,1.079514,0.006561
11766.909772,-0.226242,0.843216,0.112549
11766.921096,0.248917,0.659256,0.011292
11766.931563,0.341721,0.244049,-0.419617
11766.943204,0.305496,-0.061661,-0.498383
11766.954230,0.376083,-0.293274,-0.344299
11766.965543,0.475204,-0.386322,-0.400665
11766.976454,0.464844,-0.290176,-0.239670
11766.987096,0.313232,-0.082382,0.021774
11766.997774,0.171570,-0.030380,0.056808
11767.008487,0.101944,-0.132553,0.160919
11767.019342,0.155685,-0.332611,-0.019730
11767.029893,0.120697,-0.326645,-1.214615
11767.040058,0.148727,0.131073,-0.219955
11767.050341,0.200760,0.289505,0.083939
11767.060669,0.282501,0.457474,0.190475
11767.072306,0.459717,0.693909,0.279984
11767.083320,0.775360,1.234146,0.033463
11767.095001,1.651627,2.058426,-1.741776
11767.105814,1.989151,2.051849,-0.568863
11767.116962,1.972458,2.033264,0.722244
11767.128569,1.983414,2.045471,-0.125351
11767.137646,1.661591,2.046402,-0.864182
11767.150029,1.040115,2.022568,-0.461716
11767.160263,0.684799,2.007217,-0.109253
11767.170823,0.712051,1.716919,0.306458
11767.182190,0.352646,1.400040,0.418243
11767.193567,-0.007538,1.203110,0.333344
11767.204921,-0.223648,0.743530,0.400818
11767.215342,-0.085159,0.551941,0.489059
11767.226372,0.035629,0.395554,0.606567
11767.238075,0.257416,0.269485,0.794754
11767.248951,0.404190,0.152618,0.866180
11767.260083,0.305557,0.041107,0.811356
11767.270405,0.057617,-0.062195,0.693726
11767.281408,-0.184402,-0.173004,0.566422
11767.292994,-0.466019,-0.280914,0.430115
11767.303686,-1.322784,-0.593597,-0.031464
11767.314480,-1.174576,-0.489639,0.457748
11767.325561,-0.988251,-0.327377,0.491318
11767.336572,-0.941101,-0.332825,0.213211
11767.347222,0.353409,-0.512436,-1.971359
11767.357186,1.362335,-0.166580,-1.955124
11767.367519,1.381943,0.785233,-1.938034
11767.379041,0.648239,0.465958,-1.951035
11767.389519,0.668808,-0.007278,0.423279
11767.401209,0.567413,0.366394,1.357529
11767.412629,0.022095,0.641388,1.369461
11767.423927,0.030243,0.942703,1.217377
11767.435342,0.238144,1.305008,1.451569
11767.446366,0.418549,1.662247,1.711334
11767.457333,0.268188,1.963669,1.985031
11767.467456,-0.223938,1.951309,1.979904
11767.477887,-0.878876,1.932220,1.973022
11767.489212,-1.004089,1.935669,1.465744
11767.499554,-0.867661,1.959412,0.057800
11767.510668,-0.661896,1.967926,-0.119553
11767.522718,-0.255402,1.979324,-0.083603
11767.532230,0.066986,1.988495,-0.063889
11767.542671,2.006500,2.071152,-1.908936
11767.553382,2.001846,0.990814,-1.928177
11767.563955,1.159637,1.520523,-0.289841
11767.578631,-0.064178,1.579208,0.425888
11767.597407,0.260880,0.578415,-0.119659
11767.607860,0.322952,0.112549,-0.137878
11767.619270,0.350784,-0.059357,0.199265
11767.630355,0.371994,-0.193893,0.083771
11767.641988,0.574585,-0.359222,-0.660400
11767.653393,0.771362,-0.448257,-1.076813
11767.664143,0.509689,-0.311844,-0.343292
11767.675088,0.164734,-0.103775,0.259995
11767.686496,0.212296,-0.225494,-0.015366
11767.697941,0.407547,-0.496979,-0.451324
11767.708445,0.416595,-0.624344,-0.825150
11767.719014,0.220398,-0.231873,-0.798035
11767.729337,0.252014,0.034637,-0.373337
11767.740723,0.392059,0.170166,0.007858
11767.752126,0.453552,0.347275,0.185425
11767.763156,0.618011,0.778854,0.056442
11767.774041,1.101227,2.032822,-1.064957
11767.784757,1.402313,2.028732,-0.145874
11767.796996,1.718521,2.032059,0.276978
11767.807763,1.881332,2.037933,0.198990
11767.818691,1.878784,2.043457,-0.201355
11767.829381,1.454254,2.034058,-0.416077
11767.841016,1.003876,2.015823,-0.056931
11767.852413,0.215942,1.672348,0.220032
11767.863101,-0.146011,1.404327,0.324020
11767.874012,-0.387207,1.183243,0.468445
11767.885043,-0.481247,1.004501,0.409592
11767.896009,-0.381012,0.795029,0.301224
11767.907356,-0.223618,0.594879,0.271408
11767.918514,-0.099091,0.460876,0.335571
11767.928960,-0.057617,0.298248,0.594299
11767.939973,-0.076843,-0.004837,0.849930
11767.950613,-0.568451,-0.199493,0.889603
11767.961091,-0.845749,-0.385635,0.765381
11767.971870,-1.058945,-0.591690,0.244843
11767.982390,-1.074905,-0.771378,0.066727
11767.993384,-0.834595,-0.783768,0.058350
11768.003991,-0.657776,-0.735214,-0.037903
11768.013989,-0.684219,-0.610748,-0.122375
11768.025124,-0.232895,-0.531021,-0.683990
11768.035651,1.380127,0.135696,-1.949585
11768.046023,0.744766,1.060638,-1.939499
11768.055863,0.005951,1.122131,-1.945786
11768.066615,0.190033,0.610992,-1.754257
11768.077795,0.378494,-0.045776,1.587418
11768.089174,0.157166,0.257141,1.953598
11768.098243,-0.150101,0.428864,1.953583
11768.111998,-0.187637,0.708084,1.958160
11768.123058,-0.046051,1.011322,1.527069
11768.134650,0.175522,1.441757,1.321823
11768.146114,0.457245,1.986008,0.927124
11768.157245,-0.379761,1.956421,1.289886
11768.169037,-0.845139,1.943512,1.237961
11768.180431,-0.774307,1.949890,0.931488
11768.191321,-0.563904,1.959396,0.693665
11768.202747,-0.361572,1.966141,0.635300
11768.213095,0.092590,1.979187,0.652557
11768.223419,0.646912,1.997589,0.498062
11768.233562,0.994263,2.011414,0.237686
11768.245163,1.997101,0.837769,-1.614029
11768.256570,1.943054,1.299164,0.413116
11768.266883,0.293610,1.238647,0.656784
11768.277034,0.327652,0.810089,0.495850
11768.288152,0.835938,0.832489,0.378403
11768.299672,0.705566,0.604736,0.115692
11768.311085,0.557587,0.216797,-0.115433
11768.321929,0.470047,-0.157059,-0.596405
11768.331990,0.561127,-0.466949,-1.157974
11768.343107,0.493011,-0.509293,-0.021439
11768.354133,0.509277,-0.427399,0.024338
11768.365541,0.163574,-0.314941,0.200531
11768.376803,0.045029,-0.488907,0.166504
11768.386884,0.171036,-0.702606,-0.214386
11768.397978,0.192642,-0.876831,-1.051758
11768.409550,0.001816,-0.470001,-1.133850
11768.420198,0.063278,-0.129639,-0.823715
11768.431307,0.242172,0.337738,-0.482330
11768.442888,0.399414,0.484421,-0.302414
11768.454301,0.617172,0.636246,-0.155426
11768.465838,0.924820,0.896835,-0.330170
11768.477126,1.321960,1.403717,-0.746460
11768.487543,1.637299,2.038284,-0.335434
11768.497880,1.976135,2.037369,0.437134
11768.508106,1.965576,2.025620,1.253082
11768.518739,1.990372,2.053207,-0.662933
11768.529489,1.844818,2.053970,-1.021622
11768.540413,1.416473,1.683243,-0.767426
11768.550886,1.009659,1.300491,-0.307739
11768.561379,0.836334,1.015991,0.112762
11768.572320,0.667725,0.677292,0.297134
11768.583255,0.570480,0.368668,0.366547
11768.595125,0.461090,0.201126,0.450821
11768.606318,0.321564,0.212448,0.607132
11768.617395,0.237976,0.528488,0.814529
11768.629005,0.190842,0.590729,0.736420
11768.640464,0.014267,0.506836,0.498856
11768.651439,-0.358047,0.289932,0.070679
11768.661762,-1.011810,0.010895,-0.343170
11768.671788,-1.492920,-0.317032,-0.114670
11768.683382,-1.386047,-0.509811,0.620453
11768.694769,-1.124573,-0.256561,0.870544
11768.706311,-0.795746,-0.208511,-0.197968
11768.716169,-0.490845,-0.637619,-1.982010
11768.724994,1.144623,-0.338959,-1.960373
11768.738550,1.250961,0.510880,-1.944214
11768.749906,0.844437,0.605423,-1.940842
11768.760559,0.784348,0.083893,0.360748
11768.770891,0.572998,0.248260,0.806168
11768.780922,0.039703,0.767303,0.647781
11768.792522,-0.097244,0.971176,0.523285
11768.803937,0.178177,1.530609,1.747879
11768.814668,0.343185,1.835007,1.983505
11768.823648,0.204239,1.963776,1.984406
11768.835188,-0.184235,1.952454,1.980316
11768.845547,-0.147247,1.958984,1.592834
11768.856959,-0.139862,1.967209,1.021667
11768.867881,-0.094421,1.975769,0.506592
11768.878822,0.032028,1.983170,0.241974
11768.889337,0.280594,1.992065,0.126495
11768.900497,0.661240,2.004089,0.064240
11768.911701,2.003220,1.309235,-1.922516
11768.922804,1.442749,0.279129,-1.946411
11768.933870,1.536789,1.322510,0.824326
11768.944309,0.384033,1.369232,0.450668
11768.955394,0.038223,0.933655,0.067810
11768.966900,0.602448,0.843628,-0.066422
11768.977658,0.686249,0.564606,-0.128143
11768.988697,0.555038,-0.045334,-0.235352
11768.999837,0.330582,-0.301300,-0.424606
11769.010763,0.460892,-0.459152,-0.669067
11769.022025,0.440659,-0.346268,-0.262009
11769.032730,0.254883,-0.135040,0.171021
11769.042714,0.184036,-0.046738,0.135406
11769.053729,0.131653,-0.308121,0.273331
11769.063787,0.254547,-0.775223,0.121231
11769.075059,0.563843,-1.027710,-0.662781
11769.085467,0.471420,-0.759705,-1.367645
11769.096463,0.439011,-0.238312,-0.997635
11769.107448,0.373825,0.267029,0.029556
11769.118812,0.432266,0.705994,-0.291428
11769.129038,0.722961,1.589111,-1.564453
11769.140699,1.214584,1.975632,-0.860306
11769.152118,1.655518,2.035477,-0.097137
11769.162819,1.983078,2.045090,-0.099442
11769.173239,1.979355,2.040939,0.188507
11769.183934,1.970291,2.030853,0.889267
11769.195542,1.642120,2.028946,0.340500
11769.206952,1.296738,2.028854,-0.374512
11769.217666,1.073654,1.837677,-0.722992
11769.228116,0.836227,1.545471,-0.444382
11769.239151,0.657104,1.315277,-0.007538
11769.250736,0.546112,1.033112,0.235962
11769.262158,0.468979,0.730667,0.325867
11769.273315,0.457794,0.244370,0.496689
11769.283863,0.405579,0.147537,0.604904
11769.294953,0.332703,0.117966,0.611328
11769.306516,0.167786,0.107132,0.550903
11769.316695,-0.063889,0.070251,0.398132
11769.327421,-0.345856,-0.018555,0.293854
11769.338950,-0.636871,-0.090622,0.296387
11769.349369,-0.948135,-0.191284,0.206985
11769.360973,-1.028351,-0.296722,0.381989
11769.372409,-0.827438,-0.134125,0.560684
11769.382739,-0.726456,-0.129700,0.317856
11769.392982,-1.197861,-0.607422,-1.988541
11769.401828,1.112869,-0.509827,-1.963730
11769.415119,1.448715,0.091782,-1.949692
11769.426492,0.845291,0.337906,-1.951340
11769.437307,0.871292,-0.209503,0.428421
11769.447760,0.720657,0.022873,0.469467
11769.458771,0.011932,0.561813,0.474823
11769.470377,-0.125687,1.015427,0.790756
11769.481800,0.205063,1.474152,1.372620
11769.493024,0.505539,1.972565,1.987564
11769.504378,0.652817,1.976852,1.989105
11769.515421,0.112213,1.961105,1.983429
11769.526364,-0.541718,1.942047,1.976562
11769.537063,-0.611877,1.951126,1.181854
11769.547457,-0.359436,1.972717,0.169693
11769.557366,0.075012,1.985886,0.138733
11769.567570,0.773331,2.007034,0.088455
11769.577596,0.969177,2.017090,-0.220505
11769.588549,1.408859,0.737183,-1.938614
11769.599975,1.444702,0.623230,-0.773499
11769.611417,0.966080,1.300308,0.520523
11769.621856,0.016403,1.276947,0.830429
11769.632177,0.310715,0.895691,0.486633
11769.643162,0.806595,1.070694,0.260391
11769.654895,0.625549,0.584839,-0.373276
11769.666190,0.395432,-0.366074,-0.894714
11769.676589,0.538864,-0.462280,-0.630920
11769.687374,0.499603,-0.275726,-0.224640
11769.698789,0.287537,-0.071136,0.139847
11769.710203,0.169312,-0.041550,0.152649
11769.721682,0.182343,-0.299484,0.252853
11769.731863,0.233871,-0.718826,0.167160
11769.743233,0.399902,-0.917328,-0.307159
11769.754736,0.335800,-0.425430,-1.174850
11769.765739,0.447083,-0.126404,-0.532700
11769.777116,0.423294,0.116974,-0.104156
11769.787302,0.405289,0.405518,0.041946
11769.798918,0.512451,0.892914,-0.285385
11769.810346,0.897949,1.877747,-1.508621
11769.821610,1.586990,2.046326,-1.014725
11769.831988,1.966934,2.027115,1.148453
11769.842706,1.962082,2.021713,1.523804
11769.854289,1.973862,2.034836,0.612808
11769.865703,1.252045,2.028458,-0.439316
11769.876434,1.121002,2.025421,-0.497330
11769.886868,1.076660,1.692596,-0.331802
11769.897053,0.803894,1.373566,-0.026184
11769.907505,0.534714,1.299606,0.086945
11769.918909,0.375916,1.036438,0.061493
11769.930375,0.352463,0.437424,0.093826
11769.940921,0.339737,0.299561,0.354385
11769.950907,0.470032,0.230499,0.745300
11769.962524,0.503723,0.240738,0.991638
11769.973918,0.332581,0.281799,0.978180
11769.984587,0.130463,0.234528,0.933090
11769.995659,-0.094147,0.081375,0.795593
11770.006359,-0.331970,-0.092010,0.544296
11770.017780,-0.659485,-0.215256,0.429352
11770.029188,-1.040024,-0.331100,0.370697
11770.039174,-0.917648,-0.344574,0.194016
11770.049726,-1.282196,-0.375443,-1.151718
11770.060361,-1.477859,-0.615585,-1.991486
11770.068475,1.112274,-0.427811,-1.962280
11770.082155,1.599838,0.314957,-1.944199
11770.092850,0.608261,0.403290,-1.952545
11770.104289,0.597366,0.021912,-0.414291
11770.114338,0.718018,-0.350815,0.918945
11770.124752,0.597794,-0.247864,1.338287
11770.135796,0.083023,0.414124,0.843613
11770.147108,-0.086380,0.696167,0.860367
11770.158363,0.250275,0.944351,1.210037
11770.169823,0.661819,1.244766,1.407700
11770.180940,1.115814,1.663162,1.360107
11770.191463,1.275757,1.994995,1.995651
11770.201798,0.827194,1.981934,1.990936
11770.213227,-0.517502,1.942749,1.976822
11770.223941,-0.984406,1.949173,0.543320
11770.234468,-0.044846,1.980530,0.269012
11770.244305,0.518127,1.998108,0.191391
11770.254792,0.798355,2.009689,-0.049500
11770.266166,2.000946,0.781784,-1.931900
11770.274194,1.998032,0.103882,-1.943970
11770.288326,1.246460,1.174820,0.371307
11770.298738,0.162094,1.243469,1.014709
11770.310363,0.108627,0.813614,0.276703
11770.321214,0.400742,1.032944,0.013672
11770.331998,0.495804,0.252563,-0.495712
11770.343572,0.487915,-0.032608,-0.586334
11770.354365,0.407501,-0.228592,-0.503220
11770.365623,0.405975,-0.271255,-0.249512
11770.377029,0.309341,-0.173004,0.065262
11770.387848,0.253204,-0.211441,-0.027191
11770.398603,0.201187,-0.310013,0.065613
11770.409014,0.225632,-0.356842,0.182159
11770.419332,0.315170,-0.394226,-0.238190
11770.430747,-0.039093,-0.446136,-1.107910
11770.442162,-0.095169,-0.050674,-0.376404
11770.453391,0.049637,0.104401,-0.058167
11770.463820,0.145462,0.223648,0.067810
11770.474148,0.223038,0.406815,0.125610
11770.485560,0.427917,0.753601,0.137650
11770.496231,0.982803,1.921204,-1.086380
11770.507620,1.632736,2.045792,-0.880798
11770.518158,1.971375,2.032059,0.805756
11770.529788,1.983978,2.046082,-0.168549
11770.538379,1.996140,2.059616,-1.108337
11770.550206,1.369614,2.034363,-0.615677
11770.560627,0.820007,2.008606,0.073593
11770.572193,0.774734,1.896255,0.466797
11770.583290,0.512405,1.472458,0.601639
11770.593694,0.298401,1.168900,0.485611
11770.605182,0.279419,0.836319,0.337357
11770.616449,0.383057,0.301743,0.150314
11770.627544,0.465820,0.195465,0.308655
11770.639095,0.548630,0.149628,0.406601
11770.649330,0.486938,0.119827,0.521667
11770.660991,0.261047,0.097443,0.601593
11770.672364,-0.023102,0.062561,0.613510
11770.682863,-0.323120,-0.045898,0.548080
11770.694452,-0.681244,-0.282547,0.514389
11770.705614,-1.138718,-0.384766,0.718292
11770.717309,-0.952316,-0.366302,0.695511
11770.728236,-0.828140,-0.294220,0.482925
11770.738336,-0.724640,-0.257126,0.282974
11770.748622,-0.803085,-0.297256,-0.712448
11770.759586,0.436432,0.098434,-1.959686
11770.770301,0.811584,1.503067,-1.930984
11770.781739,0.055618,1.195862,-1.943985
11770.791917,0.058914,0.461838,-0.727783
11770.802535,0.232712,-0.157379,1.508148
11770.813579,0.206238,0.369171,1.869659
11770.823897,0.098892,0.747635,1.686111
11770.835326,0.082367,1.061310,1.575333
11770.846307,0.294144,1.337463,1.553558
11770.857597,0.508209,1.332214,1.328964
11770.868632,0.392807,1.213135,1.221008
11770.878899,0.179794,1.158142,1.491592
11770.890399,-0.230545,1.860016,1.857193
11770.901010,-0.368347,1.953369,1.530975
11770.911404,-0.198135,1.966400,0.957687
11770.921393,0.044174,1.978836,0.576218
11770.931053,0.533813,1.995636,0.400848
11770.943287,1.156540,2.017731,0.126099
11770.953864,2.004486,1.603271,-1.917267
11770.965218,1.999130,0.358826,-1.939438
11770.975679,1.974213,0.644119,0.096405
11770.986863,0.488266,0.848007,0.148575
11770.998259,-0.074997,0.835999,0.176361
11771.008925,0.647247,0.647766,-0.079041
11771.020382,0.401627,0.248611,-0.482315
11771.030882,0.284317,-0.126099,-0.683167
11771.042558,0.319473,-0.326340,-0.474152
11771.051328,0.326096,-0.305222,-0.153915
11771.062140,0.252457,-0.188950,0.038483
11771.072884,0.254349,-0.224731,-0.121506
11771.083406,0.266525,-0.421310,-0.081665
11771.094752,0.274902,-0.471130,0.075958
11771.105142,0.256958,-0.645752,-0.397842
11771.115540,0.110611,-0.865112,-1.223328
11771.126403,0.086380,-0.092575,-0.422363
11771.137660,0.324814,-0.000275,-0.097610
11771.149144,0.308914,0.259308,0.025894
11771.159180,0.372711,0.649017,0.023849
11771.169494,0.689697,1.516296,-1.037918
11771.180903,1.264359,2.039017,-1.167892
11771.191834,1.979370,2.040955,0.187546
11771.203272,1.968628,2.029007,1.017899
11771.213760,1.974731,2.035797,0.545609
11771.224065,1.990341,2.053162,-0.660049
11771.234327,1.364349,2.029541,-0.282593
11771.245924,1.081757,1.928085,-0.116302
11771.256283,0.803085,1.670181,0.066452
11771.267044,0.649216,1.518875,0.225479
11771.277445,0.662125,1.250244,0.181458
11771.288459,0.822983,0.842728,0.109558
11771.299461,0.889114,0.485168,0.039520
11771.310189,0.856918,0.198990,0.107117
11771.321078,0.700150,0.032944,0.334991
11771.332467,0.498398,0.038132,0.657654
11771.343496,0.275742,0.101852,0.666168
11771.355209,0.036697,0.103897,0.647491
11771.366529,-0.197403,0.028412,0.594833
11771.377778,-0.466278,-0.054688,0.529205
11771.387832,-0.778778,-0.168182,0.306091
11771.398917,-0.905182,-0.294907,0.370758
11771.409614,-0.871460,-0.294449,0.687042
11771.421036,-0.694702,-0.174866,0.471024
11771.432148,-0.669662,-0.169312,0.334045
11771.442364,-0.745300,-0.208389,-0.728516
11771.453399,1.302216,0.037750,-1.952103
11771.464544,0.658417,1.252487,-1.936951
11771.475998,-0.030472,0.989212,-1.948517
11771.486717,0.128891,0.325775,-0.491348
11771.497149,0.369370,-0.237411,1.023117
11771.508330,0.340134,0.282135,1.598648
11771.519211,-0.032990,0.639679,1.585907
11771.530607,0.001801,1.089172,1.371460
11771.540932,0.069809,1.507584,1.353622
11771.551220,0.491592,1.733215,1.330139
11771.561499,0.786713,1.788055,1.380173
11771.572716,0.785324,1.929916,1.989594
11771.583729,0.394119,1.969315,1.986389
11771.595577,-0.158066,1.953217,1.980591
11771.606933,-0.379196,1.969650,0.348053
11771.617082,-0.130600,1.979614,0.156754
11771.629342,0.345520,1.995010,0.052292
11771.640789,0.724579,2.009476,-0.187561
11771.651434,2.001724,0.960526,-1.928726
11771.661928,1.820450,0.497238,-1.107147
11771.672986,1.402832,1.133148,0.325058
11771.684581,0.171234,0.872192,-0.426498
11771.695368,0.322556,1.022232,-0.012268
11771.706391,0.423706,0.903534,0.442780
11771.717453,0.514053,0.517441,0.437775
11771.728503,0.444534,0.095963,0.044510
11771.740096,0.257736,-0.313080,-0.641617
11771.751504,0.481064,-0.565231,-1.144196
11771.762108,0.597107,-0.558487,-0.825043
11771.773691,0.412491,-0.358093,-0.034912
11771.785101,0.376770,-0.298950,0.202942
11771.796622,0.307220,-0.268692,0.197037
11771.807692,0.236069,-0.527969,-0.689819
11771.818054,-0.190704,-0.208542,-1.439377
11771.829783,0.032974,0.101334,-0.570236
11771.841197,0.217987,0.170364,-0.091812
11771.852282,0.251007,0.632202,0.063629
11771.863225,0.422775,1.065216,0.195938
11771.874261,0.813370,1.716583,0.263260
11771.885839,1.843460,2.062973,-1.665848
11771.895860,1.987427,2.049927,-0.435425
11771.907295,1.972427,2.033234,0.724167
11771.917974,1.973297,2.034195,0.656967
11771.928659,1.611832,2.037216,-0.312653
11771.940302,0.648926,2.009293,-0.332367
11771.951691,0.406387,1.799332,-0.079239
11771.962421,0.340759,1.583359,0.277328
11771.973471,0.169266,1.403168,0.438538
11771.983457,0.168701,1.299652,0.295517
11771.993891,0.429245,1.082520,0.300034
11772.005209,0.725876,0.856918,0.357574
11772.015695,0.973328,0.575928,0.152420
11772.027073,0.919174,0.402313,0.159348
11772.037576,0.646072,0.276520,0.407913
11772.047575,0.138168,0.165146,0.462326
11772.059109,-0.186813,0.029861,0.374100
11772.069077,-0.594299,-0.150391,-0.020142
11772.080443,-0.838348,-0.292694,0.072800
11772.090413,-0.830215,-0.408249,0.528900
11772.101922,-0.714722,-0.410660,0.663498
11772.112921,-0.523987,-0.295212,0.561813
11772.124267,-0.526947,-0.141464,0.319641
11772.135686,-0.563202,-0.129913,-0.021408
11772.146750,1.014908,0.131882,-1.953293
11772.156321,0.965591,1.053421,-1.937424
11772.168274,0.198563,0.870880,-1.948334
11772.179011,0.240631,0.203979,-0.559616
11772.190608,0.310455,-0.193359,1.101105
11772.201634,0.192932,0.020233,1.575226
11772.213257,-0.039413,0.320023,1.517731
11772.224190,-0.200897,0.877975,1.240814
11772.234997,0.075729,1.089844,1.199326
11772.246518,0.392776,1.230515,1.304871
11772.257244,0.619690,1.536819,1.322174
11772.268254,0.656281,1.977570,1.944977
11772.278788,0.311783,1.966919,1.985535
11772.290397,-0.072586,1.961227,1.588821
11772.300838,-0.330963,1.965591,0.738358
11772.311298,-0.501038,1.968430,0.179733
11772.322015,0.484116,2.000183,-0.026886
11772.333349,2.006317,2.026215,-1.909744
11772.344443,1.853348,0.253998,-1.942764
11772.355610,1.880676,0.508469,0.239044
11772.366643,1.281769,1.156876,0.330994
11772.378074,-0.072464,1.175415,-0.126785
11772.389604,-0.079041,0.912827,-0.084473
11772.401157,0.550369,0.829132,0.509933
11772.412557,0.606720,0.440048,0.437317
11772.422755,0.393860,0.075775,-0.013962
11772.434355,0.306183,-0.342316,-1.103546
11772.445768,0.622650,-0.649780,-1.785782
11772.456496,0.541183,-0.608582,-0.713181
11772.466918,0.459030,-0.452927,-0.071671
11772.477596,0.441895,-0.316116,0.029480
11772.489206,0.176834,-0.301941,-0.072754
11772.500598,-0.078720,-0.410706,-0.651520
11772.511334,-0.269547,0.001266,-0.961105
11772.521771,-0.095734,0.167618,-0.481033
11772.532748,0.066818,0.252518,-0.134109
11772.542999,0.119797,0.377121,0.007889
11772.553363,0.210526,0.671097,0.061981
11772.564563,0.486465,1.121582,-0.066467
11772.574933,1.346436,2.045303,-1.444489
11772.585636,1.991501,2.054474,-0.750290
11772.596831,1.969315,2.029770,0.965118
11772.607871,1.978363,2.039841,0.265305
11772.616987,1.395874,2.036285,-0.697998
11772.630274,0.939285,2.020584,-0.530930
11772.640737,0.731018,2.010330,-0.235489
11772.652453,0.564026,1.675156,0.048782
11772.663841,0.471741,1.423111,0.205673
11772.674718,0.452103,1.131653,0.048569
11772.685564,0.791519,0.857010,0.001038
11772.696021,0.953613,0.601318,0.112335
11772.707671,0.949387,0.357513,0.280838
11772.719068,0.698776,0.218201,0.357468
11772.729602,0.436691,0.163422,0.302032
11772.741035,0.233612,0.114197,0.254944
11772.751106,0.020844,0.066605,0.208786
11772.761412,-0.292206,-0.034912,0.107803
11772.772836,-0.582275,-0.276138,0.054520
11772.783883,-0.714676,-0.380127,0.367294
11772.795352,-0.598999,-0.387375,0.637207
11772.805829,-0.449966,-0.315002,0.524750
11772.816193,-0.436859,-0.180664,0.306396
11772.827597,-0.401169,-0.117264,0.040909
11772.839036,-0.318573,-0.449951,-1.976959
11772.850472,1.041763,-0.153458,-1.958099
11772.860956,0.908737,0.405319,-1.889008
11772.871364,0.762695,0.006348,0.134445
11772.881544,0.332565,0.303558,0.612686
11772.891863,-0.273285,0.657257,0.388229
11772.902913,-0.322769,0.713058,0.414642
11772.913115,-0.130493,1.018494,0.562195
11772.924485,0.226822,1.442703,0.874847
11772.935023,0.562302,1.782745,1.500748
11772.946638,0.818466,1.981674,1.990845
11772.957262,0.483261,1.971909,1.987335
11772.968752,-0.320541,1.955124,1.506531
11772.979128,-0.279800,1.967911,0.679367
11772.988864,-0.186859,1.978958,0.086044
11773.001392,0.116409,1.990967,-0.138275
11773.012645,0.358963,1.999481,-0.238449
11773.022980,1.249847,2.049103,-1.916885
11773.033512,1.352173,0.843933,-1.937286
11773.044070,0.972076,0.655411,-0.850647
11773.054389,1.022476,1.470200,0.714249
11773.065285,0.278503,1.477234,-0.644180
11773.078531,-0.169937,1.210785,-0.971268
11773.086889,0.438263,0.864532,0.049454
11773.097442,0.522736,0.473999,0.348740
11773.109031,0.357605,0.127518,0.261230
11773.120570,0.133545,-0.224075,-0.141922
11773.131557,0.234848,-0.577866,-0.686890
11773.142938,0.734650,-0.587158,-1.208328
11773.153742,0.638031,-0.298401,-0.824829
11773.164054,0.279160,0.003998,-0.010620
11773.175456,0.053009,0.202866,0.242249
11773.186154,0.001266,-0.079086,0.249191
11773.197487,0.096375,-0.492783,-0.286285
11773.208523,0.127426,-0.425293,-1.620605
11773.218888,0.040985,0.037201,-1.065872
11773.230297,0.073257,0.263062,-0.106018
11773.241394,0.140335,0.421616,0.082779
11773.252934,0.241760,0.979446,0.153244
11773.263521,0.972122,1.587250,-1.051117
11773.273854,2.006500,2.071152,-1.908936
11773.282928,1.979980,2.041641,0.140518
11773.295576,1.960281,2.019714,1.662979
11773.306244,1.963730,2.023560,1.396118
11773.316566,1.983627,2.045700,-0.141678
11773.328121,1.394943,2.037354,-0.775757
11773.338408,1.087967,2.025421,-0.564880
11773.349328,0.822815,1.801727,-0.216217
11773.360738,0.667007,1.373001,0.146240
11773.371812,0.971405,1.110840,0.038971
11773.382042,1.113281,0.795486,0.044403
11773.392722,1.041962,0.515533,0.143402
11773.404342,0.849792,0.314911,0.326111
11773.415729,0.537308,0.259399,0.495834
11773.426800,0.388779,0.259613,0.519333
11773.437120,0.241241,0.247284,0.461929
11773.448158,0.044067,0.212021,0.336411
11773.459766,-0.527466,-0.035614,-0.053940
11773.471162,-0.796936,-0.165359,0.136948
11773.481717,-0.833221,-0.245056,0.519287
11773.492636,-0.724991,-0.256958,0.687256
11773.503705,-0.600098,-0.168732,0.648773
11773.514217,-0.553955,-0.078064,0.408844
11773.525617,-0.473404,-0.057892,0.253479
11773.536145,-0.595779,-0.215149,-1.885300
11773.546514,1.121780,0.656540,-1.942902
11773.556604,1.059647,0.621536,-1.944153
11773.568510,0.377411,0.135162,-0.522034
11773.579778,0.216751,-0.068359,1.048615
11773.589435,-0.080536,0.132965,1.185577
11773.600988,-0.226822,0.336899,1.107071
11773.611281,-0.273743,0.578186,1.149277
11773.621700,-0.100220,0.807983,1.146469
11773.632973,0.190491,1.045883,1.299576
11773.643650,0.604019,1.468170,1.309280
11773.655044,0.913010,1.985062,1.947678
11773.665704,0.560776,1.974167,1.988144
11773.676917,-0.225128,1.958405,1.471039
11773.688392,-0.483246,1.963043,0.601395
11773.699458,-0.299454,1.974396,0.176086
11773.710893,0.207092,1.990051,0.117081
11773.721028,0.666931,2.005188,-0.001923
11773.731353,1.485260,2.055969,-1.914413
11773.742179,1.903366,0.617798,-1.935791
11773.753072,1.367691,1.109558,0.262833
11773.764532,0.237564,1.312149,-0.382477
11773.775582,-0.388504,1.087570,-0.443604
11773.785857,0.094330,0.992935,-0.281067
11773.796118,0.458603,0.905869,0.140656
11773.806733,0.631287,0.584290,0.234634
11773.818151,0.651398,0.180313,0.035583
11773.828879,0.532257,-0.127213,-0.226486
11773.839208,0.500061,-0.392502,-0.602188
11773.849798,0.578125,-0.476135,-0.675888
11773.861409,0.225281,-0.013840,0.103745
11773.872875,0.067871,0.146393,0.120377
11773.883864,0.025742,-0.040939,0.016769
11773.894173,0.225403,-0.548264,-0.169815
11773.905307,0.417114,-0.902695,-1.037506
11773.915957,0.238617,-0.513016,-1.332932
11773.927500,0.160599,0.035904,-0.723770
11773.938328,0.199402,0.207626,-0.140305
11773.948912,0.223572,0.569824,0.067047
11773.958928,0.577515,0.933746,-0.206238
11773.969256,1.259842,1.794724,-1.730209
11773.980788,1.893890,2.054016,-0.921249
11773.989187,1.974869,2.035950,0.536011
11774.002556,1.962677,2.022385,1.477722
11774.013020,1.964783,2.024734,1.314529
11774.024572,1.980194,2.041870,0.124191
11774.035966,1.330002,2.030197,-0.400101
11774.046388,1.194214,1.923004,-0.425446
11774.056103,1.072968,1.608963,-0.298737
11774.067017,0.821396,1.236008,-0.003479
11774.077661,0.970947,0.912033,0.004745
11774.087721,1.003006,0.582306,0.106735
11774.098271,0.819382,0.388626,0.229172
11774.109503,0.531021,0.344406,0.412781
11774.120344,0.388840,0.398758,0.489151
11774.131776,0.298126,0.425674,0.470490
11774.141922,0.184708,0.365005,0.378952
11774.152869,-0.010315,0.246384,0.211670
11774.164268,-0.329865,-0.078568,0.008698
11774.175642,-0.818634,-0.217117,0.299057
11774.187044,-0.773636,-0.278976,0.694061
11774.198066,-0.652847,-0.268082,0.797241
11774.209663,-0.558640,-0.169632,0.589630
11774.221094,-0.543533,-0.082840,0.424225
11774.231555,-0.448837,-0.073318,0.221756
11774.243144,0.610474,0.019547,-1.959351
11774.253623,0.971878,0.711746,-1.943436
11774.265282,0.369247,0.690292,-1.949829
11774.276684,0.354538,0.171448,-0.162445
11774.287691,0.332596,-0.187912,1.038986
11774.299349,0.086014,0.073730,1.020050
11774.310039,-0.010208,0.396545,0.858688
11774.320857,-0.092819,0.658356,0.896118
11774.332206,0.390884,1.187576,1.436630
11774.343165,0.909805,1.512314,1.654999
11774.354017,1.127060,1.991211,1.955704
11774.364512,1.016129,1.987442,1.992935
11774.376023,0.486450,1.974426,1.814545
11774.387560,0.020721,1.969559,1.189438
11774.398317,-0.096909,1.975098,0.548798
11774.409445,0.089310,1.987091,0.082260
11774.420854,1.090942,2.024506,-0.494766
11774.431853,2.001633,0.940994,-1.929062
11774.440081,1.662720,0.297256,-1.943893
11774.452594,1.858276,1.198227,1.094208
11774.464248,0.594452,1.417908,-0.072601
11774.475634,-0.141129,1.202789,-0.200928
11774.487183,0.314728,0.984177,-0.170502
11774.498102,0.621033,0.524094,0.256516
11774.508715,0.628860,0.234543,0.300415
11774.519670,0.432938,-0.026886,0.073898
11774.531063,0.288940,-0.333435,-0.587891
11774.541297,0.499802,-0.630249,-1.343948
11774.551263,0.532379,-0.613632,-0.859344
11774.561837,0.352188,-0.372742,-0.021378
11774.573326,0.305222,-0.145370,0.245285
11774.583485,0.172134,0.005173,0.099716
11774.595345,0.135757,-0.371674,0.007172
11774.605582,0.123215,-0.333084,-0.959259
11774.615796,0.047653,0.070038,-0.817444
11774.626218,0.205597,0.223038,-0.389664
11774.637253,0.241745,0.346573,-0.068268
11774.648959,0.305283,0.655426,-0.154358
11774.659717,0.675446,1.388016,-1.256393
11774.670742,1.281113,1.855011,-1.177719
11774.681839,1.944107,2.045807,-0.232346
11774.692870,1.973053,2.033920,0.676163
11774.704470,1.973663,2.034607,0.629120
11774.715885,1.981323,2.043137,0.036865
11774.724713,1.267746,2.025970,-0.229843
11774.738065,1.130051,1.939133,-0.177078
11774.749384,1.014328,1.589203,-0.265106
11774.760125,0.846237,1.334869,-0.243469
11774.771593,0.856400,1.140091,-0.196899
11774.782018,1.036026,0.660309,-0.021149
11774.792322,1.240295,0.451035,0.141357
11774.803806,0.845764,0.391510,0.288071
11774.814806,0.560257,0.431946,0.429993
11774.826134,0.443527,0.455261,0.475327
11774.837179,0.278595,0.444473,0.413010
11774.847498,0.114014,0.398056,0.313538
11774.857536,-0.100235,0.299454,0.140640
11774.869141,-0.351578,0.154755,-0.028625
11774.880550,-0.741089,-0.196243,0.226257
11774.891545,-0.648804,-0.280212,0.555084
11774.902910,-0.543076,-0.239227,0.709549
11774.913705,-0.509033,-0.148453,0.506958
11774.925093,-0.467880,-0.093033,0.263474
11774.936517,-0.605423,-0.319275,-1.097855
11774.946962,0.777161,-0.639740,-1.969391
11774.957863,1.293549,0.053101,-1.951920
11774.969192,0.943649,-0.023514,0.064651
11774.980624,0.562714,0.166824,0.673065
11774.991544,-0.161865,0.671158,0.394379
11775.001894,-0.308731,0.794769,0.330750
11775.012651,-0.119736,0.882812,0.507080
11775.023761,0.152908,1.087219,0.921570
11775.035184,0.485901,1.416931,1.510773
11775.045425,0.659317,1.761002,1.859528
11775.055738,0.603394,1.975403,1.988586
11775.066139,0.156342,1.966125,1.716995
11775.077637,-0.306534,1.963348,0.947906
11775.087383,-0.202560,1.975113,0.326874
11775.100790,-0.037216,1.983795,0.053070
11775.110727,0.318100,1.996002,-0.075653
11775.121433,0.651871,2.009430,-0.336166
11775.132787,1.760422,1.163483,-1.927521
11775.144455,1.199371,1.541992,-1.110138
11775.155853,0.533035,1.477310,-0.396759
11775.166185,-0.006119,1.285477,-0.801193
11775.177820,0.395401,1.235153,-0.553207
11775.189207,0.486404,0.820068,-0.091995
11775.200456,0.487183,0.368301,0.289825
11775.211721,0.352219,0.067307,0.431992
11775.222915,0.156143,-0.491348,-0.262634
11775.234507,0.527466,-0.692123,-1.332291
11775.245914,0.754822,-0.483444,-1.458832
11775.257125,0.403763,-0.170273,-0.419647
11775.267957,0.120346,0.095596,0.090240
11775.279188,0.009277,0.224854,0.185532
11775.290629,-0.031189,-0.031921,0.231461
11775.301962,0.154160,-0.126572,-1.410477
11775.312108,0.145096,0.216644,-1.035706
11775.323383,0.136383,0.362259,-0.082489
11775.334762,0.208740,0.509689,0.142654
11775.345442,0.279648,0.828934,0.167282
11775.356657,0.489532,1.233368,0.187103
11775.366886,1.446045,2.054321,-1.878357
11775.378450,1.998947,2.062744,-1.325287
11775.389926,1.966858,2.027039,1.154221
11775.400719,1.827057,2.031067,0.575729
11775.410339,1.336578,2.032242,-0.532516
11775.423150,0.862305,2.017853,-0.498138
11775.434358,0.589218,2.004791,-0.136169
11775.445772,0.529816,1.723328,0.164536
11775.457126,0.605942,1.516891,0.275894
11775.467679,0.869919,1.353058,0.180573
11775.477645,1.188324,0.735840,0.065216
11775.488042,1.397614,0.526871,0.216293
11775.499356,1.178284,0.379959,0.343048
11775.510302,0.784103,0.363678,0.403168
11775.520971,0.508774,0.349609,0.412643
11775.531576,0.280762,0.317322,0.428040
11775.542006,0.040665,0.265808,0.395920
11775.552981,-0.217361,0.150177,0.230927
11775.563830,-0.520721,-0.023941,0.102844
11775.574816,-0.755966,-0.128067,0.279160
11775.585704,-0.752426,-0.290161,0.698868
11775.595913,-0.671021,-0.288727,0.697800
11775.606443,-0.642990,-0.221649,0.501434
11775.618076,-0.589020,-0.209442,0.300522
11775.629481,-0.603668,-0.265747,-0.312302
11775.640621,0.888138,-0.285873,-1.962006
11775.651026,0.879120,0.992279,-1.939377
11775.662056,0.268265,0.858261,-1.947861
11775.672885,0.234161,0.221329,-0.277039
11775.683658,0.146301,0.492798,1.149094
11775.694454,-0.154770,0.610519,1.250931
11775.705872,-0.144547,0.760056,1.337234
11775.716893,-0.064651,0.886246,1.421906
11775.728277,0.114624,0.980896,1.525253
11775.739689,0.260071,1.207077,1.443344
11775.750718,0.415878,1.781219,1.510803
11775.761032,0.431564,1.974228,1.714142
11775.771038,-0.057587,1.960052,1.703232
11775.782662,-0.557480,1.963364,0.422989
11775.794068,-0.484360,1.968094,0.238464
11775.802423,-0.104324,1.979462,0.222290
11775.815229,0.490250,1.997559,0.173813
11775.825453,1.844696,2.066437,-1.910645
11775.835757,1.999771,0.509247,-1.936752
11775.846260,1.967850,0.556351,0.559601
11775.857950,1.971252,0.881897,0.409836
11775.868782,0.883347,0.862839,-0.432037
11775.879464,0.534073,1.031113,0.493195
11775.891105,0.592285,0.592453,0.407227
11775.902181,0.409668,0.127945,0.130188
11775.912972,0.153412,-0.190735,-0.320709
11775.923594,0.028351,-0.609802,-1.139908
11775.934584,0.483765,-0.866302,-1.611435
11775.946207,0.483688,-0.626099,-0.767838
11775.956441,0.302124,-0.309860,0.126160
11775.967826,0.235718,-0.004227,0.275909
11775.978506,0.098022,-0.209488,0.136459
11775.989430,0.242752,-0.459991,-0.507050
11776.001066,0.305695,-0.166687,-1.228180
11776.012476,0.285355,0.170837,-0.960220
11776.023325,0.215942,0.349457,-0.396912
11776.034699,0.212753,0.393448,-0.057175
11776.044789,0.255432,0.539597,-0.010925
11776.054777,0.490036,0.949677,-0.478577
11776.065003,1.088486,1.577484,-1.364136
11776.078606,1.785706,1.966385,0.153549
11776.087192,1.970993,2.031631,0.835510
11776.097569,1.969849,2.030350,0.923843
11776.108958,1.977646,2.039032,0.320984
11776.119980,1.845200,2.042862,-0.227646
11776.130856,1.409821,2.029770,-0.203400
11776.142333,1.358658,1.574326,-0.227371
11776.153824,1.222290,1.171051,-0.386658
11776.163649,1.038681,1.165161,-0.350189
11776.174671,1.253387,0.723404,-0.026520
11776.186115,1.308716,0.445724,0.244690
11776.197529,0.994720,0.299118,0.500168
11776.208612,0.609650,0.303772,0.687485
11776.220148,0.384506,0.363953,0.663269
11776.230682,0.200607,0.383255,0.505234
11776.241544,0.010193,0.400757,0.252060
11776.252974,-0.406921,0.263901,-0.055099
11776.263977,-0.590317,0.127823,0.070251
11776.275651,-0.746384,-0.058777,0.235367
11776.286833,-0.771622,-0.195908,0.416092
11776.297735,-0.719452,-0.176147,0.510117
11776.309175,-0.656952,-0.119339,0.491592
11776.319290,-0.579742,-0.080322,0.377823
11776.329641,-0.447845,-0.137344,0.121735
11776.341250,1.102783,-0.379257,-1.961502
11776.352232,0.893692,0.101654,-0.676880
11776.363778,1.069107,-0.053268,-0.059433
11776.374237,0.884598,-0.084106,0.641098
11776.385192,0.281403,0.444519,0.345795
11776.396675,-0.167740,0.742294,0.046982
11776.408076,0.100113,0.792282,0.177338
11776.419472,0.797134,1.522537,0.551590
11776.430508,1.134186,2.003342,1.105148
11776.439660,1.160980,2.001648,1.282074
11776.453428,0.764374,1.988678,1.378723
11776.463946,0.209991,1.974380,1.240402
11776.474363,-0.156799,1.970398,0.758438
11776.484287,-0.193771,1.974396,0.396088
11776.494632,0.115143,1.985367,0.259171
11776.505699,0.480286,1.996979,0.193893
11776.516113,0.759750,2.006638,0.088318
11776.527408,1.774323,0.796661,-1.933914
11776.538091,1.171890,0.779831,-1.502319
11776.548543,1.057297,1.443863,0.784256
11776.558978,0.169388,1.476700,-0.974670
11776.569683,0.137970,1.243103,-0.195511
11776.580514,0.770966,1.296249,0.472427
11776.590691,0.779037,0.820114,0.656113
11776.602091,0.480774,0.293411,0.460342
11776.612279,0.237045,-0.102707,-0.012939
11776.623897,0.167862,-0.510864,-0.728622
11776.634351,0.495316,-0.685822,-1.013657
11776.646043,0.368820,-0.349579,-0.176361
11776.657449,0.188263,-0.060013,0.254288
11776.668461,0.152466,0.187988,0.187286
11776.679001,0.048904,-0.039520,0.174530
11776.689739,0.259384,-0.513107,-0.237976
11776.701421,0.184082,-0.116180,-1.321640
11776.712351,0.043732,0.339722,-1.246765
11776.723368,0.302841,0.423218,0.028748
11776.734917,0.361877,0.594009,0.093826
11776.746382,0.501297,0.895691,-0.019440
11776.756853,0.981628,1.815292,-1.408051
11776.767239,1.675934,2.049774,-1.074280
11776.777194,1.980942,2.042709,0.066605
11776.787732,1.969254,2.029694,0.969910
11776.797725,1.970917,2.031555,0.840317
11776.809406,1.977310,2.038666,0.346893
11776.819701,1.742874,2.038147,-0.105820
11776.830291,1.107468,1.987793,-0.211014
11776.841063,0.933624,1.611725,-0.159882
11776.852064,0.767426,1.406982,-0.117188
11776.863676,0.772507,1.188507,-0.061462
11776.875075,0.911621,1.019974,-0.015060
11776.885672,1.019241,0.796463,0.126068
11776.896222,0.893890,0.602692,0.237579
11776.907261,0.636581,0.519653,0.326691
11776.917589,0.444092,0.497772,0.371414
11776.929012,0.170410,0.363892,0.360550
11776.939550,-0.047989,0.246292,0.278488
11776.949957,-0.282135,0.090027,0.274338
11776.959907,-0.536316,-0.075211,0.242935
11776.970247,-0.717728,-0.230606,0.357452
11776.981516,-0.675568,-0.337036,0.580688
11776.991795,-0.649994,-0.364227,0.692810
11777.003214,-0.596069,-0.277237,0.523972
11777.014236,-0.565765,-0.200027,0.303802
11777.025399,-0.483780,-0.195938,0.183701
11777.036700,0.980927,-0.108353,-1.957901
11777.047183,0.959991,0.651825,-1.944611
11777.058209,0.576080,0.580093,-1.949722
11777.068640,0.640244,0.050171,0.027390
11777.079809,0.495010,0.033325,0.993652
11777.090913,0.067886,0.299301,0.851028
11777.101357,-0.145874,0.451019,0.730576
11777.112750,-0.107361,0.648422,0.667252
11777.123775,-0.082794,0.934265,0.815659
11777.135403,0.535522,1.739471,1.534286
11777.146098,0.584991,1.974869,1.988403
11777.155141,0.525879,1.973145,1.987778
11777.168229,-0.152267,1.954453,1.905762
11777.178705,-0.485825,1.957001,1.026672
11777.190353,-0.399796,1.967728,0.441925
11777.201214,0.024384,1.982025,0.308136
11777.212774,0.512054,2.000824,-0.014099
11777.224193,2.003098,1.278961,-1.923050
11777.233677,1.666382,0.248550,-1.944717
11777.244900,1.555893,1.067581,1.280945
11777.256364,1.101364,1.305450,-0.052261
11777.267727,0.209702,1.197540,-0.138947
11777.279163,0.390289,1.065842,0.085205
11777.289663,0.610474,1.020706,0.348755
11777.300731,0.610764,0.575668,0.319733
11777.312133,0.553467,-0.027695,-0.032440
11777.322610,0.412369,-0.378769,-0.859238
11777.334011,0.739243,-0.739532,-1.619110
11777.344198,0.658371,-0.632431,-0.717255
11777.355180,0.405853,-0.339752,0.035416
11777.366517,0.271103,-0.026840,0.151031
11777.377422,0.198654,-0.013107,0.066055
11777.388841,0.252960,-0.364426,0.013290
11777.399152,0.458572,-0.232437,-1.236465
11777.409453,0.171234,0.152023,-0.831085
11777.420855,0.252579,0.246201,-0.342667
11777.431727,0.255432,0.345184,-0.079681
11777.442576,0.299881,0.586563,-0.061508
11777.453149,0.609909,1.113663,-0.777924
11777.463526,1.153839,1.769531,-1.407135
11777.474589,1.730347,1.981049,-0.659134
11777.486237,1.976913,2.038223,0.377625
11777.497605,1.970642,2.031235,0.862396
11777.508077,1.978806,2.040344,0.230759
11777.517803,1.627365,2.035614,-0.166550
11777.529980,1.383224,1.884598,-0.218735
11777.539743,1.283585,1.482269,-0.297928
11777.549932,1.191956,1.218460,-0.346756
11777.560509,1.036301,1.070251,-0.274109
11777.572503,0.964310,0.900482,-0.161667
11777.583573,1.008514,0.690125,0.094315
11777.594639,0.925110,0.514282,0.338104
11777.605542,0.498947,0.460815,0.612350
11777.615871,0.331924,0.449768,0.564407
11777.627226,0.160492,0.380829,0.383804
11777.638326,-0.089890,0.275101,0.156616
11777.649902,-0.363571,0.154083,-0.074844
11777.661304,-0.625534,0.033279,-0.088272
11777.672172,-0.825317,-0.095535,0.183029
11777.682598,-0.782043,-0.200027,0.548447
11777.693623,-0.576324,-0.161728,0.686584
11777.704391,-0.540283,-0.101822,0.391266
11777.715825,-0.440155,-0.112915,0.135666
11777.726573,-0.598267,-0.614380,-1.982666
11777.738217,1.110718,-0.111420,-1.956665
11777.749517,0.865997,0.645187,-1.945679
11777.760721,0.572174,0.511520,-1.596619
11777.772034,0.320023,-0.105713,1.142120
11777.783156,-0.055023,0.339600,0.856277
11777.793635,-0.209564,0.620560,0.769440
11777.803786,-0.096115,0.865952,0.922821
11777.814116,0.154800,1.090866,1.152115
11777.824539,0.574387,1.467514,1.503922
11777.834475,0.820389,1.698166,1.592087
11777.845987,0.842422,1.985245,1.786606
11777.856267,0.543335,1.973663,1.987961
11777.867917,-0.107697,1.959930,1.606689
11777.879316,-0.363434,1.970383,0.329025
11777.890801,0.160004,1.988052,0.161713
11777.902587,0.614136,2.003128,0.034973
11777.913800,1.611206,2.059631,-1.913101
11777.924163,1.796509,0.999481,-1.930084
11777.935552,1.649323,0.533066,-1.648865
11777.946163,1.660294,1.273026,0.920715
11777.956798,0.747940,1.236313,-0.318222
11777.967836,0.610260,1.106537,-0.129837
11777.979509,0.637161,0.929779,0.201447
11777.990842,0.632660,0.532181,0.260605
11778.001922,0.620285,0.183990,0.195709
11778.013358,0.422333,-0.092255,0.046707
11778.023623,0.172211,-0.486969,-0.681091
11778.033923,0.526794,-0.870453,-1.643723
11778.044103,0.780594,-0.849670,-1.482376
11778.054049,0.460190,-0.521576,-0.261093
11778.064122,0.243927,-0.156311,0.411591
11778.074823,0.215164,0.186447,0.358810
11778.085420,0.062363,-0.378433,-0.011871
11778.096052,0.059326,-0.065964,-1.470856
11778.106629,-0.022705,0.298431,-1.366272
11778.118030,0.032074,0.369598,-0.406082
11778.129136,0.178619,0.377563,0.029572
11778.139626,0.232590,0.539307,0.032974
11778.150670,0.337509,0.739029,0.081741
11778.161763,0.795349,1.210052,-0.924179
11778.173241,1.857544,1.800430,-1.723190
11778.183879,1.968231,2.028564,1.048615
11778.194314,1.966660,2.026825,1.169586
11778.205366,1.974518,2.035553,0.562897
11778.213829,1.984177,2.046310,-0.183914
11778.227130,1.358658,2.018723,-0.220444
11778.238191,1.188507,1.545456,-0.265106
11778.249345,0.997620,1.369827,-0.399780
11778.259514,1.060867,1.202652,-0.329147
11778.271192,1.120560,1.072525,-0.120529
11778.282635,1.173477,0.669724,0.291504
11778.293370,1.002930,0.510941,0.389725
11778.304806,0.659729,0.423737,0.527832
11778.315549,0.368347,0.385284,0.571304
11778.326734,0.145218,0.338684,0.501984
11778.338247,-0.012299,0.274368,0.300476
11778.348713,-0.200195,0.207993,0.045822
11778.359057,-0.397583,0.123840,-0.079575
11778.370103,-0.820663,-0.123718,0.112488
11778.381710,-0.850082,-0.239899,0.325241
11778.393159,-0.755035,-0.253708,0.463257
11778.404449,-0.705612,-0.183975,0.260437
11778.415256,-0.666351,-0.133408,0.013000
11778.426282,-0.863510,-0.344727,-1.980530
11778.438197,0.714081,-0.213791,-1.962448
11778.449305,1.008224,0.202179,-0.431946
11778.459768,1.046509,-0.094894,0.703995
11778.471470,1.135651,-0.161621,0.980255
11778.482821,0.517105,0.420395,0.467758
11778.494121,0.036453,1.182709,0.068390
11778.505348,0.346283,1.539444,0.284286
11778.515979,0.846710,1.733139,0.614410
11778.527145,1.056030,1.998276,1.304016
11778.538388,0.684555,1.988037,1.257874
11778.548970,0.299332,1.977219,1.225006
11778.559340,-0.058975,1.966919,1.211655
11778.570572,-0.161453,1.969406,0.819824
11778.580830,0.040710,1.980240,0.469604
11778.592248,0.388992,1.994034,0.212112
11778.604121,0.681213,2.005310,0.018402
11778.614549,1.872772,0.708710,-1.934494
11778.625044,1.536835,0.950989,0.915695
11778.636683,1.358658,1.283844,0.423340
11778.648131,0.539780,1.243103,-0.400848
11778.658856,0.676453,1.180191,-0.505295
11778.670036,0.731354,1.085953,-0.288406
11778.680080,0.628876,0.623871,-0.015305
11778.691100,0.586136,0.215881,0.148895
11778.702521,0.452209,-0.054764,0.222443
11778.712960,0.204407,-0.635895,-0.374207
11778.724354,0.660019,-0.713898,-1.174805
11778.734796,0.719055,-0.550858,-1.113708
11778.745111,0.449265,-0.321686,-0.394989
11778.756547,0.239044,-0.105515,-0.017761
11778.767242,0.169952,0.068069,0.067200
11778.778585,0.117004,-0.124664,0.047882
11778.789615,0.186386,-0.316803,-0.594376
11778.800137,0.010086,0.142715,-1.409988
11778.811566,0.201218,0.396301,-0.214722
11778.822445,0.277283,0.439560,0.063339
11778.833116,0.319565,0.669907,0.095703
11778.843666,0.487213,0.931702,-0.040070
11778.855236,1.096985,1.758453,-1.433823
11778.865778,1.956085,2.056000,-0.933075
11778.876642,1.974106,2.035095,0.594574
11778.888134,1.963959,2.023804,1.378845
11778.898529,1.982071,2.043976,-0.021683
11778.909934,1.659134,2.039490,-0.375519
11778.921041,1.138947,2.022308,-0.236969
11778.932839,0.909973,1.883911,-0.182175
11778.944233,0.719849,1.679840,-0.237640
11778.954416,0.647186,1.555084,-0.131104
11778.965914,0.714661,1.351425,-0.026489
11778.976727,0.865967,1.062195,0.084137
11778.987737,0.963837,0.362717,0.288757
11778.999184,0.738953,0.176956,0.457016
11779.010235,0.519394,0.077545,0.469376
11779.021400,0.268509,0.024765,0.295959
11779.032467,-0.012360,0.017761,0.138428
11779.043039,-0.244583,-0.032318,0.021896
11779.053948,-0.463272,-0.098694,-0.020798
11779.064504,-0.622665,-0.148743,0.151459
11779.078522,-0.668793,-0.225021,0.548187
11779.097552,-0.566849,-0.072983,0.507721
11779.109012,-0.530762,-0.053055,0.346130
11779.119133,-0.512421,-0.125015,-0.126450
11779.130782,0.235367,-0.253143,-1.967926
11779.141292,1.033966,0.281876,-1.950455
11779.151753,0.641052,0.562241,-1.585434
11779.163090,0.621506,0.113571,-0.075348
11779.173304,0.563232,0.540924,0.538544
11779.184954,-0.194824,0.781998,0.434448
11779.196346,-0.122269,0.897797,0.408401
11779.207778,0.188187,1.041275,0.648392
11779.219164,0.508804,1.253418,1.029877
11779.230167,0.663925,1.531860,1.420486
11779.241829,0.465820,1.971405,1.987152
11779.253171,-0.536743,1.942337,1.966049
11779.263670,-0.516373,1.956619,0.990845
11779.274473,-0.216003,1.974854,0.317139
11779.284981,0.179214,1.989487,0.099518
11779.296624,0.438522,1.997742,0.052307
11779.308005,0.683090,2.007401,-0.126556
11779.318302,1.374451,1.966782,-1.917114
11779.329578,1.513550,0.526337,-1.941315
11779.340259,1.376587,1.195328,0.503586
11779.351457,0.125397,1.204086,-1.340088
11779.362834,0.078735,1.036758,-0.860458
11779.373420,0.756897,1.079773,0.135208
11779.383825,0.767044,0.728943,0.652451
11779.394910,0.532654,0.278732,0.640198
11779.406504,0.236633,-0.087769,0.174561
11779.417909,0.189758,-0.534698,-0.933365
11779.428338,0.528854,-0.469635,-0.683945
11779.438709,0.217072,-0.128418,0.175568
11779.449842,0.096344,0.199051,0.185944
11779.461431,0.103516,0.025681,0.094604
11779.472893,0.397141,-0.506287,0.051590
11779.484066,0.743942,-0.793304,-0.421555
11779.494123,0.559174,-0.468048,-1.083099
11779.505164,0.339294,0.005707,-0.842560
11779.516750,0.318314,0.349854,-0.071289
11779.527297,0.415253,0.694336,-0.330231
11779.538441,0.757721,1.430283,-1.310532
11779.548986,1.266953,1.902405,-0.963837
11779.559355,1.729797,2.038315,-0.145309
11779.571208,1.977707,2.039108,0.316177
11779.581553,1.977768,2.039185,0.311386
11779.592680,1.974731,2.035797,0.545609
11779.603605,1.973297,2.034195,0.656967
11779.614634,1.043457,2.017868,-0.119873
11779.626228,1.067078,1.653641,-0.502548
11779.637629,1.065659,1.372101,-0.491257
11779.648246,0.990417,1.147385,-0.296249
11779.658480,0.981232,0.928497,-0.034225
11779.669494,0.976273,0.699417,0.268936
11779.679994,0.901123,0.493332,0.388397
11779.691378,0.765778,0.396118,0.558167
11779.702575,0.581940,0.528107,0.585556
11779.713008,0.181732,0.495102,0.431183
11779.722883,-0.056671,0.396820,0.254196
11779.733965,-0.365753,0.234344,0.048462
11779.745377,-0.669785,0.065308,-0.027634
11779.756708,-0.902725,-0.106445,0.171509
11779.768159,-0.949600,-0.297089,0.434616
11779.779177,-0.797256,-0.345123,0.623505
11779.790786,-0.658188,-0.234299,0.395432
11779.802185,-0.519653,-0.183472,0.265198
11779.813433,-0.880569,-0.357910,-1.563202
11779.824792,0.892960,-0.518188,-1.966080
11779.836172,1.264572,0.294449,-1.947922
11779.846896,0.578888,0.781372,-1.946121
11779.858192,0.575943,0.383087,-0.579025
11779.868674,0.542511,-0.002304,1.128891
11779.880153,-0.116943,0.530487,0.767807
11779.891707,-0.190384,0.692810,0.811249
11779.902734,-0.101013,0.917252,0.946732
11779.914161,0.078781,1.118362,1.122086
11779.924229,0.438309,1.504166,1.251602
11779.935030,0.585815,1.981049,1.549652
11779.946080,0.799103,1.981110,1.990646
11779.956488,0.515228,1.972839,1.987671
11779.967723,-0.252075,1.968323,0.708466
11779.978428,0.057938,1.982605,0.336334
11779.990422,0.474854,1.996140,0.241821
11780.001821,0.902145,2.011810,0.016876
11780.013002,2.003525,1.380554,-1.921234
11780.023878,1.752197,0.379944,-1.941544
11780.033850,1.962677,0.728485,1.021622
11780.044082,1.558350,0.947189,-0.230759
11780.054458,0.350662,1.006927,-0.394455
11780.065325,0.499344,1.003036,0.472183
11780.076686,0.668472,0.608032,0.291107
11780.087160,0.536194,0.168274,0.025574
11780.097544,0.426437,-0.116043,-0.128433
11780.108029,0.319687,-0.378571,-0.509659
11780.118471,0.469818,-0.619705,-1.044434
11780.129860,0.430557,-0.587875,-0.540100
11780.140633,0.407379,-0.451767,-0.123077
11780.150889,0.468811,-0.320206,-0.181564
11780.161340,0.279953,-0.451187,-0.082062
11780.171687,0.243668,-0.810364,-0.250137
11780.182665,0.291183,-0.203354,-0.942795
11780.194002,0.433670,0.068085,-0.777145
11780.205284,0.443680,0.271530,-0.354736
11780.216412,0.360306,0.644562,-0.518906
11780.228064,0.590790,1.353058,-1.239624
11780.238417,1.079361,1.971069,-0.818512
11780.248786,1.894165,2.044846,-0.267441
11780.259715,1.983475,2.045517,-0.129196
11780.270207,1.980179,2.041855,0.125168
11780.281800,1.972107,2.032867,0.749115
11780.292258,1.302368,2.020432,0.238037
11780.303845,0.939377,2.016510,-0.240021
11780.315388,1.067551,1.778549,-0.420624
11780.325916,1.109680,1.521454,-0.321075
11780.336342,1.142303,1.258469,-0.238983
11780.346388,1.357712,0.994629,-0.131088
11780.358000,1.557693,0.680786,0.025711
11780.369386,1.391495,0.324921,0.394150
11780.380693,0.601120,0.314590,0.526276
11780.391205,0.402634,0.359543,0.456909
11780.402286,0.227432,0.389771,0.304932
11780.413980,0.051880,0.372940,0.163635
11780.425270,-0.101410,0.360428,0.178192
11780.435733,-0.252975,0.304977,0.193939
11780.447176,-0.518387,0.183594,0.144958
11780.458571,-0.807388,-0.162674,0.271347
11780.469887,-0.709351,-0.253342,0.601990
11780.481358,-0.644379,-0.220291,0.609955
11780.491466,-0.558273,-0.117538,0.429214
11780.501908,-0.505478,-0.077423,0.255692
11780.513294,-0.385422,-0.272018,-1.012222
11780.524784,1.105530,-0.637985,-1.966080
11780.536213,0.749222,0.393372,-1.091843
11780.546701,0.871506,-0.081833,0.380737
11780.556662,0.496063,0.186630,0.513351
11780.568434,-0.117065,0.540756,0.104416
11780.579171,-0.191742,0.720474,0.022339
11780.589775,-0.063812,1.052719,0.211044
11780.600837,0.375031,1.452225,0.504852
11780.612500,0.699097,1.900970,1.226700
11780.622403,0.805893,1.982376,1.914871
11780.632745,0.314697,1.966995,1.985565
11780.643286,-0.268509,1.950012,1.979431
11780.654179,-0.347305,1.965225,0.729553
11780.664594,0.110092,1.982910,0.423294
11780.675645,0.495377,1.996948,0.227631
11780.686791,0.744537,2.007553,-0.008774
11780.697517,1.705292,1.861176,-1.915680
11780.707814,1.534058,0.564056,-1.940430
11780.719247,1.426605,0.879974,0.873001
11780.729343,1.218796,1.284348,0.374893
11780.739653,0.290253,1.261246,-1.032013
11780.750924,0.348236,1.155823,-0.079727
11780.762229,0.736160,0.726227,0.642487
11780.773829,0.413422,0.163651,0.377670
11780.785029,0.170303,-0.273758,-0.006073
11780.795739,0.192719,-0.589325,-0.653900
11780.807143,0.566742,-0.712692,-1.455170
11780.818507,0.567917,-0.551605,-0.888611
11780.829929,0.366623,-0.185760,0.051193
11780.841899,0.189865,-0.068985,0.201324
11780.852521,0.034195,-0.275452,0.179794
11780.863907,0.265427,-0.584793,-0.128769
11780.874966,0.527496,-0.498154,-0.814102
11780.885293,0.464645,-0.007492,-1.102753
11780.895320,0.556702,0.176498,-0.587677
11780.906934,0.464752,0.317322,-0.093460
11780.918328,0.434784,1.149811,-0.933655
11780.928838,0.996658,2.001740,-1.157791
11780.938924,1.699234,2.042099,-0.477814
11780.950795,1.981537,2.043381,0.019592
11780.961579,1.979919,2.041565,0.145309
11780.972973,1.975113,2.036224,0.516815
11780.983629,1.955750,2.033585,0.664459
11780.994087,1.469528,2.023773,0.349243
11781.005103,0.967377,2.015091,-0.081314
11781.016714,0.809601,1.712524,-0.500259
11781.027163,0.720947,1.439789,-0.256287
11781.038441,0.585373,1.188629,0.025970
11781.048781,0.705536,0.993652,0.179260
11781.059817,0.909576,0.832947,0.152512
11781.070611,0.940842,0.653214,0.145782
11781.081955,0.752625,0.554977,0.280441
11781.092666,0.550049,0.522552,0.427658
11781.103634,0.379684,0.446732,0.463028
11781.113662,0.159424,0.345718,0.378372
11781.124005,-0.084503,0.071701,0.043579
11781.135424,-0.685593,-0.112381,-0.064560
11781.146921,-0.796188,-0.227737,0.057114
11781.158360,-0.716553,-0.313171,0.463547
11781.168556,-0.572174,-0.324692,0.681808
11781.178874,-0.509109,-0.230270,0.559280
11781.190274,-0.492661,-0.177078,0.353928
11781.200878,-0.400238,-0.195129,0.091385
11781.212290,0.425278,-0.243713,-1.965866
11781.222719,0.782471,0.455505,-1.621460
11781.234373,0.637314,0.305344,-0.480881
11781.245764,0.743088,-0.061234,0.804291
11781.256747,0.498978,0.200150,0.670135
11781.268257,-0.034515,0.473251,0.214462
11781.278316,-0.183578,0.584808,0.167923
11781.288506,-0.184341,0.779343,0.296219
11781.300048,0.011200,1.052979,0.627609
11781.311470,0.710693,1.979340,1.933075
11781.321138,0.649902,1.976761,1.989075
11781.333247,0.077271,1.961075,1.912018
11781.344372,-0.367783,1.959244,1.114334
11781.353897,-0.406891,1.966125,0.541702
11781.365543,0.040527,1.982147,0.333267
11781.376884,0.406494,1.993561,0.282394
11781.387346,0.691711,2.004410,0.105835
11781.397670,1.088547,2.033417,-1.134201
11781.408309,1.901733,0.718750,-0.569427
11781.419903,1.497269,1.468079,1.159744
11781.431305,0.822647,1.308243,-0.901993
11781.442309,0.400696,1.182098,-0.381241
11781.452940,0.872681,1.183731,0.209259
11781.464159,0.759628,0.838120,0.515060
11781.475032,0.506897,0.313766,0.318848
11781.486453,0.305328,-0.404648,-0.005127
11781.497448,0.483078,-0.701248,-1.123550
11781.508458,0.658112,-0.581955,-0.905533
11781.519879,0.443100,-0.322433,-0.216431
11781.530599,0.273026,-0.064636,0.064896
11781.540648,0.159897,0.180252,0.058533
11781.551386,0.167694,0.013306,-0.002914
11781.562049,0.379868,-0.386902,-0.068390
11781.573504,0.667465,-0.687485,-0.464600
11781.584525,0.517288,0.098297,-1.014893
11781.596276,0.282440,0.263611,-0.475555
11781.606340,0.299637,0.430817,-0.171844
11781.616724,0.393082,0.788177,-0.381577
11781.627007,0.787323,1.535645,-1.239212
11781.638565,1.374954,2.027588,-0.957642
11781.650117,1.984451,2.046616,-0.205032
11781.660757,1.977448,2.038818,0.336334
11781.671193,1.974289,2.035309,0.580170
11781.681526,1.974503,2.035538,0.563858
11781.692454,1.981491,2.043320,0.023438
11781.703858,1.048538,2.020370,-0.287842
11781.715177,1.125397,1.606796,-0.382767
11781.726586,1.135696,1.226334,-0.189682
11781.737602,0.987732,1.028595,-0.052551
11781.749199,0.951859,0.792236,-0.060959
11781.759743,1.137299,0.548065,-0.025970
11781.770870,1.182846,0.270996,0.251831
11781.781105,0.598206,0.313522,0.526230
11781.792135,0.435349,0.388306,0.635391
11781.803493,0.255737,0.446884,0.610641
11781.814338,0.075943,0.443283,0.352386
11781.824902,-0.190887,0.362534,-0.019485
11781.835250,-0.493210,0.209000,-0.221146
11781.846912,-0.762497,0.012314,0.005997
11781.856745,-0.858109,-0.177414,0.519272
11781.868058,-0.741348,-0.190460,0.927399
11781.879374,-0.603745,-0.075928,0.362274
11781.890803,-0.486160,-0.137100,0.162643
11781.901417,-0.510712,-0.525894,-1.980225
11781.909494,0.923080,-0.720459,-1.969360
11781.923375,1.004517,-0.123093,-1.763947
11781.934751,0.577423,0.313675,-0.643631
11781.945687,0.654739,-0.126831,0.420044
11781.956704,0.440872,0.090836,0.402557
11781.967734,-0.161804,0.593933,-0.089050
11781.979192,-0.144730,0.911041,-0.024658
11781.989951,0.224121,1.539627,0.366608
11782.000384,0.781067,1.990433,1.287689
11782.010274,1.050018,1.988419,1.993286
11782.020722,0.709961,1.978516,1.989716
11782.030982,0.118027,1.961273,1.983490
