345260.751043,-0.165375,-0.974670,-0.061691
345260.761501,-0.162399,-0.976532,-0.065643
345260.771947,-0.158279,-0.964447,-0.075333
345260.783228,-0.165207,-0.965530,-0.084198
345260.794098,-0.151291,-0.962250,-0.075287
345260.804592,-0.151291,-0.958328,-0.069366
345260.814837,-0.179214,-0.969986,-0.076431
345260.825680,-0.170380,-0.983643,-0.071609
345260.835983,-0.142502,-0.979858,-0.069504
345260.846601,-0.158295,-0.967377,-0.077316
345260.857803,-0.178116,-0.961990,-0.080292
345260.869161,-0.145462,-0.973053,-0.066513
345260.880318,-0.167313,-0.970688,-0.069519
345260.890595,-0.163330,-0.974533,-0.070511
345260.900888,-0.150421,-0.974182,-0.068481
345260.912153,-0.162262,-0.964554,-0.075348
345260.922809,-0.167191,-0.960724,-0.078262
345260.933936,-0.162201,-0.955658,-0.073303
345260.945154,-0.166245,-0.966675,-0.073410
345260.955939,-0.161346,-0.972519,-0.068512
345260.967253,-0.162369,-0.974518,-0.068542
345260.977893,-0.163300,-0.971527,-0.073441
345260.989156,-0.159286,-0.970352,-0.081253
345261.000507,-0.164246,-0.969467,-0.084213
345261.011746,-0.167252,-0.971542,-0.084244
345261.023041,-0.173187,-0.964844,-0.077347
345261.034216,-0.171158,-0.955917,-0.075302
345261.045471,-0.171112,-0.951920,-0.078201
345261.056223,-0.166153,-0.956711,-0.077255
345261.067295,-0.170120,-0.954834,-0.079224
345261.078643,-0.168152,-0.959702,-0.083176
345261.089767,-0.170181,-0.966705,-0.083237
345261.100428,-0.157379,-0.976334,-0.071503
345261.111702,-0.152435,-0.973267,-0.065567
345261.123043,-0.155396,-0.973328,-0.068512
345261.134716,-0.159393,-0.975433,-0.068542
345261.145092,-0.160400,-0.974518,-0.063629
345261.155427,-0.161377,-0.971573,-0.063614
345261.166466,-0.171295,-0.966919,-0.063614
345261.177114,-0.177292,-0.969101,-0.060715
345261.188899,-0.174316,-0.970978,-0.059738
345261.199571,-0.172287,-0.969894,-0.064636
345261.210732,-0.175217,-0.966934,-0.072464
345261.221547,-0.168259,-0.962830,-0.066528
345261.233133,-0.166290,-0.964798,-0.062607
345261.243854,-0.171310,-0.968918,-0.061661
345261.254037,-0.168350,-0.971786,-0.061691
345261.264332,-0.162247,-0.962585,-0.073364
345261.274570,-0.166229,-0.966629,-0.078308
345261.286277,-0.161255,-0.966476,-0.079269
345261.298831,-0.162247,-0.963531,-0.077286
345261.307397,-0.168182,-0.957794,-0.074326
345261.317672,-0.171173,-0.957870,-0.076279
345261.329212,-0.170181,-0.962769,-0.079285
345261.339993,-0.173233,-0.973694,-0.084290
345261.351314,-0.164246,-0.972412,-0.088150
345261.362437,-0.163193,-0.966446,-0.088104
345261.373794,-0.161163,-0.955566,-0.080154
345261.385314,-0.155197,-0.955383,-0.081116
345261.396172,-0.160156,-0.951599,-0.077179
345261.406468,-0.169189,-0.964706,-0.080276
345261.417926,-0.166336,-0.981461,-0.080399
345261.429327,-0.167297,-0.978470,-0.084305
345261.440630,-0.163223,-0.970413,-0.086182
345261.451506,-0.166153,-0.958664,-0.080215
345261.462339,-0.167160,-0.954788,-0.074295
345261.473765,-0.173172,-0.958969,-0.070435
345261.483921,-0.166260,-0.960846,-0.062576
345261.495066,-0.166245,-0.959808,-0.064514
345261.505463,-0.173218,-0.959030,-0.063568
345261.516512,-0.177261,-0.974899,-0.074493
345261.527401,-0.173386,-0.986710,-0.070663
345261.538579,-0.164444,-0.986450,-0.069641
345261.549660,-0.175262,-0.972885,-0.071548
345261.560159,-0.167206,-0.954880,-0.065475
345261.571035,-0.159241,-0.954651,-0.065445
345261.581516,-0.158279,-0.955658,-0.062500
345261.592519,-0.163330,-0.965714,-0.058685
345261.603576,-0.166351,-0.977570,-0.072510
345261.613517,-0.167343,-0.975616,-0.072495
345261.624643,-0.165237,-0.970505,-0.083252
345261.634810,-0.169220,-0.967651,-0.082275
345261.645332,-0.168228,-0.966675,-0.079315
345261.655786,-0.167236,-0.964691,-0.076324
345261.666639,-0.162308,-0.965591,-0.067520
345261.677497,-0.160202,-0.954620,-0.071335
345261.687689,-0.161224,-0.957642,-0.070358
345261.698447,-0.157303,-0.966431,-0.071411
345261.708326,-0.155319,-0.970261,-0.077316
345261.719635,-0.164352,-0.977478,-0.076416
345261.730204,-0.167313,-0.978500,-0.080383
345261.741339,-0.160355,-0.974426,-0.072449
345261.751597,-0.158295,-0.967377,-0.077316
345261.761649,-0.166168,-0.957703,-0.077255
345261.771901,-0.168182,-0.957794,-0.075317
345261.783022,-0.171127,-0.953903,-0.078217
345261.793657,-0.176163,-0.961975,-0.076340
345261.803810,-0.177185,-0.968903,-0.080338
345261.814717,-0.172226,-0.969772,-0.077393
345261.824991,-0.175186,-0.966888,-0.078354
345261.835262,-0.162216,-0.962509,-0.080231
345261.845865,-0.159256,-0.962479,-0.076279
345261.856069,-0.158310,-0.964493,-0.069443
345261.866855,-0.160309,-0.966553,-0.068466
345261.877129,-0.159317,-0.967468,-0.071442
345261.887960,-0.168335,-0.976669,-0.070572
345261.897972,-0.155380,-0.974274,-0.072433
345261.909488,-0.149323,-0.960281,-0.069366
345261.919920,-0.186142,-0.966187,-0.079391
345261.930728,-0.175247,-0.972839,-0.076431
345261.941774,-0.167175,-0.950912,-0.066406
345261.951805,-0.192032,-0.958420,-0.082291
345261.962321,-0.160339,-0.973419,-0.074417
345261.972724,-0.141434,-0.965012,-0.064468
345261.983432,-0.178146,-0.961105,-0.071472
345261.993961,-0.181198,-0.973969,-0.080399
345262.005026,-0.155319,-0.968307,-0.076309
345262.015879,-0.161224,-0.960587,-0.075302
345262.025785,-0.179199,-0.970947,-0.079391
345262.037233,-0.174179,-0.966827,-0.081284
345262.047625,-0.174149,-0.962860,-0.080276
345262.059219,-0.177094,-0.957001,-0.080246
345262.069320,-0.174088,-0.954926,-0.080215
345262.080563,-0.166168,-0.958694,-0.077271
345262.091622,-0.166229,-0.965622,-0.078308
345262.101651,-0.168167,-0.964615,-0.088120
345262.112995,-0.172150,-0.965714,-0.088150
345262.123270,-0.169235,-0.971588,-0.085236
345262.134146,-0.166092,-0.953674,-0.086060
345262.144592,-0.164108,-0.950684,-0.081100
345262.155234,-0.167175,-0.958725,-0.078247
345262.165842,-0.162292,-0.971405,-0.082275
345262.175742,-0.157272,-0.970276,-0.083206
345262.187173,-0.157318,-0.977188,-0.086212
345262.197524,-0.158310,-0.973251,-0.085205
345262.208158,-0.153336,-0.972153,-0.081238
345262.218688,-0.152328,-0.965240,-0.075317
345262.229195,-0.154282,-0.961365,-0.073303
345262.240272,-0.153412,-0.972305,-0.065552
345262.250210,-0.165390,-0.983459,-0.074524
345262.260816,-0.169357,-0.983551,-0.078461
345262.270886,-0.168335,-0.975647,-0.072510
345262.281453,-0.166275,-0.965698,-0.069489
345262.291718,-0.179169,-0.955276,-0.060623
345262.302847,-0.176147,-0.950272,-0.056641
345262.312783,-0.177231,-0.959213,-0.057693
345262.323187,-0.173325,-0.969955,-0.059738
345262.334114,-0.174362,-0.983749,-0.071625
345262.344100,-0.181274,-0.985840,-0.083435
345262.355266,-0.174271,-0.978699,-0.080414
345262.365428,-0.171234,-0.968750,-0.079330
345262.376753,-0.173141,-0.953033,-0.068420
345262.387275,-0.170105,-0.943115,-0.063416
345262.398356,-0.167221,-0.953918,-0.063492
345262.409354,-0.174210,-0.967834,-0.077377
345262.419301,-0.177277,-0.978806,-0.079453
345262.430478,-0.172302,-0.985535,-0.088303
345262.440601,-0.169205,-0.974503,-0.092117
345262.452122,-0.168106,-0.956680,-0.088058
345262.462519,-0.168045,-0.943893,-0.078140
345262.473127,-0.170074,-0.950867,-0.080154
345262.484175,-0.168198,-0.966614,-0.085190
345262.494123,-0.170258,-0.980484,-0.090225
345262.505326,-0.170227,-0.980423,-0.097092
345262.515806,-0.169128,-0.970428,-0.102890
345262.526608,-0.163025,-0.956360,-0.104706
345262.537138,-0.163040,-0.954422,-0.099777
345262.548231,-0.167130,-0.961548,-0.093964
345262.559232,-0.168121,-0.958664,-0.088074
345262.569208,-0.168137,-0.961624,-0.089066
345262.580392,-0.168060,-0.957550,-0.099823
345262.590814,-0.166031,-0.957443,-0.104721
345262.601940,-0.166016,-0.957413,-0.108643
345262.612494,-0.167969,-0.954453,-0.112564
345262.622879,-0.173981,-0.960587,-0.112625
345262.634062,-0.172119,-0.967606,-0.097000
345262.643923,-0.164169,-0.967377,-0.095963
345262.655130,-0.163147,-0.964417,-0.092010
345262.665252,-0.160141,-0.960373,-0.093933
345262.676431,-0.155228,-0.970093,-0.094986
345262.686972,-0.157227,-0.972137,-0.095001
345262.697987,-0.156311,-0.976120,-0.090134
345262.708985,-0.158279,-0.969284,-0.085175
345262.718916,-0.160248,-0.966431,-0.080246
345262.730174,-0.161224,-0.959579,-0.074295
345262.740305,-0.163239,-0.961639,-0.071396
345262.751754,-0.164215,-0.959641,-0.076263
345262.762304,-0.179184,-0.967041,-0.075439
345262.772612,-0.180191,-0.967072,-0.074448
345262.783395,-0.183136,-0.961273,-0.070496
345262.793372,-0.187119,-0.965286,-0.074463
345262.804349,-0.190155,-0.967407,-0.069595
345262.814311,-0.191116,-0.966400,-0.073517
345262.825297,-0.188171,-0.966354,-0.068604
345262.835582,-0.191101,-0.966339,-0.079407
345262.845976,-0.187073,-0.961304,-0.077377
345262.856514,-0.176117,-0.953110,-0.069427
345262.867329,-0.176071,-0.945221,-0.066406
345262.878372,-0.174103,-0.950104,-0.067429
345262.888400,-0.174179,-0.960983,-0.071442
345262.899695,-0.161316,-0.973419,-0.077362
345262.910131,-0.167328,-0.981461,-0.084320
345262.921378,-0.174347,-0.992538,-0.086411
345262.932214,-0.162399,-0.989197,-0.088303
345262.942208,-0.150375,-0.974091,-0.077316
345262.953347,-0.153259,-0.958344,-0.074265
345262.963383,-0.159241,-0.958542,-0.072327
345262.973814,-0.153351,-0.969254,-0.073380
345262.984143,-0.155304,-0.968292,-0.078278
345262.994864,-0.166214,-0.971451,-0.091110
345263.005337,-0.167114,-0.960571,-0.092987
345263.016310,-0.172089,-0.959763,-0.089066
345263.027224,-0.172104,-0.957840,-0.083176
345263.038031,-0.172180,-0.965775,-0.081284
345263.048587,-0.173218,-0.966843,-0.076370
345263.058983,-0.174255,-0.974762,-0.079391
345263.069254,-0.176239,-0.977768,-0.083359
345263.079976,-0.176178,-0.972763,-0.087234
345263.090977,-0.174103,-0.959824,-0.088089
345263.101915,-0.166031,-0.945755,-0.084030
345263.111899,-0.168060,-0.944870,-0.079132
345263.123190,-0.171112,-0.950943,-0.076218
345263.133220,-0.175171,-0.961945,-0.076340
345263.144111,-0.173264,-0.973740,-0.079391
345263.154532,-0.167297,-0.977509,-0.083313
345263.165624,-0.164307,-0.980347,-0.086273
345263.175887,-0.161255,-0.970383,-0.084198
345263.186142,-0.162201,-0.962479,-0.084152
345263.196851,-0.159241,-0.961456,-0.079224
345263.206880,-0.161224,-0.964478,-0.080231
345263.218178,-0.162277,-0.970428,-0.080292
345263.228663,-0.164261,-0.973404,-0.087189
345263.239756,-0.164215,-0.969406,-0.091080
345263.250652,-0.162216,-0.969315,-0.093048
345263.261128,-0.164169,-0.967377,-0.095963
345263.271317,-0.169128,-0.962631,-0.090073
345263.281470,-0.170135,-0.961700,-0.087112
345263.292360,-0.169113,-0.953812,-0.081161
345263.302483,-0.175034,-0.953903,-0.089035
345263.313386,-0.183960,-0.953125,-0.093979
345263.323878,-0.187973,-0.960114,-0.099930
345263.334393,-0.188004,-0.967041,-0.101959
345263.345367,-0.188004,-0.966019,-0.103912
345263.355356,-0.188019,-0.967072,-0.099030
345263.366572,-0.184036,-0.960098,-0.091080
345263.376661,-0.178040,-0.958923,-0.090088
345263.387246,-0.174026,-0.951889,-0.089005
345263.397630,-0.174057,-0.958786,-0.092010
345263.408703,-0.170059,-0.954727,-0.090012
345263.419566,-0.170120,-0.964630,-0.092041
345263.429728,-0.171158,-0.966675,-0.089111
345263.440497,-0.172165,-0.969650,-0.090149
345263.450374,-0.168167,-0.964630,-0.086166
345263.461678,-0.165146,-0.964462,-0.093018
345263.472065,-0.168137,-0.963577,-0.092026
345263.483202,-0.169144,-0.961670,-0.088089
345263.493548,-0.164139,-0.955597,-0.085068
345263.504118,-0.171097,-0.959702,-0.091995
345263.515198,-0.169174,-0.963669,-0.085159
345263.525075,-0.172211,-0.973663,-0.086258
345263.536386,-0.174240,-0.975708,-0.084305
345263.546898,-0.179138,-0.970856,-0.089188
345263.558152,-0.176147,-0.967819,-0.086227
345263.569052,-0.176086,-0.962845,-0.089111
345263.579142,-0.177094,-0.959930,-0.086151
345263.590272,-0.180069,-0.957077,-0.083206
345263.600192,-0.182053,-0.955170,-0.081238
345263.611525,-0.177109,-0.958969,-0.082230
345263.621919,-0.179108,-0.962967,-0.085205
345263.632611,-0.178101,-0.965851,-0.090149
345263.643144,-0.177170,-0.969818,-0.088196
345263.653968,-0.170212,-0.969666,-0.083267
345263.665031,-0.172165,-0.963806,-0.080276
345263.675083,-0.172180,-0.962860,-0.076340
345263.686293,-0.168213,-0.962753,-0.074371
345263.696815,-0.171173,-0.961792,-0.081223
345263.708045,-0.170135,-0.961716,-0.086136
345263.718945,-0.181107,-0.965973,-0.088181
345263.728981,-0.181061,-0.964935,-0.093079
345263.739896,-0.179092,-0.964905,-0.091110
345263.750055,-0.187027,-0.960205,-0.087173
345263.760613,-0.182083,-0.962067,-0.086197
345263.771182,-0.182114,-0.966003,-0.087219
345263.780826,-0.180161,-0.970901,-0.088211
345263.791688,-0.176147,-0.970749,-0.090164
345263.802530,-0.175171,-0.972702,-0.090179
345263.812972,-0.172165,-0.969650,-0.091125
345263.823079,-0.173111,-0.965652,-0.095032
345263.833735,-0.174088,-0.964706,-0.095016
345263.843764,-0.172974,-0.948807,-0.096832
345263.854860,-0.177002,-0.952911,-0.092972
345263.865309,-0.181961,-0.954025,-0.098892
345263.876120,-0.182983,-0.958984,-0.099899
345263.886606,-0.186020,-0.965958,-0.103897
345263.897484,-0.185974,-0.964935,-0.108795
345263.908558,-0.185013,-0.968887,-0.106873
345263.918598,-0.180984,-0.964798,-0.107788
345263.929981,-0.177948,-0.953873,-0.101807
345263.940312,-0.175888,-0.942932,-0.099731
345263.951546,-0.173904,-0.938980,-0.091843
345263.962444,-0.176910,-0.943970,-0.096817
345263.972566,-0.183884,-0.951035,-0.105728
345263.982952,-0.190887,-0.959137,-0.107788
345263.992846,-0.190903,-0.961121,-0.109772
345264.004307,-0.192856,-0.955246,-0.106796
345264.014383,-0.190842,-0.953186,-0.108719
345264.026031,-0.185913,-0.952103,-0.103775
345264.036053,-0.185974,-0.958084,-0.098938
345264.047354,-0.177963,-0.955841,-0.102814
345264.058376,-0.182007,-0.961914,-0.101883
345264.068273,-0.186981,-0.966965,-0.105881
345264.079602,-0.180115,-0.974731,-0.101974
345264.089877,-0.172089,-0.966599,-0.099915
345264.100493,-0.171082,-0.959641,-0.097885
345264.111020,-0.177994,-0.956879,-0.096939
345264.122303,-0.173965,-0.950790,-0.099777
345264.132591,-0.168976,-0.949661,-0.099762
345264.142467,-0.167023,-0.950638,-0.095825
345264.153896,-0.182007,-0.961899,-0.103836
345264.164410,-0.179138,-0.975723,-0.099060
345264.175358,-0.171188,-0.973526,-0.097031
345264.185870,-0.170166,-0.969559,-0.094055
345264.197143,-0.175064,-0.962753,-0.095978
345264.208231,-0.171112,-0.958755,-0.088074
345264.218258,-0.165085,-0.954575,-0.089996
345264.229551,-0.172058,-0.953842,-0.087067
345264.240027,-0.172134,-0.964737,-0.087158
345264.251255,-0.174072,-0.963684,-0.098923
345264.261756,-0.181000,-0.960938,-0.098938
345264.271771,-0.184937,-0.957016,-0.103821
345264.282589,-0.184006,-0.960037,-0.096970
345264.292415,-0.184952,-0.955109,-0.095963
345264.303551,-0.189972,-0.959244,-0.093079
345264.313726,-0.187973,-0.958160,-0.096985
345264.324198,-0.187943,-0.956161,-0.099899
345264.334596,-0.187897,-0.951202,-0.099854
345264.344923,-0.181992,-0.957962,-0.099884
345264.355794,-0.175980,-0.951859,-0.097855
345264.366993,-0.174026,-0.958710,-0.099854
345264.378103,-0.176056,-0.960831,-0.094009
345264.388545,-0.172043,-0.962601,-0.103806
345264.400242,-0.164154,-0.970276,-0.103821
345264.410245,-0.165131,-0.968353,-0.101868
345264.421236,-0.161194,-0.971222,-0.099899
345264.432321,-0.161133,-0.962341,-0.096893
345264.442338,-0.158157,-0.959320,-0.091949
345264.453614,-0.164078,-0.954529,-0.091934
345264.464099,-0.167068,-0.956573,-0.094925
345264.475082,-0.173065,-0.960709,-0.096939
345264.485322,-0.175049,-0.964676,-0.101883
345264.496414,-0.176987,-0.956787,-0.102814
345264.507519,-0.182953,-0.957932,-0.105789
345264.517576,-0.180984,-0.957947,-0.098907
345264.528751,-0.181030,-0.963898,-0.098953
345264.539214,-0.184082,-0.971893,-0.100006
345264.550466,-0.172104,-0.966644,-0.095993
345264.560973,-0.168091,-0.958603,-0.093964
345264.571789,-0.175003,-0.952850,-0.092972
345264.582858,-0.176102,-0.966766,-0.093079
345264.592819,-0.170135,-0.963669,-0.089081
345264.603389,-0.173096,-0.960785,-0.089081
345264.613624,-0.176086,-0.963791,-0.094025
345264.624468,-0.181015,-0.964859,-0.101898
345264.634999,-0.173019,-0.958664,-0.101822
345264.646056,-0.180939,-0.947128,-0.089981
345264.657086,-0.186890,-0.949234,-0.094940
345264.667026,-0.182007,-0.955078,-0.091049
345264.678197,-0.181046,-0.964920,-0.096008
345264.688523,-0.180099,-0.969803,-0.099014
345264.699396,-0.181137,-0.974838,-0.093155
345264.709894,-0.176117,-0.969696,-0.097031
345264.720995,-0.173111,-0.964691,-0.093048
345264.732003,-0.172119,-0.965668,-0.092072
345264.742000,-0.172028,-0.952820,-0.089020
345264.752991,-0.174057,-0.955841,-0.091003
345264.763560,-0.178116,-0.965881,-0.088181
345264.773621,-0.187042,-0.964142,-0.091125
345264.783863,-0.187042,-0.964142,-0.090149
345264.794530,-0.192947,-0.958344,-0.093079
345264.805359,-0.186966,-0.955215,-0.091064
345264.815737,-0.187943,-0.953247,-0.092041
345264.826733,-0.186905,-0.950256,-0.091995
345264.836774,-0.186966,-0.956192,-0.093033
345264.848035,-0.181015,-0.958984,-0.094009
345264.858498,-0.182068,-0.964966,-0.093094
345264.869753,-0.176086,-0.964798,-0.092072
345264.880392,-0.181091,-0.968903,-0.093109
345264.890287,-0.174072,-0.962723,-0.095963
345264.901436,-0.173050,-0.956757,-0.092987
345264.911354,-0.174026,-0.959686,-0.101822
345264.922728,-0.172058,-0.962631,-0.099884
345264.933045,-0.173065,-0.960693,-0.097916
345264.943798,-0.172043,-0.960648,-0.100861
345264.954319,-0.176071,-0.963760,-0.096970
345264.964890,-0.182907,-0.949081,-0.099808
345264.975955,-0.180878,-0.944092,-0.096832
345264.985942,-0.181885,-0.948029,-0.102768
345264.997078,-0.188950,-0.959152,-0.099930
345265.007041,-0.185013,-0.968903,-0.104904
345265.017907,-0.186081,-0.972916,-0.101013
345265.028309,-0.186996,-0.967010,-0.101944
345265.039309,-0.188965,-0.962112,-0.101913
345265.050346,-0.185989,-0.959106,-0.095032
345265.060359,-0.181015,-0.957993,-0.093994
345265.071597,-0.178986,-0.951035,-0.090988
345265.081955,-0.183975,-0.955124,-0.092026
345265.092141,-0.177109,-0.965790,-0.093079
345265.102753,-0.183075,-0.968933,-0.097046
345265.113218,-0.183121,-0.973877,-0.097092
345265.124193,-0.180161,-0.974823,-0.092163
345265.134353,-0.176041,-0.958832,-0.093994
345265.144761,-0.171967,-0.945877,-0.090927
345265.154751,-0.173981,-0.940079,-0.079102
345265.166063,-0.176010,-0.941208,-0.072250
345265.176466,-0.179031,-0.950165,-0.077255
345265.187714,-0.181107,-0.967941,-0.089172
345265.198492,-0.174118,-0.961807,-0.087128
345265.209107,-0.182053,-0.962982,-0.094055
345265.220148,-0.182114,-0.966003,-0.087219
345265.230064,-0.171265,-0.972717,-0.077393
345265.241406,-0.173279,-0.973785,-0.074478
345265.251777,-0.176254,-0.977783,-0.080414
345265.262474,-0.175171,-0.970764,-0.086243
345265.272433,-0.175064,-0.953934,-0.085114
345265.283088,-0.180923,-0.943207,-0.087982
345265.293786,-0.188950,-0.953308,-0.089096
345265.303822,-0.182114,-0.967010,-0.088196
345265.315022,-0.181137,-0.974854,-0.092163
345265.325360,-0.182068,-0.966904,-0.098007
345265.336215,-0.173065,-0.962646,-0.099884
345265.346387,-0.164078,-0.958420,-0.099808
345265.356620,-0.161057,-0.950485,-0.092865
345265.367297,-0.160126,-0.953491,-0.087982
345265.377320,-0.164124,-0.957520,-0.089996
345265.388404,-0.159180,-0.966263,-0.094971
345265.398438,-0.160233,-0.974213,-0.095993
345265.409732,-0.161179,-0.973160,-0.104828
345265.420184,-0.161163,-0.969223,-0.101852
345265.431297,-0.158173,-0.966187,-0.099854
345265.442184,-0.159225,-0.969238,-0.093033
345265.452126,-0.159225,-0.965347,-0.086136
345265.463261,-0.161194,-0.961487,-0.083145
345265.473309,-0.168137,-0.957687,-0.085114
345265.484791,-0.175049,-0.957825,-0.092010
345265.495251,-0.180084,-0.961014,-0.087158
345265.506292,-0.183105,-0.961182,-0.079330
345265.517150,-0.189072,-0.959381,-0.076385
345265.527088,-0.185089,-0.957336,-0.070480
345265.538192,-0.183136,-0.960236,-0.072433
345265.548227,-0.179138,-0.960098,-0.074387
345265.559522,-0.174225,-0.968887,-0.073456
345265.569914,-0.164291,-0.968597,-0.072418
345265.581159,-0.166306,-0.969681,-0.068527
345265.592037,-0.172241,-0.966904,-0.067566
345265.601977,-0.171249,-0.965820,-0.072433
345265.613149,-0.175171,-0.966843,-0.082291
345265.623186,-0.179153,-0.969879,-0.087234
345265.634458,-0.184082,-0.966034,-0.090164
345265.644831,-0.178070,-0.962906,-0.089127
345265.655843,-0.175049,-0.953934,-0.086105
345265.666743,-0.177933,-0.944107,-0.086044
345265.676755,-0.180923,-0.946152,-0.088989
345265.687809,-0.188995,-0.959244,-0.091110
345265.697825,-0.175125,-0.965759,-0.091110
345265.709127,-0.175064,-0.964706,-0.098953
345265.719507,-0.176025,-0.959747,-0.100861
345265.730563,-0.166138,-0.961548,-0.090042
345265.741072,-0.160156,-0.961349,-0.092957
345265.751343,-0.156219,-0.962280,-0.088043
345265.761634,-0.167206,-0.968567,-0.086182
345265.771799,-0.167145,-0.962570,-0.090057
345265.782141,-0.164154,-0.962479,-0.091019
345265.792358,-0.173080,-0.960739,-0.093994
345265.803160,-0.182053,-0.962006,-0.092072
345265.813609,-0.181168,-0.970001,-0.081345
345265.823753,-0.180161,-0.960159,-0.071457
345265.834150,-0.185059,-0.954346,-0.073395
345265.845242,-0.184067,-0.958206,-0.080276
345265.856279,-0.174149,-0.965775,-0.086197
345265.866213,-0.167206,-0.965576,-0.085175
345265.877505,-0.170166,-0.963715,-0.084183
345265.887872,-0.172180,-0.965775,-0.080307
345265.899156,-0.173203,-0.958008,-0.066498
345265.909644,-0.173203,-0.961929,-0.071442
345265.920445,-0.177231,-0.969955,-0.073486
345265.931457,-0.172211,-0.974640,-0.088211
345265.941352,-0.174164,-0.970688,-0.090149
345265.951961,-0.171158,-0.966660,-0.090103
345265.962340,-0.170135,-0.959763,-0.083176
345265.973628,-0.171097,-0.948959,-0.076202
345265.984146,-0.170090,-0.948944,-0.075241
345265.995378,-0.171066,-0.948914,-0.080139
345266.006499,-0.172058,-0.954819,-0.087082
345266.016460,-0.171127,-0.959747,-0.087097
345266.027712,-0.174164,-0.969711,-0.089157
345266.038097,-0.174179,-0.969742,-0.086227
345266.049334,-0.172195,-0.969727,-0.083282
345266.060228,-0.169205,-0.965683,-0.081268
345266.070276,-0.168167,-0.961670,-0.084167
345266.081377,-0.172073,-0.950958,-0.078201
345266.091409,-0.174149,-0.959900,-0.079269
345266.101658,-0.176147,-0.961960,-0.077332
345266.111856,-0.177139,-0.961014,-0.078308
345266.122810,-0.173218,-0.967804,-0.077377
345266.133267,-0.175217,-0.971802,-0.080368
345266.144253,-0.166306,-0.974579,-0.074448
345266.155018,-0.166260,-0.966705,-0.070465
345266.165015,-0.169235,-0.962830,-0.069473
345266.176135,-0.172150,-0.954987,-0.069427
345266.186319,-0.176163,-0.960052,-0.070450
345266.197193,-0.178177,-0.965042,-0.072464
345266.207647,-0.178192,-0.967056,-0.070526
345266.218423,-0.178192,-0.966019,-0.072479
345266.229110,-0.174240,-0.970856,-0.073471
345266.239424,-0.171265,-0.970764,-0.074432
345266.250056,-0.168213,-0.962753,-0.075363
345266.260417,-0.167267,-0.966721,-0.071457
345266.270595,-0.171234,-0.964844,-0.072418
345266.281308,-0.174179,-0.963882,-0.077332
345266.292188,-0.176117,-0.959946,-0.080261
345266.302592,-0.180099,-0.961060,-0.083237
345266.313989,-0.179092,-0.959045,-0.081253
345266.324450,-0.173141,-0.959854,-0.080246
345266.334472,-0.171173,-0.959824,-0.079254
345266.345346,-0.171173,-0.964752,-0.083221
345266.355432,-0.168259,-0.969635,-0.079346
345266.366550,-0.170212,-0.966736,-0.079315
345266.376910,-0.174194,-0.964905,-0.074402
345266.387903,-0.170197,-0.964752,-0.079300
345266.398893,-0.174225,-0.965912,-0.071487
345266.408864,-0.174164,-0.957993,-0.071411
345266.420258,-0.181137,-0.960175,-0.072418
345266.430395,-0.175201,-0.965912,-0.074432
345266.440794,-0.176208,-0.970871,-0.077408
345266.451360,-0.174255,-0.971832,-0.074463
345266.462312,-0.169266,-0.967743,-0.072449
345266.474165,-0.163315,-0.967636,-0.064575
345266.483470,-0.165253,-0.963699,-0.070435
345266.494569,-0.166245,-0.961761,-0.068451
345266.504760,-0.168213,-0.958847,-0.068451
345266.515701,-0.172134,-0.954971,-0.071396
345266.526050,-0.173172,-0.961868,-0.077316
345266.537261,-0.176102,-0.958954,-0.081238
345266.548006,-0.178085,-0.959015,-0.081253
345266.557884,-0.177200,-0.970871,-0.081329
345266.569039,-0.174286,-0.982651,-0.083389
345266.579350,-0.170288,-0.977600,-0.082352
345266.590283,-0.168213,-0.966644,-0.082260
345266.600694,-0.168106,-0.953766,-0.083130
345266.611315,-0.171158,-0.957840,-0.079239
345266.621642,-0.173096,-0.953918,-0.080200
345266.632220,-0.180115,-0.960068,-0.080276
345266.643295,-0.183121,-0.967087,-0.083298
345266.653313,-0.182114,-0.967957,-0.090179
345266.664653,-0.181137,-0.973862,-0.092163
345266.675070,-0.174149,-0.960922,-0.078293
345266.686312,-0.177155,-0.961990,-0.077332
345266.697200,-0.175201,-0.966934,-0.073456
345266.707424,-0.147293,-0.955231,-0.072235
345266.718134,-0.168198,-0.957809,-0.072357
345266.728187,-0.183212,-0.973114,-0.073532
345266.739560,-0.156372,-0.972321,-0.072418
345266.749905,-0.164291,-0.968597,-0.072418
345266.760337,-0.193146,-0.973389,-0.074554
345266.770326,-0.184235,-0.979034,-0.077515
345266.780336,-0.165268,-0.970551,-0.078339
345266.790756,-0.182114,-0.961166,-0.078339
345266.800765,-0.171219,-0.959930,-0.068451
345266.811676,-0.175140,-0.956039,-0.072372
345266.821547,-0.176132,-0.959976,-0.077316
345266.832267,-0.169220,-0.967667,-0.081284
345266.842472,-0.172180,-0.963837,-0.077332
345266.853338,-0.170181,-0.968658,-0.086197
345266.863823,-0.165176,-0.963547,-0.086136
345266.874826,-0.168198,-0.965637,-0.083237
345266.885826,-0.176056,-0.958862,-0.090073
345266.895729,-0.174103,-0.955933,-0.080215
345266.906889,-0.187012,-0.958221,-0.087158
345266.917332,-0.190979,-0.959305,-0.090134
345266.928185,-0.184052,-0.959152,-0.085190
345266.938704,-0.176071,-0.956940,-0.084167
345266.949709,-0.181122,-0.962097,-0.079315
345266.960341,-0.179260,-0.975006,-0.070587
345266.970459,-0.168396,-0.977737,-0.061737
345266.981642,-0.169434,-0.982742,-0.058853
345266.992048,-0.170395,-0.978790,-0.059799
345267.002729,-0.174332,-0.973923,-0.063690
345267.013426,-0.174164,-0.959946,-0.074356
345267.024399,-0.176132,-0.958023,-0.075348
345267.035465,-0.177139,-0.958038,-0.076309
345267.045456,-0.172211,-0.965836,-0.075409
345267.056513,-0.176132,-0.962921,-0.080292
345267.066845,-0.182144,-0.968002,-0.085266
345267.078276,-0.174164,-0.970688,-0.090149
345267.088804,-0.170151,-0.965622,-0.091080
345267.099867,-0.179016,-0.958908,-0.095963
345267.110348,-0.172012,-0.952789,-0.091965
345267.120332,-0.171005,-0.946838,-0.090912
345267.131475,-0.177994,-0.952972,-0.090042
345267.141662,-0.183029,-0.966888,-0.103882
345267.151938,-0.181061,-0.970779,-0.103897
345267.162435,-0.172058,-0.966537,-0.106796
345267.173601,-0.170090,-0.962616,-0.095947
345267.184382,-0.174026,-0.956772,-0.094955
345267.194515,-0.169083,-0.956680,-0.091003
345267.205373,-0.168121,-0.960648,-0.089066
345267.215422,-0.165192,-0.966522,-0.086166
345267.226835,-0.160156,-0.962341,-0.092972
345267.237334,-0.160172,-0.962372,-0.091003
345267.248549,-0.161133,-0.960419,-0.091965
345267.258769,-0.165192,-0.965500,-0.088120
345267.268865,-0.170166,-0.962753,-0.080261
345267.280016,-0.174225,-0.970810,-0.077393
345267.289851,-0.177277,-0.973938,-0.071564
345267.300894,-0.181259,-0.975082,-0.068619
345267.310854,-0.180222,-0.967117,-0.069550
345267.321570,-0.178146,-0.963989,-0.079330
345267.331928,-0.172119,-0.954926,-0.076279
345267.341843,-0.170227,-0.961884,-0.067505
345267.352598,-0.171341,-0.970901,-0.060699
345267.362976,-0.164398,-0.972702,-0.057739
345267.373622,-0.175339,-0.977905,-0.064713
345267.383598,-0.178238,-0.974930,-0.075500
345267.394843,-0.177231,-0.974823,-0.082352
345267.405180,-0.179184,-0.973862,-0.086288
345267.415870,-0.174210,-0.969788,-0.080338
345267.426405,-0.170166,-0.958832,-0.076294
345267.437665,-0.174118,-0.957901,-0.081207
345267.448727,-0.161148,-0.956512,-0.084091
345267.458753,-0.168152,-0.963593,-0.090073
345267.469957,-0.169159,-0.968552,-0.094040
345267.480475,-0.162262,-0.975281,-0.092102
345267.491717,-0.157196,-0.967178,-0.094971
345267.502603,-0.168152,-0.964600,-0.089096
345267.512785,-0.163162,-0.961502,-0.086105
345267.523592,-0.161163,-0.957489,-0.085068
345267.533628,-0.165146,-0.960571,-0.088074
345267.544885,-0.177094,-0.961868,-0.091064
345267.555293,-0.181091,-0.966949,-0.091125
345267.565700,-0.182083,-0.965958,-0.092117
345267.576023,-0.186111,-0.967133,-0.085266
345267.586623,-0.185104,-0.961273,-0.075424
345267.596698,-0.182175,-0.962234,-0.068527
345267.608424,-0.176178,-0.962006,-0.072418
345267.618084,-0.172226,-0.964905,-0.069504
345267.629378,-0.171219,-0.963837,-0.074371
345267.639669,-0.170181,-0.960846,-0.074356
345267.649704,-0.175156,-0.960983,-0.074387
345267.660184,-0.176147,-0.958054,-0.071426
345267.671082,-0.180130,-0.955215,-0.069458
345267.681652,-0.181137,-0.963150,-0.073441
345267.692708,-0.181137,-0.966034,-0.080338
345267.702750,-0.181137,-0.971909,-0.089203
345267.713572,-0.175217,-0.974731,-0.085281
345267.723861,-0.167282,-0.974548,-0.080338
345267.735158,-0.167252,-0.964722,-0.072403
345267.745772,-0.149292,-0.952393,-0.063416
345267.756133,-0.173203,-0.959976,-0.067505
345267.766132,-0.184250,-0.979065,-0.074570
345267.776919,-0.165161,-0.960602,-0.084152
345267.787696,-0.194061,-0.966385,-0.084320
345267.797728,-0.191147,-0.974258,-0.080444
345267.808624,-0.166306,-0.970673,-0.068527
345267.819038,-0.178162,-0.959167,-0.064575
345267.829321,-0.183167,-0.965210,-0.071518
345267.839993,-0.166290,-0.969650,-0.071487
345267.850287,-0.172150,-0.958893,-0.076309
345267.861062,-0.177139,-0.964905,-0.084229
345267.871060,-0.172180,-0.967743,-0.083267
345267.882368,-0.171097,-0.951889,-0.080170
345267.892815,-0.182144,-0.962158,-0.076370
345267.903878,-0.180161,-0.964066,-0.078339
345267.914599,-0.180161,-0.966003,-0.080338
345267.925655,-0.174118,-0.960846,-0.085159
345267.936831,-0.177124,-0.965820,-0.090134
345267.947170,-0.173203,-0.967758,-0.082291
345267.958618,-0.168198,-0.963684,-0.080261
345267.969164,-0.169205,-0.961792,-0.075348
345267.980283,-0.170181,-0.960846,-0.075348
345267.991244,-0.174133,-0.960892,-0.080261
345268.001154,-0.178162,-0.966980,-0.078369
345268.012339,-0.180191,-0.970947,-0.082336
345268.022522,-0.184189,-0.973099,-0.077454
345268.032590,-0.182144,-0.963165,-0.074432
345268.042409,-0.181091,-0.957184,-0.074371
345268.053648,-0.188110,-0.959427,-0.068542
345268.064519,-0.182144,-0.960236,-0.070480
345268.075541,-0.179214,-0.967087,-0.069550
345268.086735,-0.177231,-0.968994,-0.071518
345268.096944,-0.175171,-0.960022,-0.070450
345268.108489,-0.177170,-0.958115,-0.067505
345268.118929,-0.177155,-0.960052,-0.073395
345268.129940,-0.176163,-0.962982,-0.075394
345268.140932,-0.179184,-0.970932,-0.080368
345268.150848,-0.182190,-0.972000,-0.082367
345268.162018,-0.176224,-0.975769,-0.084320
345268.172148,-0.178162,-0.964020,-0.076370
345268.182684,-0.177139,-0.958038,-0.076309
345268.193121,-0.175125,-0.954056,-0.072357
345268.203572,-0.176041,-0.948135,-0.073303
345268.214520,-0.180130,-0.956192,-0.072388
345268.225276,-0.173218,-0.962936,-0.069489
345268.236459,-0.174286,-0.969940,-0.064636
345268.246504,-0.173325,-0.976822,-0.068619
345268.256711,-0.172302,-0.976776,-0.071579
345268.266610,-0.171341,-0.973831,-0.064651
345268.277276,-0.169281,-0.966827,-0.066559
345268.288178,-0.169220,-0.955978,-0.061554
345268.298541,-0.182144,-0.958267,-0.068497
345268.309551,-0.188126,-0.963379,-0.070541
345268.319407,-0.189209,-0.972321,-0.069641
345268.330258,-0.184219,-0.976074,-0.078461
345268.340329,-0.181137,-0.969940,-0.087234
345268.350939,-0.178009,-0.954971,-0.089066
345268.361288,-0.172028,-0.950867,-0.088013
345268.371767,-0.175018,-0.949982,-0.084106
345268.382295,-0.170105,-0.951889,-0.078201
345268.393015,-0.173126,-0.956909,-0.077286
345268.404100,-0.175171,-0.969772,-0.086243
345268.414101,-0.176102,-0.968735,-0.095062
345268.424829,-0.174133,-0.968704,-0.092087
345268.435283,-0.171173,-0.961792,-0.080246
345268.446529,-0.178162,-0.961136,-0.067551
345268.457081,-0.177216,-0.962097,-0.066544
345268.467864,-0.171310,-0.967896,-0.063629
345268.478991,-0.171310,-0.972809,-0.068558
345268.489024,-0.171280,-0.972733,-0.076401
345268.500304,-0.168350,-0.975693,-0.067627
345268.510736,-0.170273,-0.965866,-0.065582
345268.522009,-0.174210,-0.959076,-0.062592
345268.532862,-0.174225,-0.959091,-0.060623
345268.542756,-0.173233,-0.962967,-0.066544
345268.553877,-0.177139,-0.961014,-0.078308
345268.563912,-0.182083,-0.963058,-0.086212
345268.574467,-0.185120,-0.966125,-0.082336
345268.584766,-0.182129,-0.968994,-0.087234
345268.595491,-0.179108,-0.964935,-0.087189
345268.606080,-0.179077,-0.958023,-0.084183
345268.616146,-0.177139,-0.961945,-0.082245
345268.626919,-0.173172,-0.962860,-0.078308
345268.637082,-0.172134,-0.961777,-0.085159
345268.647904,-0.172150,-0.966736,-0.086197
345268.658199,-0.170197,-0.968674,-0.084229
345268.669028,-0.175171,-0.967789,-0.085236
345268.679546,-0.174149,-0.965759,-0.087173
345268.690641,-0.176132,-0.962906,-0.082260
345268.701414,-0.175079,-0.954956,-0.080231
345268.711433,-0.179138,-0.962051,-0.078323
345268.722535,-0.181107,-0.960129,-0.077332
345268.732680,-0.173203,-0.964874,-0.074402
345268.743690,-0.172226,-0.967834,-0.073456
345268.753862,-0.173233,-0.967819,-0.076385
345268.764683,-0.169189,-0.960831,-0.073380
345268.776123,-0.169266,-0.966797,-0.069504
345268.785896,-0.174240,-0.969864,-0.073471
345268.796134,-0.168228,-0.966690,-0.078323
345268.806335,-0.171173,-0.962784,-0.080261
345268.817025,-0.176117,-0.959946,-0.081238
345268.827049,-0.178070,-0.959961,-0.086166
345268.838165,-0.178131,-0.966934,-0.083282
345268.848604,-0.170120,-0.960724,-0.087112
345268.859098,-0.174072,-0.957825,-0.089050
345268.869731,-0.173019,-0.954758,-0.094940
345268.879718,-0.173004,-0.952759,-0.096878
345268.890862,-0.177017,-0.956863,-0.095932
345268.901001,-0.178055,-0.960922,-0.090103
345268.912059,-0.176071,-0.962799,-0.093048
345268.922432,-0.172058,-0.959686,-0.096924
345268.933542,-0.175064,-0.961761,-0.095963
345268.944215,-0.175095,-0.964752,-0.094040
345268.954883,-0.165222,-0.971420,-0.090134
345268.966001,-0.162247,-0.971344,-0.089127
345268.976087,-0.159271,-0.970306,-0.085175
345268.987180,-0.157242,-0.966293,-0.085129
345268.997608,-0.166199,-0.962646,-0.079269
345269.008747,-0.161255,-0.966476,-0.079269
345269.019627,-0.165268,-0.965637,-0.072418
345269.029653,-0.169266,-0.966797,-0.069504
345269.040507,-0.181152,-0.960205,-0.069489
345269.050515,-0.178146,-0.960114,-0.070465
345269.061720,-0.178146,-0.962051,-0.075394
345269.071826,-0.178223,-0.969986,-0.072510
345269.082372,-0.174271,-0.974808,-0.074478
345269.092994,-0.167313,-0.969711,-0.068527
345269.103976,-0.170197,-0.960892,-0.070435
345269.115072,-0.175186,-0.962982,-0.071472
345269.124897,-0.175186,-0.965881,-0.078354
345269.136059,-0.169220,-0.967651,-0.082275
345269.146183,-0.172180,-0.968719,-0.085220
345269.156591,-0.175125,-0.966766,-0.090134
345269.167178,-0.171143,-0.964691,-0.089096
345269.178340,-0.160217,-0.963440,-0.083160
345269.189175,-0.170151,-0.964676,-0.088120
345269.199265,-0.171158,-0.962753,-0.084183
345269.210409,-0.155182,-0.952408,-0.079147
345269.220539,-0.180099,-0.960037,-0.084198
345269.231116,-0.185165,-0.974030,-0.085327
345269.241584,-0.152328,-0.968201,-0.077286
345269.252785,-0.166183,-0.956757,-0.072342
345269.263394,-0.196152,-0.977402,-0.078537
345269.273426,-0.160370,-0.976425,-0.071518
345269.284255,-0.178146,-0.963043,-0.074417
345269.294171,-0.183197,-0.974030,-0.080414
345269.305274,-0.173233,-0.968826,-0.076385
345269.315690,-0.173141,-0.956940,-0.075333
345269.326473,-0.183075,-0.955261,-0.074371
345269.336541,-0.176178,-0.960052,-0.069473
345269.347042,-0.178116,-0.959061,-0.076340
345269.357924,-0.183136,-0.967087,-0.082321
345269.367825,-0.177185,-0.971802,-0.087234
345269.378917,-0.182129,-0.966034,-0.084274
345269.389131,-0.179062,-0.953125,-0.077286
345269.399601,-0.177063,-0.952057,-0.080200
345269.410062,-0.181061,-0.957123,-0.080261
345269.421081,-0.178101,-0.960999,-0.082260
345269.431586,-0.173172,-0.968719,-0.088165
345269.441948,-0.177185,-0.974747,-0.091171
345269.453037,-0.173203,-0.973648,-0.089188
345269.463070,-0.170242,-0.974609,-0.084274
345269.474356,-0.168228,-0.969589,-0.084244
345269.484844,-0.167160,-0.957703,-0.080200
345269.495986,-0.169113,-0.952835,-0.077240
345269.506903,-0.171173,-0.958878,-0.075333
345269.516796,-0.176117,-0.962875,-0.085190
345269.527908,-0.181122,-0.966995,-0.085236
345269.537810,-0.186172,-0.972122,-0.081390
345269.549095,-0.187149,-0.971176,-0.079422
345269.559474,-0.180130,-0.961105,-0.077347
345269.570669,-0.186066,-0.956299,-0.079300
345269.581482,-0.185120,-0.963242,-0.075439
345269.591832,-0.173218,-0.968811,-0.078354
345269.602958,-0.165253,-0.970520,-0.081284
345269.612986,-0.164261,-0.971451,-0.084229
345269.623792,-0.163254,-0.965546,-0.076324
345269.634182,-0.166214,-0.963638,-0.079269
345269.645828,-0.169250,-0.967712,-0.076370
345269.656115,-0.170166,-0.962738,-0.082230
345269.666656,-0.173111,-0.958817,-0.085144
345269.677711,-0.177017,-0.952942,-0.090027
345269.687619,-0.177979,-0.954910,-0.095932
345269.699057,-0.178146,-0.967880,-0.085251
345269.709454,-0.177216,-0.971863,-0.081345
345269.720695,-0.169250,-0.969681,-0.078354
345269.731593,-0.166229,-0.963699,-0.073380
345269.741636,-0.157242,-0.958511,-0.070358
345269.752606,-0.159256,-0.958588,-0.068405
345269.763218,-0.164261,-0.962692,-0.068451
345269.773399,-0.165253,-0.966644,-0.073410
345269.784013,-0.166321,-0.976578,-0.073502
345269.795010,-0.167328,-0.972687,-0.068542
345269.805185,-0.178238,-0.966125,-0.061691
345269.815638,-0.186218,-0.962463,-0.055801
345269.826844,-0.184189,-0.961411,-0.058731
345269.836566,-0.177231,-0.965073,-0.066574
345269.847702,-0.183121,-0.960236,-0.073425
345269.857966,-0.183121,-0.963165,-0.078354
345269.868422,-0.177231,-0.968979,-0.072479
345269.878981,-0.176193,-0.964020,-0.070480
345269.889458,-0.173218,-0.963898,-0.072418
345269.900236,-0.176163,-0.961029,-0.072418
345269.910235,-0.177155,-0.961029,-0.076340
345269.921350,-0.170074,-0.958679,-0.091995
345269.931386,-0.176071,-0.962814,-0.092056
345269.942693,-0.171173,-0.968658,-0.089127
345269.953180,-0.166168,-0.962585,-0.085144
345269.963210,-0.175171,-0.963913,-0.078323
345269.973848,-0.177216,-0.967941,-0.076401
345269.984315,-0.176193,-0.966965,-0.073456
345269.995430,-0.177185,-0.965942,-0.077377
345270.005323,-0.181122,-0.962112,-0.077347
345270.016220,-0.179138,-0.961090,-0.076355
345270.026456,-0.177139,-0.959045,-0.075363
345270.036601,-0.178177,-0.965057,-0.071503
345270.046956,-0.177231,-0.967026,-0.069534
345270.057987,-0.176193,-0.965958,-0.073456
345270.068647,-0.178207,-0.969971,-0.075470
345270.078776,-0.175186,-0.967834,-0.080338
345270.089654,-0.177139,-0.962936,-0.082260
345270.099577,-0.171158,-0.960800,-0.082214
345270.110669,-0.172134,-0.957870,-0.079254
345270.120781,-0.173035,-0.950882,-0.087036
345270.132352,-0.178085,-0.960968,-0.085190
345270.142429,-0.173203,-0.972672,-0.087219
345270.153682,-0.172150,-0.970627,-0.092102
345270.164755,-0.177124,-0.963882,-0.088135
345270.174790,-0.171127,-0.957779,-0.085114
345270.186174,-0.172043,-0.949936,-0.081146
345270.196633,-0.175079,-0.952011,-0.079224
345270.207811,-0.178116,-0.958069,-0.076324
345270.218714,-0.175217,-0.968887,-0.076401
345270.228597,-0.174316,-0.981705,-0.079453
345270.239251,-0.180191,-0.967072,-0.074448
345270.249272,-0.170166,-0.952972,-0.066452
345270.259740,-0.190170,-0.965500,-0.062714
345270.270394,-0.167404,-0.977707,-0.061722
345270.280048,-0.153381,-0.968353,-0.064529
345270.290470,-0.183167,-0.964218,-0.071503
345270.301792,-0.190201,-0.975327,-0.070633
345270.312426,-0.165405,-0.984497,-0.070618
345270.322570,-0.173203,-0.961914,-0.072403
345270.333350,-0.191025,-0.955490,-0.074402
345270.343382,-0.178101,-0.959030,-0.079300
345270.354677,-0.166138,-0.954712,-0.079208
345270.365114,-0.184036,-0.963058,-0.092087
345270.375880,-0.172180,-0.969681,-0.088181
345270.386326,-0.176117,-0.970703,-0.096039
345270.397243,-0.177170,-0.976685,-0.095139
345270.408317,-0.167206,-0.970490,-0.091095
345270.418351,-0.166153,-0.965469,-0.094009
345270.429651,-0.167160,-0.962601,-0.087112
345270.439823,-0.162201,-0.959534,-0.081177
345270.451226,-0.168198,-0.960785,-0.075348
345270.462104,-0.174179,-0.961929,-0.075363
345270.472107,-0.179184,-0.963120,-0.069519
345270.483184,-0.176178,-0.963959,-0.076355
345270.493280,-0.177246,-0.969971,-0.071533
345270.504393,-0.173248,-0.966919,-0.067566
345270.514482,-0.176239,-0.967041,-0.065613
345270.524829,-0.173294,-0.968964,-0.062668
345270.534921,-0.171295,-0.968887,-0.064606
345270.545323,-0.170197,-0.962814,-0.075363
345270.556073,-0.176132,-0.962921,-0.080292
345270.566262,-0.180145,-0.962067,-0.079315
345270.576722,-0.180176,-0.966019,-0.079361
345270.586820,-0.177216,-0.968964,-0.075439
345270.597802,-0.177170,-0.964966,-0.077362
345270.607963,-0.173141,-0.959854,-0.081223
345270.619374,-0.167145,-0.960632,-0.087097
345270.629895,-0.166183,-0.966537,-0.088120
345270.640410,-0.169205,-0.970581,-0.088165
345270.651459,-0.173203,-0.970703,-0.085236
345270.661462,-0.167236,-0.967606,-0.081268
345270.672778,-0.169189,-0.962738,-0.079285
345270.683106,-0.171204,-0.962830,-0.076324
345270.693399,-0.172165,-0.962845,-0.078308
345270.703927,-0.181122,-0.963104,-0.077362
345270.714925,-0.180206,-0.968048,-0.075455
345270.726013,-0.174271,-0.970886,-0.069550
345270.736022,-0.171295,-0.969833,-0.068542
345270.746836,-0.173218,-0.962952,-0.067535
345270.756946,-0.172226,-0.964920,-0.067551
345270.767305,-0.174286,-0.972885,-0.068573
345270.777831,-0.171310,-0.967896,-0.063629
345270.788542,-0.173248,-0.966904,-0.069519
345270.799435,-0.177200,-0.964035,-0.071472
345270.810310,-0.176178,-0.963028,-0.070480
345270.821302,-0.174194,-0.963928,-0.073410
345270.831205,-0.173187,-0.966782,-0.082275
345270.842637,-0.168228,-0.968643,-0.081284
345270.853097,-0.166214,-0.968567,-0.083237
345270.864176,-0.163223,-0.970398,-0.087158
345270.875401,-0.167252,-0.972519,-0.085220
345270.885071,-0.165283,-0.973480,-0.082306
345270.895437,-0.169281,-0.971680,-0.076401
345270.905466,-0.171188,-0.961807,-0.079269
345270.916741,-0.177139,-0.959045,-0.075363
345270.927174,-0.172150,-0.960876,-0.078293
345270.938288,-0.171249,-0.964874,-0.069489
345270.949194,-0.171265,-0.967804,-0.072449
345270.959125,-0.170273,-0.966858,-0.066559
345270.970246,-0.171341,-0.971878,-0.062683
345270.980277,-0.168365,-0.970840,-0.057755
345270.991602,-0.166351,-0.970749,-0.060684
345271.002116,-0.167282,-0.966736,-0.069489
345271.013225,-0.171310,-0.971802,-0.069550
345271.024191,-0.172256,-0.965927,-0.064606
345271.034076,-0.180222,-0.963226,-0.062653
345271.045019,-0.180222,-0.965164,-0.066589
345271.055222,-0.183136,-0.958282,-0.069489
345271.066504,-0.183136,-0.962204,-0.074417
345271.076684,-0.187103,-0.964249,-0.079361
345271.087897,-0.183151,-0.967133,-0.078384
345271.098600,-0.174225,-0.967865,-0.074432
345271.109094,-0.173279,-0.967926,-0.065613
345271.120142,-0.163315,-0.966690,-0.061615
345271.130188,-0.164307,-0.961777,-0.059616
345271.141594,-0.169250,-0.959930,-0.062576
345271.152054,-0.178177,-0.962097,-0.069504
345271.163112,-0.179199,-0.965118,-0.067581
345271.173849,-0.178284,-0.975006,-0.066666
345271.183882,-0.180328,-0.975128,-0.059799
345271.195002,-0.178314,-0.976044,-0.062759
345271.205041,-0.179337,-0.976089,-0.060791
345271.216340,-0.175415,-0.981949,-0.057877
345271.226730,-0.170395,-0.972961,-0.049927
345271.238019,-0.167358,-0.964935,-0.050827
345271.248620,-0.172333,-0.967056,-0.051865
345271.258689,-0.178329,-0.974106,-0.057831
345271.268750,-0.181305,-0.974167,-0.060776
345271.278811,-0.184265,-0.974213,-0.064713
345271.289976,-0.182236,-0.966232,-0.063675
345271.300012,-0.184158,-0.958374,-0.063599
345271.310941,-0.175171,-0.955139,-0.062576
345271.321289,-0.175156,-0.954132,-0.065506
345271.331690,-0.156357,-0.968414,-0.068466
345271.342265,-0.166229,-0.962708,-0.072388
345271.352304,-0.196091,-0.965591,-0.070587
345271.363415,-0.170303,-0.973724,-0.072495
345271.373516,-0.150391,-0.968277,-0.065506
345271.384769,-0.178177,-0.959198,-0.062622
345271.395172,-0.197174,-0.967697,-0.059814
345271.406153,-0.168396,-0.973816,-0.057785
345271.416654,-0.174286,-0.962143,-0.052795
345271.427342,-0.196030,-0.950836,-0.058701
345271.438424,-0.179276,-0.958405,-0.044937
345271.448340,-0.179245,-0.957397,-0.045929
345271.459611,-0.179306,-0.965317,-0.047958
345271.469988,-0.173401,-0.971100,-0.044052
345271.481305,-0.177429,-0.979111,-0.048065
345271.492187,-0.175476,-0.986938,-0.052048
345271.502406,-0.169525,-0.987793,-0.049072
345271.513506,-0.174423,-0.978027,-0.049988
345271.523539,-0.170349,-0.961182,-0.040039
345271.534846,-0.182205,-0.951569,-0.043930
345271.545264,-0.188202,-0.956680,-0.045959
345271.556057,-0.181274,-0.961456,-0.044006
345271.566528,-0.184357,-0.971481,-0.040176
345271.577348,-0.182526,-0.986313,-0.036362
345271.588400,-0.175583,-0.992035,-0.038361
345271.598441,-0.167679,-0.992874,-0.030457
345271.609890,-0.164688,-0.992813,-0.027512
345271.620419,-0.158600,-0.979691,-0.035233
345271.631339,-0.163376,-0.959946,-0.040955
345271.642227,-0.169327,-0.961075,-0.046890
345271.652217,-0.173309,-0.963120,-0.050842
345271.663346,-0.178238,-0.961273,-0.053802
345271.673388,-0.185257,-0.969376,-0.055862
345271.684655,-0.176315,-0.970078,-0.056808
345271.695054,-0.173294,-0.968964,-0.061676
345271.705771,-0.169312,-0.970795,-0.065613
345271.716294,-0.162384,-0.970627,-0.059692
345271.727235,-0.155365,-0.958618,-0.051727
345271.738291,-0.165344,-0.960953,-0.047867
345271.748343,-0.168427,-0.973892,-0.049942
345271.758941,-0.165512,-0.984695,-0.050018
345271.769592,-0.173462,-0.979996,-0.047058
345271.779644,-0.182388,-0.975342,-0.044128
345271.790293,-0.181351,-0.969406,-0.042099
345271.800874,-0.177399,-0.969315,-0.038162
345271.811800,-0.183395,-0.975418,-0.040207
345271.821678,-0.189362,-0.978500,-0.046143
345271.832252,-0.187378,-0.977493,-0.041214
345271.842231,-0.178406,-0.973312,-0.037216
345271.853320,-0.170410,-0.962234,-0.032181
345271.863806,-0.163437,-0.961075,-0.029205
345271.874375,-0.157486,-0.965775,-0.035110
345271.884531,-0.156494,-0.965714,-0.038055
345271.895726,-0.162354,-0.958862,-0.047836
345271.906433,-0.170303,-0.960052,-0.051788
345271.916411,-0.174347,-0.971039,-0.053848
345271.927613,-0.170380,-0.977798,-0.062729
345271.937723,-0.172394,-0.984741,-0.066727
345271.949302,-0.166428,-0.984558,-0.066696
345271.959424,-0.164337,-0.966736,-0.060638
345271.970615,-0.169266,-0.957993,-0.056671
345271.981739,-0.173248,-0.959106,-0.055725
345271.992173,-0.174194,-0.954147,-0.059601
345272.003052,-0.177185,-0.956207,-0.061584
345272.013530,-0.176270,-0.961227,-0.051834
345272.024767,-0.176376,-0.970200,-0.044067
345272.035574,-0.174500,-0.979126,-0.036270
345272.045544,-0.172501,-0.977142,-0.033310
345272.056115,-0.171448,-0.970139,-0.037155
345272.065996,-0.170471,-0.976013,-0.041122
345272.077202,-0.164490,-0.973862,-0.040115
345272.087504,-0.165497,-0.971954,-0.035202
345272.098226,-0.175461,-0.974228,-0.035263
345272.108805,-0.180405,-0.968430,-0.035233
345272.119904,-0.177429,-0.974228,-0.042130
345272.130853,-0.174377,-0.973068,-0.049942
345272.140803,-0.173309,-0.963104,-0.051834
345272.151966,-0.175278,-0.963150,-0.054794
345272.162097,-0.166367,-0.967834,-0.054794
345272.173649,-0.160385,-0.967651,-0.055740
345272.184137,-0.164383,-0.971695,-0.058731
345272.195392,-0.162506,-0.980637,-0.049973
345272.206501,-0.159561,-0.982605,-0.043106
345272.216497,-0.160583,-0.976837,-0.028351
345272.227833,-0.160568,-0.972900,-0.025360
345272.238219,-0.167572,-0.978027,-0.028381
345272.248990,-0.170547,-0.981033,-0.033325
345272.259155,-0.174530,-0.986023,-0.041214
345272.270091,-0.177521,-0.987122,-0.040283
345272.280408,-0.170563,-0.986938,-0.038284
345272.290556,-0.169571,-0.982025,-0.031372
345272.301619,-0.176483,-0.975311,-0.029373
345272.311936,-0.179520,-0.980377,-0.027481
345272.323142,-0.177643,-0.990250,-0.023621
345272.333141,-0.174637,-0.989166,-0.023590
345272.343176,-0.180511,-0.983292,-0.035355
345272.353988,-0.187164,-0.958511,-0.056747
345272.364075,-0.193832,-0.928909,-0.068298
345272.375093,-0.193542,-0.903915,-0.089676
345272.385157,-0.188751,-0.926590,-0.086914
345272.396462,-0.178970,-0.949066,-0.089005
345272.406852,-0.177170,-0.965912,-0.081299
345272.417999,-0.170273,-0.977570,-0.085281
345272.428900,-0.153351,-0.980972,-0.092102
345272.438903,-0.143326,-0.972717,-0.095917
345272.449971,-0.140289,-0.970581,-0.101776
345272.460324,-0.136383,-0.976471,-0.096909
345272.471157,-0.133453,-0.981384,-0.090073
345272.481617,-0.142624,-0.985977,-0.052872
345272.492858,-0.168701,-0.978317,-0.001923
345272.503744,-0.179840,-0.978073,0.042145
345272.513783,-0.184891,-0.990082,0.039108
345272.524910,-0.183807,-0.991806,0.015564
345272.534952,-0.170792,-0.993256,-0.001068
345272.546222,-0.164810,-0.992050,-0.002991
345272.556517,-0.162903,-0.993103,0.009766
345272.567670,-0.175797,-0.985626,0.016617
345272.578605,-0.182861,-0.996735,0.016495
345272.588753,-0.175919,-1.003433,0.013535
345272.599812,-0.176895,-0.999512,0.015518
345272.609744,-0.188675,-0.979050,0.013687
345272.621055,-0.206238,-0.944794,0.002121
345272.631459,-0.219879,-0.921188,-0.020294
345272.642355,-0.221725,-0.919998,-0.047775
345272.652969,-0.204803,-0.934158,-0.071365
345272.663151,-0.174133,-0.962845,-0.083221
345272.674376,-0.173279,-0.978668,-0.080414
345272.684230,-0.167221,-0.958801,-0.069427
345272.695504,-0.159134,-0.941757,-0.066315
345272.705848,-0.165085,-0.941910,-0.067337
345272.716376,-0.171097,-0.952866,-0.081161
345272.727002,-0.170151,-0.965622,-0.091080
345272.737515,-0.165192,-0.975266,-0.103882
345272.748307,-0.164169,-0.981064,-0.116669
345272.759005,-0.164124,-0.977051,-0.120575
345272.769314,-0.168045,-0.966324,-0.115601
345272.779374,-0.165131,-0.965363,-0.100876
345272.790473,-0.157333,-0.967438,-0.067505
345272.800591,-0.160599,-0.973938,-0.021439
345272.811931,-0.179092,-0.981445,0.087265
345272.822420,-0.194244,-0.985291,0.132294
345272.832611,-0.181198,-0.993408,0.088150
345272.843192,-0.164871,-0.992172,0.008774
345272.853064,-0.135834,-0.991959,-0.029343
345272.863487,-0.142792,-0.990204,-0.025436
345272.873622,-0.165848,-0.994095,0.001877
345272.884980,-0.188828,-0.991058,0.026306
345272.895475,-0.199722,-0.982513,0.032227
345272.906472,-0.208374,-0.960709,0.003952
345272.917275,-0.217270,-0.955032,0.003952
345272.927199,-0.211349,-0.962769,0.000977
345272.938335,-0.195496,-0.970215,-0.000015
345272.948517,-0.185608,-0.978821,-0.001022
345272.960357,-0.176636,-0.982437,-0.009811
345272.970312,-0.164673,-0.980057,-0.013657
345272.981334,-0.165558,-0.975998,-0.027390
345272.992131,-0.166473,-0.972961,-0.037155
345273.002023,-0.165436,-0.972839,-0.045990
345273.012959,-0.153412,-0.970352,-0.061600
345273.022993,-0.166306,-0.968735,-0.064590
345273.033312,-0.168350,-0.973740,-0.065643
345273.043990,-0.164291,-0.966644,-0.069473
345273.054946,-0.172165,-0.958954,-0.070435
345273.064792,-0.178131,-0.959106,-0.071457
345273.075233,-0.178146,-0.960114,-0.070465
345273.086078,-0.175201,-0.963989,-0.070480
345273.096004,-0.174316,-0.970978,-0.060715
345273.106982,-0.181320,-0.966385,-0.045013
345273.116989,-0.178375,-0.964447,-0.031265
345273.127977,-0.176498,-0.970428,-0.020523
345273.138693,-0.168640,-0.990906,-0.031448
345273.149706,-0.165634,-0.985870,-0.030396
345273.160790,-0.161591,-0.976883,-0.026382
345273.170685,-0.165543,-0.969131,-0.020462
345273.181880,-0.165573,-0.965286,-0.008667
345273.192263,-0.173538,-0.962570,-0.004745
345273.203135,-0.181473,-0.965729,-0.010681
345273.213788,-0.187439,-0.970749,-0.020569
345273.224509,-0.187439,-0.978577,-0.032394
345273.235652,-0.178482,-0.976349,-0.030380
345273.245530,-0.177490,-0.980225,-0.037262
345273.256216,-0.173523,-0.982071,-0.038254
345273.266477,-0.171478,-0.972122,-0.036194
345273.276947,-0.169403,-0.966080,-0.040085
345273.287623,-0.174332,-0.962219,-0.044937
345273.298583,-0.177338,-0.964310,-0.043015
345273.309081,-0.178391,-0.974228,-0.045074
345273.319671,-0.181396,-0.976303,-0.044128
345273.330815,-0.183456,-0.984283,-0.044205
345273.340672,-0.184387,-0.976410,-0.043152
345273.351568,-0.169479,-0.973083,-0.034225
345273.362058,-0.163452,-0.963028,-0.030197
345273.372950,-0.165451,-0.963089,-0.030212
345273.382891,-0.169403,-0.961227,-0.031204
345273.393812,-0.173416,-0.967239,-0.035187
345273.404859,-0.175446,-0.970291,-0.031311
345273.414880,-0.183456,-0.975525,-0.028427
345273.426038,-0.188477,-0.979630,-0.026535
345273.436170,-0.186478,-0.979553,-0.028488
345273.447340,-0.175507,-0.976273,-0.029388
345273.457860,-0.174515,-0.977219,-0.030365
345273.469159,-0.164536,-0.973938,-0.032257
345273.480286,-0.169495,-0.971146,-0.029312
345273.490321,-0.181412,-0.968536,-0.027390
345273.501608,-0.180435,-0.967529,-0.026382
345273.512024,-0.180405,-0.963593,-0.024399
345273.522285,-0.186356,-0.961777,-0.025391
345273.532784,-0.192368,-0.969833,-0.030380
345273.544052,-0.180511,-0.975479,-0.023499
345273.555103,-0.183441,-0.974503,-0.031372
345273.565124,-0.183441,-0.975494,-0.031372
345273.576090,-0.176453,-0.973297,-0.031326
345273.586428,-0.173462,-0.969269,-0.030289
345273.597675,-0.180450,-0.971481,-0.027405
345273.608210,-0.183365,-0.963638,-0.028336
345273.619000,-0.178452,-0.969498,-0.022476
345273.629460,-0.176422,-0.966400,-0.027359
345273.639474,-0.182449,-0.972534,-0.027435
345273.650612,-0.179489,-0.976410,-0.027451
345273.660982,-0.173523,-0.977188,-0.030365
345273.671671,-0.181442,-0.974426,-0.033310
345273.682197,-0.177399,-0.968323,-0.037170
345273.693192,-0.171448,-0.966202,-0.033203
345273.704257,-0.171432,-0.962311,-0.027283
345273.714239,-0.176376,-0.961441,-0.030243
345273.724884,-0.175400,-0.965347,-0.032242
345273.735424,-0.183380,-0.968536,-0.034256
345273.746089,-0.173523,-0.977203,-0.028412
345273.756425,-0.174622,-0.984238,-0.020615
345273.767418,-0.165665,-0.982040,-0.017609
345273.778014,-0.167603,-0.976135,-0.019531
345273.788226,-0.171494,-0.969284,-0.024399
345273.798942,-0.179459,-0.969528,-0.022476
345273.809071,-0.182449,-0.969635,-0.021500
345273.820465,-0.184433,-0.969666,-0.023468
345273.830987,-0.190430,-0.974777,-0.024536
345273.841546,-0.187485,-0.977707,-0.018661
345273.852410,-0.181534,-0.977570,-0.016678
345273.863608,-0.166595,-0.977081,-0.020538
345273.873864,-0.165543,-0.975006,-0.027374
345273.884168,-0.160522,-0.966965,-0.025314
345273.894997,-0.163437,-0.961075,-0.029205
345273.905394,-0.173416,-0.962341,-0.029251
345273.916099,-0.179382,-0.965454,-0.033234
345273.926629,-0.177414,-0.966385,-0.032257
345273.937428,-0.176437,-0.970322,-0.032288
345273.948509,-0.179459,-0.975372,-0.032333
345273.958393,-0.176498,-0.976303,-0.029388
345273.969686,-0.169540,-0.977112,-0.027420
345273.980265,-0.174530,-0.975296,-0.023468
345273.991505,-0.172531,-0.976242,-0.024475
345274.002325,-0.173523,-0.969391,-0.017532
345274.012304,-0.175522,-0.971420,-0.017563
345274.023256,-0.173569,-0.974350,-0.015625
345274.033457,-0.175537,-0.973404,-0.017578
345274.044852,-0.167587,-0.975143,-0.019516
345274.055262,-0.166595,-0.976105,-0.018555
345274.066411,-0.168625,-0.974258,-0.011688
345274.077311,-0.167557,-0.968231,-0.015549
345274.087063,-0.170563,-0.971313,-0.014603
345274.098089,-0.175507,-0.974319,-0.025452
345274.108261,-0.175507,-0.977280,-0.027451
345274.119206,-0.177567,-0.978409,-0.019592
345274.129126,-0.180527,-0.975510,-0.020569
345274.140429,-0.173538,-0.974304,-0.021500
345274.150786,-0.167587,-0.976089,-0.023453
345274.161887,-0.168533,-0.969238,-0.018509
345274.172769,-0.169571,-0.972260,-0.016586
345274.182763,-0.171585,-0.976257,-0.019547
345274.193693,-0.179550,-0.982376,-0.025528
345274.204014,-0.178528,-0.977448,-0.018631
345274.214892,-0.176529,-0.976349,-0.023499
345274.225132,-0.172501,-0.964447,-0.013565
345274.236371,-0.174438,-0.959518,-0.016495
345274.247485,-0.182388,-0.961700,-0.022430
345274.258115,-0.182480,-0.974548,-0.024506
345274.268066,-0.172562,-0.981186,-0.024521
345274.278233,-0.176590,-0.979416,-0.012756
345274.289829,-0.169632,-0.976273,-0.010727
345274.299931,-0.169617,-0.975281,-0.011688
345274.310899,-0.171570,-0.974274,-0.018555
345274.321953,-0.173584,-0.977325,-0.016647
345274.331880,-0.173553,-0.973358,-0.015610
345274.342401,-0.171600,-0.973373,-0.009705
345274.352906,-0.180573,-0.974609,-0.011734
345274.363762,-0.179535,-0.975525,-0.015656
345274.374199,-0.179565,-0.977524,-0.014709
345274.384631,-0.182526,-0.975616,-0.016663
345274.395498,-0.182510,-0.974579,-0.020584
345274.405453,-0.175491,-0.974289,-0.028397
345274.416499,-0.174438,-0.966339,-0.027344
345274.426515,-0.175446,-0.966385,-0.025391
345274.437817,-0.171494,-0.969284,-0.024399
345274.448110,-0.173523,-0.973282,-0.023453
345274.459771,-0.175507,-0.977264,-0.028427
345274.469990,-0.175522,-0.980209,-0.031387
345274.480479,-0.175476,-0.975250,-0.032318
345274.491512,-0.172424,-0.966248,-0.031265
345274.501516,-0.171478,-0.968231,-0.029297
345274.512776,-0.174484,-0.971298,-0.026382
345274.523156,-0.172516,-0.975235,-0.025436
345274.533732,-0.174530,-0.974304,-0.023468
345274.544227,-0.173569,-0.979248,-0.021545
345274.555551,-0.167633,-0.979111,-0.017593
345274.566617,-0.167618,-0.978119,-0.018570
345274.576830,-0.172577,-0.977295,-0.017609
345274.587881,-0.171539,-0.971298,-0.018524
345274.598277,-0.178452,-0.968491,-0.022476
345274.609573,-0.178406,-0.966446,-0.028351
345274.620477,-0.180435,-0.971436,-0.031326
345274.630425,-0.181412,-0.969543,-0.027390
345274.641532,-0.181458,-0.974472,-0.028412
345274.651559,-0.176544,-0.980286,-0.026474
345274.662859,-0.170578,-0.982101,-0.027451
345274.673181,-0.167603,-0.982971,-0.029404
345274.683592,-0.166519,-0.974976,-0.033249
345274.694031,-0.170410,-0.960281,-0.029221
345274.705118,-0.174393,-0.962341,-0.031219
345274.716156,-0.181396,-0.969498,-0.032288
345274.726160,-0.185486,-0.980515,-0.030441
345274.737021,-0.179504,-0.978363,-0.030396
345274.747337,-0.175461,-0.972275,-0.031326
345274.757367,-0.178452,-0.973389,-0.029373
345274.768409,-0.174408,-0.966248,-0.036163
345274.778467,-0.172348,-0.965164,-0.043015
345274.789761,-0.176376,-0.968262,-0.040131
345274.799897,-0.178391,-0.968369,-0.035233
345274.810572,-0.178513,-0.972504,-0.017593
345274.820810,-0.178482,-0.972443,-0.023483
345274.831475,-0.177505,-0.978271,-0.033325
345274.841743,-0.170593,-0.985992,-0.033356
345274.853043,-0.168625,-0.986969,-0.029449
345274.863920,-0.169586,-0.981079,-0.025482
345274.875018,-0.171570,-0.975250,-0.020523
345274.885697,-0.169510,-0.965317,-0.017487
345274.895897,-0.172440,-0.961441,-0.019440
345274.906408,-0.181412,-0.967590,-0.024429
345274.916772,-0.184448,-0.976517,-0.031387
345274.928014,-0.182480,-0.976501,-0.027466
345274.938896,-0.174500,-0.978180,-0.034286
345274.948894,-0.172501,-0.976151,-0.033295
345274.960019,-0.164520,-0.973892,-0.036179
345274.970022,-0.158539,-0.972733,-0.036148
345274.981293,-0.161484,-0.970840,-0.037109
345274.991921,-0.162460,-0.965881,-0.038086
345275.002937,-0.168396,-0.967010,-0.044968
345275.013136,-0.172379,-0.970062,-0.047974
345275.023614,-0.173431,-0.976028,-0.048019
345275.034122,-0.173431,-0.975067,-0.045044
345275.044080,-0.172379,-0.971054,-0.047974
345275.055675,-0.175339,-0.964249,-0.043015
345275.066062,-0.171417,-0.964203,-0.036118
345275.077392,-0.170380,-0.962189,-0.037079
345275.087920,-0.172424,-0.968216,-0.034210
345275.098733,-0.173447,-0.969238,-0.033234
345275.109866,-0.177490,-0.974365,-0.027420
345275.119844,-0.175537,-0.978271,-0.026459
345275.131174,-0.175537,-0.984146,-0.034348
345275.141637,-0.171585,-0.986008,-0.035324
345275.152832,-0.168503,-0.975998,-0.037201
345275.163698,-0.171494,-0.971207,-0.029312
345275.173747,-0.173416,-0.961411,-0.024353
345275.184825,-0.173386,-0.960327,-0.032181
345275.194857,-0.180359,-0.963501,-0.034195
345275.206204,-0.180466,-0.979279,-0.039246
345275.216604,-0.166473,-0.975876,-0.043076
345275.227734,-0.169449,-0.973969,-0.044067
345275.238570,-0.166458,-0.974884,-0.043060
345275.248595,-0.158539,-0.975662,-0.041077
345275.259020,-0.164474,-0.976776,-0.046021
345275.269092,-0.170456,-0.977951,-0.046051
345275.280013,-0.166428,-0.973831,-0.049927
345275.290225,-0.166458,-0.971924,-0.042068
345275.300720,-0.171371,-0.963181,-0.040054
345275.311090,-0.177322,-0.959396,-0.038086
345275.322254,-0.182312,-0.965439,-0.044052
345275.332922,-0.178360,-0.968307,-0.042099
345275.342774,-0.174423,-0.969269,-0.034210
345275.353911,-0.176422,-0.968338,-0.031296
345275.364152,-0.171509,-0.973190,-0.029327
345275.374969,-0.164566,-0.977905,-0.031311
345275.385352,-0.168533,-0.977036,-0.032318
345275.396332,-0.165512,-0.972977,-0.031281
345275.407178,-0.167542,-0.975052,-0.029327
345275.417224,-0.173538,-0.976242,-0.025452
345275.428322,-0.177551,-0.978363,-0.023514
345275.438237,-0.177505,-0.973404,-0.023468
345275.449533,-0.179474,-0.975388,-0.030365
345275.459953,-0.173492,-0.975189,-0.032303
345275.471195,-0.171463,-0.968201,-0.032242
345275.482080,-0.174408,-0.965317,-0.031250
345275.492245,-0.179382,-0.966400,-0.036194
345275.503093,-0.178406,-0.972321,-0.037216
345275.513110,-0.171494,-0.979004,-0.041153
345275.524415,-0.167480,-0.977859,-0.046036
345275.534815,-0.173416,-0.969193,-0.038147
345275.545683,-0.166382,-0.966934,-0.045944
345275.556255,-0.167404,-0.966980,-0.043991
345275.567034,-0.173370,-0.967148,-0.044022
345275.578115,-0.171463,-0.974075,-0.040146
345275.588147,-0.164474,-0.970917,-0.037125
345275.599440,-0.179398,-0.969421,-0.034241
345275.609872,-0.173477,-0.972198,-0.033264
345275.621113,-0.172485,-0.975159,-0.033279
345275.631992,-0.169525,-0.975128,-0.027390
345275.642053,-0.173462,-0.969269,-0.030289
345275.653155,-0.177521,-0.974396,-0.023483
345275.663196,-0.175476,-0.973297,-0.029358
345275.674490,-0.174545,-0.977295,-0.022522
345275.684899,-0.182449,-0.973526,-0.027435
345275.695587,-0.180557,-0.979477,-0.019623
345275.706151,-0.176468,-0.971359,-0.026398
345275.716921,-0.174393,-0.960388,-0.029236
345275.727981,-0.176407,-0.971252,-0.038177
345275.738009,-0.172470,-0.975128,-0.036224
345275.749337,-0.169479,-0.971115,-0.032257
345275.759545,-0.173462,-0.966309,-0.026352
345275.769686,-0.174438,-0.966339,-0.027344
345275.780277,-0.171524,-0.977127,-0.031342
345275.790754,-0.174545,-0.985092,-0.035339
345275.801259,-0.174515,-0.985046,-0.040253
345275.811225,-0.172424,-0.976013,-0.047028
345275.822042,-0.176376,-0.967300,-0.038147
345275.832058,-0.177368,-0.960434,-0.033173
345275.842539,-0.173386,-0.956451,-0.024307
345275.852691,-0.176376,-0.961472,-0.027313
345275.863759,-0.174545,-0.981186,-0.029419
345275.873767,-0.174561,-0.982193,-0.029419
345275.885178,-0.164581,-0.979889,-0.031326
345275.895603,-0.161575,-0.973923,-0.025375
345275.905500,-0.166550,-0.970154,-0.019485
345275.916659,-0.169647,-0.978271,-0.009750
345275.926802,-0.172668,-0.983337,-0.006882
345275.938660,-0.177612,-0.982407,-0.015701
345275.948642,-0.182495,-0.975571,-0.021545
345275.959655,-0.182434,-0.970551,-0.027420
345275.970631,-0.179459,-0.968506,-0.023453
345275.980555,-0.182526,-0.975616,-0.015671
345275.991846,-0.174545,-0.977310,-0.021530
345276.001938,-0.166550,-0.975052,-0.025406
345276.012460,-0.167511,-0.972046,-0.032257
345276.022930,-0.164413,-0.961060,-0.034103
345276.033983,-0.171432,-0.967178,-0.036148
345276.044120,-0.174484,-0.979111,-0.038239
345276.054145,-0.168549,-0.984879,-0.040237
345276.065185,-0.163528,-0.977798,-0.039154
345276.075077,-0.176315,-0.963287,-0.043015
345276.086399,-0.175354,-0.969162,-0.047974
345276.096927,-0.168365,-0.963043,-0.044937
345276.108225,-0.185257,-0.955704,-0.034164
345276.119107,-0.194305,-0.965912,-0.031342
345276.128982,-0.181519,-0.985336,-0.031448
345276.139814,-0.161652,-0.989700,-0.034332
345276.149805,-0.162598,-0.976913,-0.025421
345276.161148,-0.175461,-0.966415,-0.022446
345276.171486,-0.184525,-0.975693,-0.014694
345276.182795,-0.149719,-0.974701,-0.010620
345276.193728,-0.180481,-0.964676,-0.014587
345276.203894,-0.194427,-0.975922,-0.021591
345276.214953,-0.164581,-0.979889,-0.031326
345276.225000,-0.164551,-0.974976,-0.027359
345276.236337,-0.193375,-0.970886,-0.025497
345276.246899,-0.181473,-0.973557,-0.021515
345276.257034,-0.163544,-0.971985,-0.025375
345276.268011,-0.173477,-0.974182,-0.034256
345276.278542,-0.176437,-0.975204,-0.039185
345276.289957,-0.170425,-0.968094,-0.039108
345276.299741,-0.178436,-0.972351,-0.033295
345276.310963,-0.168488,-0.969147,-0.029297
345276.321365,-0.171417,-0.960297,-0.030197
345276.332607,-0.178406,-0.967468,-0.027374
345276.342576,-0.173492,-0.975189,-0.031326
345276.353410,-0.172577,-0.985092,-0.030426
345276.364494,-0.174484,-0.973251,-0.030319
345276.374607,-0.173431,-0.967255,-0.033218
345276.385650,-0.175446,-0.966400,-0.024414
345276.395971,-0.177429,-0.967422,-0.028336
345276.407391,-0.181473,-0.974518,-0.024490
345276.417906,-0.184494,-0.974640,-0.020584
345276.428674,-0.180573,-0.979507,-0.015701
345276.439765,-0.179550,-0.975540,-0.014679
345276.449733,-0.171570,-0.974274,-0.018555
345276.461006,-0.167572,-0.971191,-0.017517
345276.471403,-0.171494,-0.967300,-0.023392
345276.482706,-0.164612,-0.982880,-0.028412
345276.493496,-0.159576,-0.971893,-0.024384
345276.504429,-0.181366,-0.959686,-0.021408
345276.515567,-0.183411,-0.966644,-0.024445
345276.525699,-0.170502,-0.971207,-0.025391
345276.536181,-0.169540,-0.977097,-0.029373
345276.546709,-0.171478,-0.977051,-0.040176
345276.557748,-0.173447,-0.976074,-0.043106
345276.568666,-0.166382,-0.965927,-0.045944
345276.578546,-0.176331,-0.967209,-0.047958
345276.589700,-0.177338,-0.961380,-0.039078
345276.599702,-0.177277,-0.957367,-0.042969
345276.611058,-0.177353,-0.966278,-0.043045
345276.621500,-0.179367,-0.970291,-0.045044
345276.632594,-0.180420,-0.972366,-0.038208
345276.642796,-0.175400,-0.971191,-0.041107
345276.653438,-0.168503,-0.973068,-0.031296
345276.664494,-0.172470,-0.973190,-0.032288
345276.674394,-0.182495,-0.979431,-0.030426
345276.685720,-0.166504,-0.971054,-0.028320
345276.696110,-0.176422,-0.966370,-0.030289
345276.707109,-0.182404,-0.964630,-0.025391
345276.717650,-0.175522,-0.974350,-0.022507
345276.728172,-0.165649,-0.982025,-0.019577
345276.739263,-0.164581,-0.975006,-0.023422
345276.749145,-0.176498,-0.973389,-0.022491
345276.759842,-0.175522,-0.978271,-0.027451
345276.770130,-0.166534,-0.979904,-0.037216
345276.780951,-0.165390,-0.963943,-0.043961
345276.791487,-0.177399,-0.968292,-0.039139
345276.801855,-0.185379,-0.971558,-0.034286
345276.812371,-0.160522,-0.967896,-0.030228
345276.822260,-0.174393,-0.967239,-0.038132
345276.832906,-0.201447,-0.995728,-0.043381
345276.842766,-0.156662,-0.994370,-0.048096
345276.853577,-0.130630,-0.965973,-0.035965
345276.863981,-0.187195,-0.950790,-0.036087
345276.875192,-0.196320,-0.966949,-0.030380
345276.885716,-0.146683,-0.978409,-0.026337
345276.897010,-0.151489,-0.965546,-0.040009
345276.908056,-0.187439,-0.979553,-0.032410
345276.918079,-0.156586,-0.974686,-0.033203
345276.929365,-0.178436,-0.972366,-0.032318
345276.939799,-0.182419,-0.971481,-0.033295
345276.951048,-0.172440,-0.968216,-0.033234
345276.961873,-0.175339,-0.965240,-0.043030
345276.971842,-0.180435,-0.978256,-0.044144
345276.983006,-0.174500,-0.981110,-0.037262
345276.993050,-0.176437,-0.969376,-0.029327
345277.003546,-0.179459,-0.974380,-0.032333
345277.013898,-0.168488,-0.971069,-0.033234
345277.024590,-0.169540,-0.980026,-0.034286
345277.035106,-0.161591,-0.979813,-0.031311
345277.046092,-0.165512,-0.973938,-0.035217
345277.056908,-0.175430,-0.974167,-0.042130
345277.067112,-0.170441,-0.974014,-0.043076
345277.078288,-0.166534,-0.975967,-0.033264
345277.088737,-0.175461,-0.970306,-0.030319
345277.099488,-0.179413,-0.967468,-0.030304
345277.110039,-0.171432,-0.970093,-0.042068
345277.120548,-0.174377,-0.970108,-0.047974
345277.131468,-0.171341,-0.963104,-0.046906
345277.141488,-0.182327,-0.968384,-0.046036
345277.152665,-0.179398,-0.971344,-0.038193
345277.162751,-0.174438,-0.973160,-0.039154
345277.173662,-0.174438,-0.974136,-0.042114
345277.184109,-0.173401,-0.970108,-0.045013
345277.195332,-0.174362,-0.965240,-0.040085
345277.205771,-0.176453,-0.976212,-0.038223
345277.215867,-0.176468,-0.977219,-0.036270
345277.226998,-0.173416,-0.963333,-0.028290
345277.237039,-0.182419,-0.968536,-0.030334
345277.248108,-0.174484,-0.976181,-0.035263
345277.258228,-0.161591,-0.977859,-0.028351
345277.268618,-0.167496,-0.969116,-0.028305
345277.278765,-0.176422,-0.965439,-0.025375
345277.290110,-0.181473,-0.974487,-0.026443
345277.300794,-0.173492,-0.977158,-0.034286
345277.310903,-0.165512,-0.976898,-0.037201
345277.321768,-0.179459,-0.975357,-0.033310
345277.331730,-0.181427,-0.977356,-0.038254
345277.342273,-0.166458,-0.972916,-0.042068
345277.352532,-0.181320,-0.966400,-0.043060
345277.363207,-0.179352,-0.966354,-0.042084
345277.373848,-0.172424,-0.971161,-0.037170
345277.383981,-0.180435,-0.974350,-0.038223
345277.395059,-0.185425,-0.977478,-0.036316
345277.404986,-0.179398,-0.972305,-0.041138
345277.416303,-0.172379,-0.968124,-0.043045
345277.426679,-0.171402,-0.965179,-0.038101
345277.437918,-0.173508,-0.976166,-0.033295
345277.448800,-0.174469,-0.977142,-0.038223
345277.458978,-0.173477,-0.979050,-0.042160
345277.470070,-0.182343,-0.969406,-0.044083
345277.480099,-0.183304,-0.961594,-0.037140
345277.491446,-0.184341,-0.960709,-0.027328
345277.501881,-0.184387,-0.964676,-0.026367
345277.512909,-0.185410,-0.970627,-0.027435
345277.523198,-0.175491,-0.975281,-0.029373
345277.533804,-0.172516,-0.977203,-0.027435
345277.544885,-0.168625,-0.979156,-0.015656
345277.554913,-0.159668,-0.974991,-0.011642
345277.566209,-0.161560,-0.969040,-0.018463
345277.576666,-0.173508,-0.966415,-0.015564
345277.587900,-0.177444,-0.966431,-0.026367
345277.598777,-0.173462,-0.969284,-0.029312
345277.608909,-0.180557,-0.982422,-0.024551
345277.619526,-0.185501,-0.983475,-0.030472
345277.629786,-0.182495,-0.978470,-0.028458
345277.640344,-0.176514,-0.976318,-0.026443
345277.651645,-0.171448,-0.964264,-0.030228
345277.662009,-0.174438,-0.968262,-0.033234
345277.673035,-0.171402,-0.963211,-0.036118
345277.683396,-0.163467,-0.969879,-0.038116
345277.694354,-0.174438,-0.971237,-0.034225
345277.704269,-0.181396,-0.971420,-0.036224
345277.715335,-0.175446,-0.976166,-0.040192
345277.725580,-0.175430,-0.975174,-0.040176
345277.736435,-0.178391,-0.974243,-0.043121
345277.746894,-0.180374,-0.969391,-0.040146
345277.757317,-0.181366,-0.963577,-0.028320
345277.767365,-0.183426,-0.969604,-0.026413
345277.778205,-0.183487,-0.975586,-0.022537
345277.789133,-0.176620,-0.986298,-0.018677
345277.799025,-0.171646,-0.982239,-0.016663
345277.810402,-0.170593,-0.977234,-0.017593
345277.820711,-0.172577,-0.977295,-0.017609
345277.831790,-0.167664,-0.983093,-0.015671
345277.842543,-0.156708,-0.980789,-0.016602
345277.852748,-0.165512,-0.963226,-0.016495
345277.863468,-0.180481,-0.967621,-0.017548
345277.873520,-0.173538,-0.977219,-0.026443
345277.884812,-0.171494,-0.975113,-0.035233
345277.895253,-0.181442,-0.974442,-0.031357
345277.906335,-0.185440,-0.976532,-0.031403
345277.917125,-0.175491,-0.979172,-0.035309
345277.927270,-0.172485,-0.978088,-0.038223
345277.938330,-0.166458,-0.966049,-0.033188
345277.948360,-0.174469,-0.970276,-0.030304
345277.959645,-0.173477,-0.972198,-0.033264
345277.970085,-0.172470,-0.971237,-0.028351
345277.981298,-0.184433,-0.971634,-0.024475
345277.992095,-0.185532,-0.982574,-0.022614
345278.002084,-0.163574,-0.973999,-0.022446
345278.012572,-0.184357,-0.964630,-0.032257
345278.022525,-0.205399,-0.983093,-0.030548
345278.032897,-0.165634,-0.985886,-0.029419
345278.042808,-0.153595,-0.968765,-0.022354
345278.053938,-0.196259,-0.953201,-0.019470
345278.064389,-0.197342,-0.967010,-0.026459
345278.075011,-0.159622,-0.979767,-0.030319
345278.085818,-0.190445,-0.976761,-0.024551
345278.095773,-0.172623,-0.979324,-0.011749
345278.106875,-0.154709,-0.973877,-0.008682
345278.116783,-0.174500,-0.971344,-0.022461
345278.128097,-0.181519,-0.982407,-0.028473
345278.138480,-0.167572,-0.979004,-0.029373
345278.149590,-0.175476,-0.971329,-0.026398
345278.160493,-0.185425,-0.971649,-0.024490
345278.170665,-0.183517,-0.977600,-0.018646
345278.181747,-0.183578,-0.982590,-0.016724
345278.191794,-0.175552,-0.979309,-0.021561
345278.203106,-0.172501,-0.971313,-0.021469
345278.213668,-0.173431,-0.966263,-0.031265
345278.224806,-0.168457,-0.967117,-0.033203
345278.235746,-0.168442,-0.968063,-0.037140
345278.245619,-0.175430,-0.974182,-0.040176
345278.255937,-0.167526,-0.976959,-0.036224
345278.265861,-0.167496,-0.971039,-0.033218
345278.276252,-0.181427,-0.974411,-0.035278
345278.286543,-0.174408,-0.964325,-0.032211
345278.297349,-0.174393,-0.964279,-0.036133
345278.307451,-0.181442,-0.978363,-0.037262
345278.317990,-0.176483,-0.976273,-0.032333
345278.328389,-0.189407,-0.971771,-0.024506
345278.338588,-0.173538,-0.975296,-0.021500
345278.349614,-0.165543,-0.969147,-0.018494
345278.359566,-0.181488,-0.974548,-0.021530
345278.370491,-0.183548,-0.978607,-0.017654
345278.380579,-0.168686,-0.982193,-0.011749
345278.391932,-0.164612,-0.970169,-0.010651
345278.402488,-0.189438,-0.964966,-0.011688
345278.412968,-0.185471,-0.971725,-0.016647
345278.423846,-0.166504,-0.969131,-0.024384
345278.433958,-0.185425,-0.972610,-0.027451
345278.445095,-0.189499,-0.980698,-0.023590
345278.455273,-0.171555,-0.980103,-0.031357
345278.466018,-0.168472,-0.968109,-0.031265
345278.476612,-0.181366,-0.967468,-0.036194
345278.487824,-0.177460,-0.971375,-0.029343
345278.498596,-0.166519,-0.969162,-0.021423
345278.508479,-0.168549,-0.974121,-0.025421
345278.519079,-0.174591,-0.982239,-0.023529
345278.528979,-0.169601,-0.984039,-0.027466
345278.540306,-0.172409,-0.960388,-0.024338
345278.550709,-0.195374,-0.968033,-0.021545
345278.561918,-0.187454,-0.974701,-0.022552
345278.572876,-0.168579,-0.977112,-0.023483
345278.582753,-0.179520,-0.973541,-0.016632
345278.593855,-0.183456,-0.967728,-0.015610
345278.603901,-0.177505,-0.971466,-0.018555
345278.615236,-0.169556,-0.972229,-0.018539
345278.625710,-0.177460,-0.974304,-0.034271
345278.636850,-0.174591,-0.980286,-0.020584
345278.647746,-0.171555,-0.973282,-0.019516
345278.658797,-0.175446,-0.966370,-0.026367
345278.669317,-0.169418,-0.963196,-0.031219
345278.679316,-0.163467,-0.965027,-0.029236
345278.690590,-0.170502,-0.970215,-0.025391
345278.700940,-0.180603,-0.983459,-0.017685
345278.712102,-0.166702,-0.991943,-0.021622
345278.722801,-0.160645,-0.982803,-0.025452
345278.732672,-0.163544,-0.968063,-0.020447
345278.743744,-0.165573,-0.968185,-0.014572
345278.753931,-0.168610,-0.975220,-0.013641
345278.764817,-0.176544,-0.975418,-0.017593
345278.776028,-0.183594,-0.984558,-0.016739
345278.785852,-0.181549,-0.976593,-0.013702
345278.796164,-0.176529,-0.974411,-0.018585
345278.806639,-0.179489,-0.968567,-0.017563
345278.817452,-0.175491,-0.970367,-0.023453
345278.827514,-0.164520,-0.967087,-0.023361
345278.838150,-0.160538,-0.969910,-0.027313
345278.848229,-0.170456,-0.967224,-0.028305
345278.859203,-0.176498,-0.978256,-0.031372
345278.869584,-0.180527,-0.985291,-0.034378
345278.880645,-0.172577,-0.984100,-0.030411
345278.892007,-0.175491,-0.974274,-0.030350
345278.901732,-0.184402,-0.968628,-0.027405
345278.912857,-0.177444,-0.973282,-0.036224
345278.922878,-0.149612,-0.970581,-0.026276
345278.934254,-0.154480,-0.955902,-0.024216
345278.944678,-0.195450,-0.974976,-0.019653
345278.956216,-0.138779,-0.974396,-0.009583
345278.966611,-0.178436,-0.963608,-0.016556
345278.976732,-0.206345,-0.973267,-0.023605
345278.987953,-0.170654,-0.989059,-0.023575
345278.998087,-0.145645,-0.972458,-0.025299
345279.009565,-0.184387,-0.968582,-0.031326
345279.020175,-0.201370,-0.975067,-0.027527
345279.031027,-0.170578,-0.977219,-0.018585
345279.041789,-0.157516,-0.962921,-0.023300
345279.051858,-0.190399,-0.967880,-0.020554
345279.063002,-0.173492,-0.970306,-0.024429
345279.073343,-0.159622,-0.976852,-0.023438
345279.084264,-0.166595,-0.981964,-0.029388
345279.094587,-0.176559,-0.982285,-0.025513
345279.106119,-0.168594,-0.982040,-0.027451
345279.116572,-0.158646,-0.982727,-0.027420
345279.126637,-0.167542,-0.970154,-0.022430
345279.137792,-0.176376,-0.959488,-0.025330
345279.148193,-0.173553,-0.976257,-0.023483
345279.159101,-0.175476,-0.976227,-0.034286
345279.169548,-0.178452,-0.975342,-0.032333
345279.180333,-0.180511,-0.978394,-0.030396
345279.191217,-0.172531,-0.974289,-0.021500
345279.201398,-0.170563,-0.976212,-0.021500
345279.212186,-0.168625,-0.978165,-0.017593
345279.222142,-0.160599,-0.972961,-0.018494
345279.233409,-0.166580,-0.975113,-0.018539
345279.243853,-0.167587,-0.976120,-0.021484
345279.253901,-0.166611,-0.981979,-0.026443
345279.264520,-0.171509,-0.967346,-0.018494
345279.276364,-0.180481,-0.967636,-0.016586
345279.285483,-0.179520,-0.972534,-0.017593
345279.295516,-0.169510,-0.971161,-0.026367
345279.306577,-0.174454,-0.970261,-0.031296
345279.316785,-0.179428,-0.972382,-0.034271
345279.327473,-0.176468,-0.977249,-0.034302
345279.337744,-0.164597,-0.979919,-0.028381
345279.348553,-0.165527,-0.973007,-0.028336
345279.359391,-0.176376,-0.964355,-0.035172
345279.370592,-0.168472,-0.969101,-0.033218
345279.381703,-0.172516,-0.979126,-0.031372
345279.391734,-0.179535,-0.982330,-0.030426
345279.403019,-0.169571,-0.978104,-0.026428
345279.413589,-0.167557,-0.970169,-0.020477
345279.424568,-0.174438,-0.967331,-0.029297
345279.435542,-0.173523,-0.976212,-0.028397
345279.445442,-0.164597,-0.977005,-0.022476
345279.456521,-0.164642,-0.978058,-0.016602
345279.466749,-0.169617,-0.978195,-0.017593
345279.477004,-0.164536,-0.972000,-0.027344
345279.487563,-0.171478,-0.969223,-0.030273
345279.498858,-0.178482,-0.975418,-0.024490
345279.509490,-0.174576,-0.979294,-0.018616
345279.519363,-0.169571,-0.976181,-0.021500
345279.530201,-0.175461,-0.969376,-0.025406
345279.540203,-0.184402,-0.971558,-0.032318
345279.551469,-0.174500,-0.976212,-0.031342
345279.561803,-0.161545,-0.974838,-0.033218
345279.573159,-0.176422,-0.962479,-0.023376
345279.584078,-0.182419,-0.972443,-0.036255
345279.594361,-0.170563,-0.983017,-0.033340
345279.605486,-0.158600,-0.976776,-0.028351
345279.615389,-0.175491,-0.973328,-0.025436
345279.626635,-0.178497,-0.971527,-0.016617
345279.637090,-0.157654,-0.971954,-0.011612
345279.647383,-0.153610,-0.968781,-0.020401
345279.657893,-0.179504,-0.972519,-0.018585
345279.669151,-0.173584,-0.979263,-0.018616
345279.679780,-0.165588,-0.977997,-0.025436
345279.689841,-0.181412,-0.966568,-0.025406
345279.701073,-0.178391,-0.960587,-0.021408
345279.711158,-0.161484,-0.960083,-0.022308
345279.722845,-0.165436,-0.958176,-0.025269
345279.732925,-0.185349,-0.965622,-0.033264
345279.744037,-0.182465,-0.980347,-0.039261
345279.754400,-0.163605,-0.988708,-0.038269
345279.764515,-0.171585,-0.982117,-0.028427
345279.776477,-0.179474,-0.969559,-0.019531
345279.785193,-0.183472,-0.971649,-0.019562
345279.796211,-0.169479,-0.967239,-0.024384
345279.806558,-0.184448,-0.975555,-0.028427
345279.816981,-0.178528,-0.978424,-0.021561
345279.827839,-0.170563,-0.973282,-0.016586
345279.837732,-0.175522,-0.969482,-0.014618
345279.848810,-0.184433,-0.964783,-0.015579
345279.858834,-0.171478,-0.963364,-0.020432
345279.870090,-0.173447,-0.965347,-0.025360
345279.880115,-0.178482,-0.972443,-0.023483
345279.890476,-0.182587,-0.990356,-0.028564
345279.900602,-0.167633,-0.986938,-0.029434
345279.910967,-0.167450,-0.966080,-0.034164
345279.921401,-0.190338,-0.968719,-0.035278
345279.931505,-0.161453,-0.966873,-0.038071
345279.942357,-0.171356,-0.959244,-0.037064
345279.952445,-0.189301,-0.960800,-0.031281
345279.963414,-0.171524,-0.971252,-0.023422
345279.973650,-0.162598,-0.978851,-0.029358
345279.984608,-0.165512,-0.973953,-0.034225
345279.995077,-0.173538,-0.978195,-0.029388
345280.006378,-0.170624,-0.985107,-0.022568
345280.017415,-0.171631,-0.983185,-0.018631
345280.027413,-0.176529,-0.975403,-0.018585
345280.038704,-0.180496,-0.966644,-0.013626
345280.049106,-0.175461,-0.963516,-0.016541
345280.060359,-0.179459,-0.964630,-0.015564
345280.071247,-0.184464,-0.965820,-0.011673
345280.081251,-0.180511,-0.971588,-0.016617
345280.092385,-0.177536,-0.974442,-0.019562
345280.102406,-0.171600,-0.980194,-0.022522
345280.113759,-0.155640,-0.974792,-0.019470
345280.124180,-0.177673,-0.993256,-0.020706
345280.134922,-0.139816,-0.985199,-0.020477
345280.144922,-0.164627,-0.974106,-0.014603
345280.156241,-0.190414,-0.968857,-0.020569
345280.167278,-0.170563,-0.979141,-0.024490
345280.177326,-0.157578,-0.973755,-0.030258
345280.188279,-0.178299,-0.956497,-0.035126
345280.198627,-0.189331,-0.962814,-0.028351
345280.210258,-0.180435,-0.967529,-0.026382
345280.220511,-0.176468,-0.981140,-0.040237
345280.231090,-0.171570,-0.983047,-0.033340
345280.242163,-0.157440,-0.961807,-0.037018
345280.252148,-0.173370,-0.960281,-0.036102
345280.262770,-0.170486,-0.977051,-0.037216
345280.272906,-0.152618,-0.975571,-0.032227
345280.284031,-0.166473,-0.970001,-0.035187
345280.293828,-0.191406,-0.976700,-0.033371
345280.304995,-0.174545,-0.978241,-0.026443
345280.315863,-0.165527,-0.968094,-0.023392
345280.325938,-0.188324,-0.957886,-0.022430
345280.336558,-0.185516,-0.978638,-0.018661
345280.346486,-0.170593,-0.979172,-0.020569
345280.357877,-0.171661,-0.989120,-0.021606
345280.368273,-0.161713,-0.986877,-0.017624
345280.379739,-0.163635,-0.982925,-0.021530
345280.390323,-0.163589,-0.975967,-0.023438
345280.400273,-0.159607,-0.974869,-0.023407
345280.411332,-0.166565,-0.970184,-0.016556
345280.421503,-0.178436,-0.969482,-0.024445
345280.432329,-0.176483,-0.975327,-0.027420
345280.442786,-0.169571,-0.983948,-0.036285
345280.453783,-0.177444,-0.974243,-0.039185
345280.464693,-0.178360,-0.964401,-0.036163
345280.474762,-0.180374,-0.960571,-0.029266
345280.485692,-0.177368,-0.961456,-0.032211
345280.495747,-0.166397,-0.960114,-0.034103
345280.507063,-0.173416,-0.967239,-0.035187
345280.517458,-0.180420,-0.974335,-0.040192
345280.528691,-0.180542,-0.984299,-0.033386
345280.539519,-0.166519,-0.975937,-0.036209
345280.549524,-0.186401,-0.970612,-0.031357
345280.560624,-0.183441,-0.972534,-0.030365
345280.570660,-0.179443,-0.975357,-0.034286
345280.581962,-0.168457,-0.966125,-0.031250
345280.592361,-0.183304,-0.955704,-0.029251
345280.603657,-0.194305,-0.962021,-0.025421
345280.614548,-0.181458,-0.975464,-0.029388
345280.624412,-0.171600,-0.986038,-0.031403
345280.635546,-0.173569,-0.984100,-0.032379
345280.645577,-0.183426,-0.972519,-0.031357
345280.656982,-0.164398,-0.962967,-0.040024
345280.667477,-0.180283,-0.961411,-0.045959
345280.678577,-0.186295,-0.963608,-0.040131
345280.689170,-0.174438,-0.972198,-0.037186
345280.699423,-0.175461,-0.982056,-0.046112
345280.710490,-0.187424,-0.983429,-0.042252
345280.720528,-0.179504,-0.985214,-0.038315
345280.731827,-0.170410,-0.969086,-0.041061
345280.742264,-0.176331,-0.959381,-0.036118
345280.752864,-0.175400,-0.965332,-0.033218
345280.763471,-0.176361,-0.967285,-0.040115
345280.773515,-0.184402,-0.977432,-0.040237
345280.784317,-0.186447,-0.982437,-0.040283
345280.794306,-0.178421,-0.974304,-0.037231
345280.805173,-0.172409,-0.967239,-0.034195
345280.815414,-0.173370,-0.961319,-0.034149
345280.825854,-0.175339,-0.963287,-0.040085
345280.836361,-0.172363,-0.965179,-0.042038
345280.847160,-0.175369,-0.969193,-0.045013
345280.858422,-0.180450,-0.975372,-0.035278
345280.868463,-0.176544,-0.982269,-0.027481
345280.879525,-0.177490,-0.974335,-0.030350
345280.889590,-0.167404,-0.960114,-0.036072
345280.899711,-0.188370,-0.975555,-0.040237
345280.910077,-0.170563,-0.982040,-0.033325
345280.920200,-0.137604,-0.974045,-0.042923
345280.931213,-0.177399,-0.965408,-0.031265
345280.941301,-0.194305,-0.965912,-0.031342
345280.952050,-0.160645,-0.982788,-0.026428
345280.962141,-0.164566,-0.977905,-0.031311
345280.973136,-0.192291,-0.971649,-0.046097
345280.982996,-0.185410,-0.977463,-0.038284
345280.993796,-0.175262,-0.959229,-0.048859
345281.004101,-0.188202,-0.958618,-0.049896
345281.014373,-0.172363,-0.967133,-0.044983
345281.024899,-0.169403,-0.969025,-0.044983
345281.035975,-0.185333,-0.975372,-0.050018
345281.046972,-0.160400,-0.961823,-0.043915
345281.056914,-0.190292,-0.972519,-0.051987
345281.068083,-0.182465,-0.982315,-0.042221
345281.078439,-0.149582,-0.976410,-0.040085
345281.089816,-0.171417,-0.967178,-0.037125
345281.100199,-0.169510,-0.975067,-0.033264
345281.111539,-0.155594,-0.978607,-0.034225
345281.122610,-0.184387,-0.970520,-0.036240
345281.132635,-0.188461,-0.979614,-0.029480
345281.143239,-0.162689,-0.984879,-0.020584
345281.153573,-0.159531,-0.963974,-0.023315
345281.164738,-0.188293,-0.958771,-0.033218
345281.174711,-0.179413,-0.969437,-0.032288
345281.185703,-0.155548,-0.973618,-0.038116
345281.196695,-0.186371,-0.970551,-0.038223
345281.206634,-0.185364,-0.967621,-0.032303
345281.217811,-0.169418,-0.960251,-0.028244
345281.227929,-0.166382,-0.952271,-0.025223
345281.239699,-0.193222,-0.952087,-0.024353
345281.249639,-0.204300,-0.968231,-0.026489
