343293.521581,0.962769,-0.222855,0.295700
343293.531450,1.830841,-0.365921,1.149780
343293.542274,1.134369,-0.534698,0.915817
343293.552984,0.908478,-0.576538,0.659409
343293.563502,0.822296,-0.444855,0.188248
343293.574339,0.962677,-0.432800,-0.023865
343293.585514,2.017410,-0.328278,0.891922
343293.595188,2.010727,-0.690491,1.676620
343293.607059,2.012451,-1.103745,0.657822
343293.617841,2.017471,-1.044266,-0.271637
343293.629097,1.934021,-0.804611,-0.319061
343293.640025,1.306229,-0.522751,-0.443008
343293.650916,1.122131,-0.385773,-0.416183
343293.662301,1.154068,-0.210083,-0.354736
343293.673645,1.090378,-0.114487,-0.399353
343293.684590,0.993713,-0.043472,-0.457047
343293.695074,1.057556,-0.013962,-0.446716
343293.706300,1.168671,-0.014236,-0.384430
343293.716764,1.232193,-0.025391,-0.370529
343293.727996,1.273697,-0.021790,-0.310486
343293.739235,1.251541,0.025833,-0.177734
343293.749733,1.067459,0.050659,-0.130249
343293.760989,0.853378,0.068420,-0.055481
343293.772253,0.612396,0.081451,0.020081
343293.783788,0.449982,0.077179,0.070358
343293.794779,0.365158,0.056641,0.093353
343293.805238,0.329193,0.040680,0.098969
343293.816505,0.333435,-0.021072,0.151428
343293.827882,0.486679,-0.045700,0.300018
343293.838601,0.626160,-0.079269,0.406281
343293.849050,0.798187,-0.114380,0.566666
343293.860347,0.961533,-0.129654,0.699677
343293.870256,1.033264,-0.101944,0.925842
343293.881499,0.955032,-0.014572,1.809158
343293.892773,0.730087,0.017548,1.484726
343293.904070,0.725830,-0.063217,0.797318
343293.914108,0.671127,-0.010269,0.475754
343293.924485,0.614105,0.018524,0.183380
343293.936264,0.676712,0.078766,0.084091
343293.946446,0.798172,0.112625,-0.081863
343293.957953,0.747940,0.050644,-0.282715
343293.968950,0.677948,-0.018387,-0.527847
343293.980379,0.726181,0.002487,-0.594193
343293.991992,0.809570,0.113831,-0.382965
343294.002419,0.892151,0.158173,-0.311615
343294.013806,0.955048,0.197495,-0.294312
343294.024506,0.996460,0.189240,-0.236343
343294.034749,1.036057,0.190979,-0.192978
343294.046044,1.035843,0.203232,-0.128128
343294.056706,0.860504,0.207443,0.139908
343294.068382,0.470779,0.156921,1.233627
343294.079788,1.064377,0.076874,0.543884
343294.091657,1.379532,0.050415,0.132004
343294.101486,1.650986,0.090225,0.013840
343294.112396,1.976624,0.069153,0.109238
343294.123457,2.023209,0.031265,0.282776
343294.133463,2.023361,0.053970,0.290802
343294.144302,2.025665,0.189133,0.037857
343294.155590,2.027496,0.218063,-0.291504
343294.165627,2.023788,-0.168610,-0.153458
343294.176471,2.020279,-0.495422,0.038025
343294.187324,2.018692,-0.706299,0.022522
343294.198202,2.018066,-0.838242,-0.061935
343294.209158,2.018387,-0.929337,-0.273636
343294.220017,1.651993,-1.006042,-0.736908
343294.230924,1.359772,-1.146698,-0.804108
343294.241766,1.260254,-1.282288,-0.810547
343294.252151,1.195343,-1.276779,-0.341858
343294.262329,0.654678,-1.050583,-0.067627
343294.273317,0.448410,-0.955765,-0.051041
343294.284178,0.368225,-0.915405,-0.061844
343294.294109,0.360840,-0.856033,-0.081009
343294.304666,0.323883,-0.759827,-0.104889
343294.314698,0.198898,-0.860321,-0.129807
343294.326004,0.001526,-1.022842,-0.106522
343294.336312,-0.061172,-1.110611,-0.028046
343294.347289,0.024124,-1.070480,0.079559
343294.357459,0.177048,-0.704773,0.111710
343294.368056,0.228561,-0.157532,0.219498
343294.378694,0.258179,0.003784,0.325943
343294.388626,0.289444,0.133331,0.442902
343294.399838,0.403687,0.218307,0.609909
343294.410019,0.599976,0.254929,0.804321
343294.420942,0.877762,0.279083,0.996033
343294.431463,0.988922,0.334518,1.134323
343294.442576,0.911499,0.380402,1.175568
343294.453223,0.776779,0.425400,1.131226
343294.463471,0.747025,0.417831,1.104538
343294.474385,0.748642,-0.022644,1.081284
343294.484365,0.908188,-0.411316,0.782440
343294.495758,0.987442,-0.606705,0.533951
343294.506068,1.018555,-0.650162,0.406189
343294.517220,0.911530,-0.726517,0.607162
343294.527951,0.698257,-0.808487,0.965591
343294.538567,0.578217,-0.901016,1.159546
343294.549778,0.597443,-0.938828,1.028854
343294.560736,0.650421,-0.795563,0.601532
343294.570951,0.650772,-0.279160,-0.270172
343294.581416,0.275848,-0.179657,-0.329834
343294.591557,0.319855,-0.172012,-0.164764
343294.602091,2.020676,0.127792,0.958511
343294.613601,1.078873,-0.678360,0.432693
343294.624446,1.661148,-1.207031,0.119812
343294.634051,2.011246,-1.524643,0.228546
343294.645315,2.009384,-1.638474,0.425766
343294.655332,1.900772,-1.405090,0.023056
343294.666216,0.900162,-1.157959,-0.204803
343294.676712,0.349106,-0.707672,0.114395
343294.687516,0.267624,-0.720566,0.073700
343294.698566,0.728455,-0.749725,-0.439545
343294.708467,1.517197,-0.747635,-0.829529
343294.719762,1.982529,-0.734680,-1.173721
343294.730344,2.026062,-0.651047,-1.397491
343294.741127,1.776566,-0.499908,-1.395340
343294.751493,1.264542,-0.303467,-1.133987
343294.762001,1.121536,-0.141296,-0.712387
343294.773040,1.211563,-0.074203,-0.300385
343294.783074,1.222748,-0.029449,-0.076294
343294.794245,1.126129,0.123505,-0.003830
343294.804642,1.120712,0.164398,-0.051575
343294.816055,1.053238,0.168640,-0.080292
343294.826115,1.022552,0.154343,-0.131546
343294.836490,0.906052,0.126389,-0.153854
343294.847488,0.749832,0.121765,-0.150650
343294.857472,0.518814,0.100006,-0.139069
343294.868635,0.359650,0.093384,-0.143738
343294.878750,0.307999,0.097885,-0.151779
343294.889429,0.364044,0.110916,-0.201462
343294.899908,0.538651,0.105270,-0.319443
343294.909991,0.898743,0.154694,-0.445999
343294.920884,0.953384,0.200974,-0.562134
343294.931037,1.035477,0.233612,-0.617416
343294.941942,1.046799,0.288284,-0.602188
343294.951929,1.039719,0.321060,-0.528381
343294.962761,0.998917,0.350082,-0.478287
343294.973111,0.939087,0.370529,-0.415588
343294.984174,0.800201,0.356506,-0.308380
343294.994658,0.666046,0.313904,-0.201416
343295.005912,0.571869,0.265060,-0.145309
343295.016975,0.444656,0.230423,-0.019592
343295.027505,0.468414,0.235748,0.012894
343295.038252,0.615860,0.261917,0.008850
343295.049044,0.805206,0.294403,-0.009674
343295.059632,0.975693,0.312744,-0.057831
343295.070014,1.073471,0.319092,-0.113266
343295.081264,1.105331,0.293732,-0.158463
343295.092339,1.062393,0.246292,-0.198288
343295.102385,1.020401,0.205627,-0.218430
343295.113021,1.028870,0.158127,-0.198196
343295.123373,1.142410,0.015549,0.154236
343295.134716,1.294235,0.019211,0.027405
343295.145488,1.298615,0.033737,-0.030304
343295.155573,1.162491,-0.051727,0.207748
343295.166593,1.150421,-0.215149,0.585968
343295.176497,1.202866,-0.260925,0.564224
343295.187783,1.243759,-0.186493,0.255035
343295.197968,1.367233,-0.210007,0.194550
343295.209037,1.426376,-0.243469,0.249451
343295.218737,1.293365,-0.290588,0.524155
343295.229757,0.988312,-0.236237,0.951035
343295.240851,1.188843,-0.104507,0.632187
343295.250786,1.399750,-0.016525,0.364044
343295.261944,1.461304,0.004440,0.221268
343295.272148,1.446533,-0.007401,0.172043
343295.282944,1.484604,-0.033081,0.072906
343295.293454,1.515839,-0.078217,-0.083282
343295.304457,1.477783,-0.139343,-0.128098
343295.315186,1.383774,-0.217178,-0.148788
343295.326239,1.196762,-0.278214,-0.245255
343295.337592,1.346100,-0.256073,-0.237549
343295.347935,1.552017,-0.224731,-0.189331
343295.358834,1.769974,-0.208450,-0.187256
343295.369294,2.021164,-0.254745,-0.166946
343295.380180,2.023331,-0.313889,-0.293976
343295.391201,1.969406,-0.358810,-0.530029
343295.401200,1.653290,-0.378326,-0.600250
343295.412508,1.473114,-0.537842,-0.422806
343295.422562,1.298218,-0.626419,-0.397812
343295.433779,0.875946,-0.639633,-0.312424
343295.444322,0.705887,-0.633698,-0.315079
343295.455215,0.587189,-0.613388,-0.212402
343295.466362,0.415573,-0.574432,-0.046051
343295.475847,0.323532,-0.450378,0.061478
343295.487106,0.291245,-0.322449,0.153641
343295.497594,0.229568,-0.190674,0.166260
343295.508747,0.229401,-0.096390,0.145447
343295.518205,0.275757,-0.024643,0.140366
343295.528622,0.364227,0.076187,-0.090881
343295.539420,0.283371,0.069382,-0.250198
343295.549831,0.213577,0.039719,-0.262543
343295.561041,0.165161,0.010651,-0.168793
343295.571145,0.105240,0.004593,-0.131836
343295.581637,0.055893,0.007843,-0.000565
343295.592066,0.023682,0.023788,0.099472
343295.602785,0.000824,0.048523,0.135880
343295.613232,0.014740,0.063538,0.160583
343295.624187,0.077332,0.087646,0.214996
343295.635086,0.279510,0.282288,0.476486
343295.645071,0.011292,0.474335,1.120483
343295.656029,0.014313,0.413971,1.017975
343295.666409,0.107361,0.233307,0.616608
343295.677233,0.165421,0.149796,0.202164
343295.687726,1.120041,-0.042633,-0.047409
343295.698199,2.022476,-0.270676,-0.050339
343295.708946,2.022476,-0.368225,-0.207123
343295.719021,1.900986,-0.361343,-0.370453
343295.730149,1.542572,-0.336258,-0.470871
343295.740386,1.356613,-0.329803,-0.472580
343295.751159,1.135330,-0.343842,-0.200928
343295.761971,0.796890,-0.448715,-0.113022
343295.772643,0.817047,-0.693314,0.049820
343295.783158,0.736099,-0.861115,0.260956
343295.793001,0.595779,-1.002762,0.452438
343295.803456,0.630875,-1.135696,0.794830
343295.813500,1.216568,-0.783478,1.605728
343295.824182,1.332397,-0.001907,1.958038
343295.834539,1.164841,0.154114,1.485764
343295.844939,1.191956,-0.057327,0.889633
343295.855940,2.016708,0.284973,2.025192
343295.866406,2.014618,0.017517,2.022949
343295.877558,2.017395,-1.014175,-0.208603
343295.887470,2.016968,-1.332092,-0.632126
343295.897461,2.019653,-1.112259,-0.826477
343295.908330,1.516449,-0.752991,-0.685364
343295.918696,1.177765,-0.547272,-0.657654
343295.928837,0.930191,-0.384491,-0.831985
343295.939530,0.885040,-0.308685,-1.236694
343295.949269,0.894882,-0.262878,-1.754257
343295.959510,1.043945,-0.166214,-1.773422
343295.969917,1.134018,-0.111755,-1.389008
343295.980065,1.166458,-0.075333,-0.846039
343295.991218,1.156967,-0.034622,-0.464142
343296.001200,1.106522,0.001602,-0.264893
343296.012514,0.925980,0.056854,-0.070969
343296.022840,0.752487,0.058838,0.017563
343296.032886,0.585098,0.052490,0.064835
343296.043521,0.443665,0.040237,0.082779
343296.055054,0.332184,0.035919,0.088135
343296.065424,0.260513,0.032745,0.095642
343296.075440,0.217651,0.022537,0.099304
343296.086597,0.217468,0.008530,0.112930
343296.096947,0.233170,-0.001129,0.139389
343296.108701,0.265167,-0.595779,0.170883
343296.118884,0.949036,-0.778336,2.011734
343296.129361,0.232498,-0.698318,2.009293
343296.140114,0.098297,-0.470169,0.928558
343296.150100,0.067505,-0.126907,0.253387
343296.161318,0.130371,-0.040909,-0.056580
343296.172227,0.011642,-0.030502,-0.373856
343296.182525,0.027634,-0.001572,-0.139099
343296.193064,0.061432,-0.018143,-0.165558
343296.204054,0.129913,-0.068253,-0.412903
343296.215153,0.330582,0.083282,-0.315628
343296.225155,0.600876,0.164719,-0.338318
343296.236348,0.759415,0.198349,-0.361877
343296.246682,1.181763,0.310272,-0.099152
343296.257895,2.025894,0.544724,0.562714
343296.268096,1.800934,0.336136,0.867065
343296.278901,1.626282,-0.289017,2.018723
343296.289669,1.535950,-0.898788,2.013260
343296.299805,1.720337,-0.747528,1.776932
343296.310696,1.805573,-0.326691,0.277878
343296.320787,1.788681,-0.081497,-0.146881
343296.331384,2.023499,0.022064,0.210083
343296.341239,2.022339,0.000305,0.412964
343296.352315,2.025940,0.033615,-0.269501
343296.363110,2.026947,-0.010284,-0.545517
343296.371704,2.024017,-0.239395,-0.314941
343296.383745,1.449585,-0.408005,-0.085342
343296.393782,1.064590,-0.427948,0.094299
343296.404926,0.711990,-0.419586,0.210571
343296.415111,0.430008,-0.431564,0.286743
343296.425465,0.266724,-0.490173,0.426834
343296.435973,0.211166,-0.563690,0.483871
343296.447024,0.307617,-0.353287,0.217239
343296.457929,0.728241,-0.250793,-0.200943
343296.467837,0.938416,-0.227600,-0.219467
343296.478822,1.074921,-0.241684,-0.087540
343296.489157,0.851379,-0.250504,0.044815
343296.499808,0.942017,-0.466995,0.281799
343296.510194,1.112946,-0.706146,0.335480
343296.520462,0.732635,-0.589081,0.391724
343296.530696,0.240128,-0.392975,0.328445
343296.540962,0.138809,-0.393692,0.090591
343296.551378,0.073639,-0.181030,0.130341
343296.561803,0.117996,-0.037277,0.041473
343296.572797,0.229996,0.005127,-0.008667
343296.582901,0.262802,0.125046,-0.019287
343296.594079,0.367371,0.125381,-0.046310
343296.604590,0.475494,0.091843,-0.037292
343296.615627,0.539734,0.064590,0.004929
343296.626223,0.408234,0.062347,0.043549
343296.636113,0.269669,0.050980,0.082123
343296.647008,0.203003,0.045090,0.079788
343296.657029,0.202805,0.034943,0.103256
343296.668244,0.246445,0.024246,0.113174
343296.678562,0.321960,0.014572,0.113434
343296.689761,0.747406,-0.163849,0.089233
343296.700844,0.935654,-0.806137,1.244293
343296.710719,0.945267,-1.066879,1.299042
343296.721645,0.676346,-1.088028,1.131912
343296.731684,0.508530,-0.609756,0.623093
343296.743025,0.513565,-0.390991,0.758347
343296.753470,0.876144,-0.437897,1.187256
343296.763709,2.013092,-0.257645,1.891159
343296.773851,1.659027,-0.048386,1.811920
343296.784671,2.013412,-0.137024,2.021652
343296.795258,2.006546,-1.013733,2.014328
343296.805493,2.013474,-1.374969,0.014969
343296.816538,2.016556,-1.352402,-0.580276
343296.825277,2.020187,-1.051712,-0.837738
343296.837602,1.879089,-0.786255,-0.649750
343296.847980,1.364166,-0.639587,-0.684113
343296.858474,1.087479,-0.528961,-0.881561
343296.869317,0.866364,-0.435577,-1.284943
343296.879409,0.797119,-0.410568,-1.524384
343296.890287,1.068756,-0.437637,-1.588211
343296.900307,1.415329,-0.438370,-1.062836
343296.911566,1.326859,-0.296341,-0.439087
343296.921960,1.249725,-0.257675,-0.263489
343296.932763,1.263611,-0.200729,-0.164871
343296.943284,1.113464,-0.143524,-0.084595
343296.954096,0.850967,-0.087524,-0.013626
343296.965105,0.618225,-0.044449,0.051407
343296.975009,0.417313,-0.013153,0.099854
343296.986375,0.279114,0.011246,0.123016
343296.996760,0.185577,0.021179,0.143295
343297.007994,0.120026,0.039948,0.155914
343297.018481,0.130707,0.053421,0.228683
343297.028534,0.399139,0.476639,1.347809
343297.039302,-0.065811,0.582428,2.018677
343297.049491,-0.130188,0.388931,1.646942
343297.059948,0.050751,0.224136,0.991043
343297.070144,0.240173,0.059677,0.640274
343297.080527,0.367188,-0.098175,0.448181
343297.090695,0.466339,-0.199326,0.350662
343297.102054,0.592804,-0.220779,0.289200
343297.111804,0.639297,-0.156555,0.239929
343297.122476,0.493073,-0.086685,0.148636
343297.133794,0.251801,-0.106476,0.025787
343297.143294,0.127960,-0.221252,-0.057098
343297.154454,0.403275,-0.017548,0.519653
343297.164696,0.551804,0.217514,0.629181
343297.175798,0.712677,0.280121,0.583298
343297.185542,0.737411,0.228912,0.523148
343297.195780,0.863739,0.172043,0.435913
343297.206386,1.021454,0.011917,0.474487
343297.216907,1.070984,-0.274689,0.457596
343297.227956,1.242584,-0.419891,0.528732
343297.238270,1.623291,-0.365524,0.674072
343297.249835,1.973511,-0.144547,0.600906
343297.260265,2.022644,0.067184,0.460617
343297.270765,2.022400,0.118423,0.591522
343297.281271,2.022537,0.149918,0.613373
343297.290214,2.022278,0.022644,0.461243
343297.302537,2.021317,-0.231934,0.248184
343297.312520,2.018661,-0.489777,0.378464
343297.323625,2.017303,-0.586060,0.499298
343297.333804,1.640381,-0.530533,0.369629
343297.344523,1.216385,-0.468246,0.114243
343297.354589,0.915085,-0.496292,-0.159988
343297.365655,0.756088,-0.560135,-0.291687
343297.376360,0.852356,-0.650391,-0.189026
343297.386379,0.921219,-0.620651,-0.187485
343297.397313,0.919235,-0.603149,-0.159882
343297.407742,0.826340,-0.575348,-0.037399
343297.418423,0.715744,-0.541824,0.054565
343297.428907,0.577850,-0.477783,0.081970
343297.439764,0.421494,-0.368591,0.094955
343297.450560,0.288879,-0.257950,0.135544
343297.460465,0.151001,-0.176346,0.186630
343297.471604,0.055969,-0.124527,0.175858
343297.481604,0.000687,-0.106812,0.120834
343297.492414,-0.040405,-0.054047,0.068130
343297.502640,-0.040314,-0.046082,0.063278
343297.513875,-0.029297,-0.040695,0.052597
343297.524584,0.024506,-0.033066,0.042099
343297.534419,0.108093,-0.028641,0.042496
343297.546769,0.220367,-0.030548,0.068466
343297.555166,0.342621,-0.035950,0.078766
343297.566236,0.461777,-0.050476,0.098785
343297.576301,0.517410,-0.048050,0.118637
343297.586889,0.560181,-0.049698,0.112930
343297.597056,0.579376,-0.018356,0.103485
343297.608068,0.682190,0.033096,0.112183
343297.618971,1.079941,0.010193,0.104874
343297.628918,1.126358,-0.028091,0.110641
343297.639978,0.952286,-0.043869,0.083282
343297.649926,0.815857,-0.074432,0.065750
343297.661345,0.798676,-0.119385,0.052551
343297.671738,0.810226,-0.169540,0.051208
343297.682446,0.795105,-0.218170,0.012482
343297.693342,0.729385,-0.262177,-0.043076
343297.703522,0.517181,-0.335510,-1.114914
343297.714340,0.760559,-0.591415,-1.053207
343297.724383,1.398285,-0.707001,0.368103
343297.734859,1.432816,-0.728897,0.591751
343297.745132,1.340881,-0.869888,0.654907
343297.755996,1.219803,-1.283600,-0.067123
343297.766542,2.008499,-1.760193,0.410995
343297.777049,2.006790,-1.599625,1.021561
343297.787720,2.013412,-0.726273,1.070068
343297.797659,2.019348,-0.075760,0.905792
343297.808627,1.797073,0.004807,1.329315
343297.818587,1.628967,0.032211,1.574066
343297.829939,1.740295,0.050797,1.418716
343297.840315,1.819687,-0.093582,1.017609
343297.851368,1.569519,-0.174026,0.786285
343297.862302,1.516174,-0.273392,0.548813
343297.872450,1.498566,-0.361160,0.349823
343297.883528,1.454330,-0.410233,0.165787
343297.893522,1.357391,-0.450027,-0.012497
343297.904565,1.208893,-0.467621,-0.183014
343297.914966,1.008102,-0.423447,-0.347351
343297.926096,0.788269,-0.359619,-0.445862
343297.936459,0.620361,-0.301727,-0.595215
343297.946775,0.436935,-0.179169,-0.928543
343297.957740,0.200470,-0.066391,-0.600937
343297.967697,0.110077,-0.001404,-0.318268
343297.978949,0.050919,0.029114,-0.171112
343297.989325,0.011871,0.037277,-0.106461
343298.000522,-0.019104,0.040955,-0.069275
343298.011062,-0.005295,0.042084,-0.039780
343298.021271,0.083130,0.033768,-0.039474
343298.031411,0.219437,0.032867,-0.045761
343298.041487,0.339264,0.054794,-0.105865
343298.051603,0.488617,0.182251,-0.340622
343298.062276,0.439926,0.232635,-0.267792
343298.073162,0.269028,0.146210,-0.039703
343298.083271,0.189072,0.037857,0.066940
343298.094239,0.161118,-0.176682,0.151367
343298.104658,0.088486,-0.383621,0.230743
343298.115292,0.091705,-0.538086,0.339355
343298.126371,0.278717,-0.638885,0.581635
343298.136236,0.600189,-0.679810,1.089874
343298.146992,0.942474,-0.427658,1.881210
343298.157010,0.955704,0.073578,2.018860
343298.168099,0.934235,0.508759,2.022385
343298.178532,0.936859,0.595856,1.826935
343298.189201,0.735733,0.068512,0.409958
343298.199484,0.679367,-0.300125,0.357605
343298.209961,0.982422,-0.614761,0.530899
343298.220998,1.489059,-1.144485,1.035858
343298.231302,1.926147,-1.288956,1.329880
343298.241592,2.011002,-0.977768,1.157242
343298.251970,2.014420,-0.722366,0.869965
343298.262746,2.017792,-0.539261,0.476151
343298.273119,2.020798,-0.351959,0.160858
343298.283494,2.021317,-0.213394,0.279739
343298.294266,2.022797,-0.107132,0.149170
343298.304788,1.779449,-0.301758,-0.241974
343298.315537,1.160187,-0.478714,-0.209808
343298.325859,0.754364,-0.582092,-0.175125
343298.336744,0.613876,-0.616852,-0.182892
343298.347232,0.518097,-0.647446,-0.174744
343298.358248,0.511581,-0.677994,-0.109283
343298.369285,0.532043,-0.653793,0.013626
343298.379216,0.562180,-0.528473,0.157028
343298.390201,0.764587,-0.436768,0.202820
343298.400375,0.953918,-0.375107,0.237503
343298.411693,0.935379,-0.194473,0.245773
343298.422096,0.782104,-0.102570,0.211563
343298.433106,0.631836,-0.032944,0.134964
343298.443847,0.473251,0.000626,0.070801
343298.453779,0.345093,-0.010574,0.020142
343298.464975,0.279495,-0.047501,-0.049118
343298.474903,0.217575,-0.086853,-0.061478
343298.485832,0.188385,-0.113708,-0.035355
343298.496273,0.181320,-0.135559,-0.048309
343298.507603,0.236771,-0.161758,-0.038467
343298.518084,0.464325,-0.165421,0.006607
343298.528600,0.588394,-0.158401,0.069000
343298.539165,0.623917,-0.162796,0.119125
343298.549910,0.550247,-0.148468,0.156204
343298.560717,0.437927,-0.124222,0.176544
343298.571010,0.319778,-0.094070,0.181168
343298.581711,0.333633,-0.102554,0.179214
343298.592360,0.284256,-0.276993,-0.170685
343298.602577,0.461487,-0.545654,-0.434097
343298.613710,0.849182,-0.454803,-0.039276
343298.623739,0.941010,-0.500183,0.436508
343298.635016,0.793259,-0.499649,0.548706
343298.645167,0.761154,-0.524490,0.563095
343298.656533,0.813751,-0.579803,0.499084
343298.667318,0.942795,-0.556183,0.184921
343298.677452,0.841354,-0.367004,0.079117
343298.688290,0.601578,-0.265747,0.251587
343298.698464,0.498138,-0.276413,0.431564
343298.709522,0.490555,-0.312988,0.504822
343298.719885,0.424805,-0.314102,0.523163
343298.731530,0.350601,-0.485367,-0.447815
343298.741649,0.579742,-0.381287,0.461472
343298.752809,1.056305,-0.427612,0.976196
343298.763787,2.018097,-0.283051,0.825577
343298.773811,2.014587,-0.501556,1.192612
343298.784615,2.011963,-0.638367,1.509308
343298.795020,2.007294,-0.918640,2.015121
343298.806008,2.007797,-1.093246,1.627151
343298.817039,2.013794,-0.826050,0.832825
343298.827076,0.735382,-0.485199,0.203262
343298.837524,0.526535,-0.437515,0.062469
343298.847420,0.594299,-0.425568,0.058929
343298.858620,0.860672,-0.474854,0.023376
343298.868742,1.348938,-0.578094,-0.114670
343298.879458,1.730194,-0.666992,-0.316833
343298.890097,1.740936,-0.662231,-0.471741
343298.900484,1.465927,-0.592117,-0.673447
343298.911363,1.097595,-0.506882,-0.881332
343298.921327,0.811661,-0.392197,-1.014053
343298.932433,0.663696,-0.261444,-1.054794
343298.942323,0.490509,-0.045288,-0.884018
343298.953318,0.298553,0.013763,-0.394836
343298.963710,0.218369,0.042404,-0.219330
343298.974582,0.170135,0.056671,-0.094833
343298.985161,0.149002,0.071198,-0.021225
343298.995927,0.171585,0.075211,0.043640
343299.006986,0.249054,0.070419,0.057648
343299.017014,0.350525,0.076279,0.065979
343299.027820,0.539154,0.161011,0.071426
343299.038217,0.680939,0.304657,0.195877
343299.048331,0.608963,0.320435,0.293793
343299.058567,0.502167,0.597702,1.015717
343299.068757,0.302109,0.681412,1.178406
343299.079349,0.618988,0.575546,0.892426
343299.090112,0.728134,0.495193,0.617538
343299.100582,0.538315,0.360199,0.161392
343299.110553,0.451981,0.287903,0.000519
343299.121607,0.536667,0.268127,-0.054214
343299.131844,0.622330,0.272766,-0.072433
343299.142716,0.696854,0.278702,-0.047531
343299.153060,0.793823,0.306931,0.095322
343299.164137,1.086060,0.427231,0.745071
343299.174707,1.134445,0.303345,1.636978
343299.184857,1.661758,0.179474,2.022781
343299.195354,2.016205,0.110291,1.641144
343299.206122,1.817123,0.061920,-0.040588
343299.217245,1.902130,-0.002182,-0.640167
343299.227774,2.026932,-0.048370,-0.603729
343299.238257,2.024826,-0.107086,-0.267715
343299.248632,2.021286,-0.234940,0.252090
343299.258762,2.017731,-0.396942,0.718674
343299.269902,2.016296,-0.506088,0.836456
343299.280012,2.016663,-0.502411,0.764893
343299.290890,1.933380,-0.287888,0.444534
343299.301268,1.320831,-0.199890,0.340591
343299.312277,1.083084,-0.154160,0.213409
343299.323244,0.939819,-0.126221,0.060974
343299.333232,0.819565,-0.145126,0.010269
343299.343883,0.782898,-0.146881,-0.023239
343299.353930,0.805679,-0.150284,-0.011414
343299.365573,0.882126,-0.166931,-0.001419
343299.375346,0.949432,-0.193863,0.018250
343299.386261,0.946060,-0.210358,0.074020
343299.396771,0.889099,-0.195892,0.149445
343299.407355,0.710388,-0.140915,0.169724
343299.418273,0.574615,-0.105850,0.124313
343299.428155,0.448837,-0.076233,0.058289
343299.439309,0.325729,-0.063705,0.029388
343299.449312,0.220291,-0.067795,0.026947
343299.460612,0.137634,-0.098602,-0.007980
343299.471106,0.093506,-0.124985,0.023987
343299.482104,0.109161,-0.155258,0.026733
343299.493123,0.203262,-0.199142,0.037552
343299.503075,0.262817,-0.231812,0.012054
343299.514254,0.301529,-0.292328,-0.067749
343299.524641,0.313583,-0.325897,-0.145462
343299.534794,0.278824,-0.349228,-0.193878
343299.545215,0.234039,-0.351578,-0.192123
343299.555760,0.179047,-0.338058,-0.113770
343299.566447,0.135315,-0.316849,-0.083374
343299.577710,0.090500,-0.289917,-0.033325
343299.588728,0.080322,-0.268219,0.048218
343299.598936,0.165680,-0.250488,0.113480
343299.609964,0.312149,-0.248718,0.069000
343299.620366,0.516983,-0.276123,0.041214
343299.631472,-0.008804,-0.853760,-1.990677
343299.642259,1.136200,-1.772964,-0.844620
343299.652165,1.614243,-1.987885,0.115067
343299.663245,1.409927,-1.701859,0.657104
343299.673344,1.039169,-1.407730,0.869873
343299.683819,2.008911,-0.712585,2.016846
343299.693908,1.674255,-0.256897,2.019196
343299.704309,0.896027,-0.180679,2.016464
343299.714469,1.294250,-0.399872,0.981384
343299.724754,1.814163,-0.859558,0.509903
343299.735556,2.008209,-1.816391,0.382080
343299.745371,2.010468,-1.972031,-0.331390
343299.755903,2.011795,-1.957718,-0.581421
343299.765955,2.013535,-1.671448,-0.474075
343299.777249,1.625732,-1.039597,-0.098679
343299.787671,1.155441,-0.722168,-0.037216
343299.797890,1.181992,-0.564087,-0.123093
343299.808506,1.331833,-0.503876,-0.159241
343299.818974,1.327774,-0.434891,-0.240112
343299.830012,1.197754,-0.344498,-0.353714
343299.839976,0.972839,-0.302551,-0.672180
343299.851155,0.617432,-0.224792,-1.095886
343299.861187,0.324265,0.024796,-0.750748
343299.871492,0.092560,0.078781,-0.473663
343299.882070,0.075867,0.075806,-0.316788
343299.893377,0.166901,0.070694,-0.227158
343299.904051,0.410065,0.049377,-0.149780
343299.914223,0.542923,0.063110,-0.037247
343299.925030,0.572388,0.080795,0.066971
343299.934904,0.586044,0.080719,0.118042
343299.946186,0.615768,0.065704,0.122955
343299.956693,0.574875,0.057495,0.131546
343299.967873,0.414536,0.075928,0.198685
343299.978768,0.388733,0.044479,1.766998
343299.988706,0.328217,0.015701,1.478073
343299.999825,0.439850,-0.003937,2.015991
343300.009945,0.256744,-0.141998,2.014038
343300.020377,0.186874,-0.335739,1.546127
343300.031183,0.352661,-0.378555,0.934341
343300.041882,0.790710,-0.279434,0.609390
343300.051724,1.022324,-0.165894,0.009003
343300.062507,0.964249,-0.012375,-0.482422
343300.072838,0.799179,0.173019,-0.601288
343300.083075,0.679352,0.402725,-0.542984
343300.093818,0.867935,0.740906,-0.523666
343300.103709,0.869537,0.913895,-0.168060
343300.114858,1.008408,0.956268,0.389099
343300.125185,1.300980,0.590622,0.789536
343300.135989,1.434082,0.056839,1.190842
343300.146575,1.604355,-0.219681,1.321701
343300.157111,1.746048,-0.262497,1.159103
343300.167935,1.776428,-0.156342,0.815765
343300.177807,1.807602,-0.048508,0.508759
343300.189138,1.928574,0.003876,0.267410
343300.199239,2.023956,0.040482,0.149429
343300.209410,2.025345,0.068512,-0.089676
343300.219816,2.025375,0.029617,-0.162598
343300.230438,1.744125,-0.117462,-0.043396
343300.241191,1.373764,-0.269196,0.188187
343300.251177,1.257614,-0.407593,0.321899
343300.261633,1.194702,-0.506454,0.420883
343300.271653,0.982132,-0.556824,0.477448
343300.282857,0.727066,-0.513336,0.429611
343300.293201,0.602112,-0.428497,0.286545
343300.304553,0.568359,-0.378647,0.148483
343300.315127,0.646255,-0.406097,0.044601
343300.325639,0.805649,-0.377609,0.041611
343300.336687,0.795929,-0.348160,0.038864
343300.346632,0.713516,-0.348343,0.012024
343300.357919,0.625961,-0.357742,0.002747
343300.367977,0.571228,-0.364197,-0.009277
343300.378471,0.523315,-0.400055,-0.032364
343300.389000,0.537888,-0.465668,-0.066208
343300.400082,0.586197,-0.545135,-0.100983
343300.410970,0.711899,-0.624649,-0.101120
343300.420934,0.862289,-0.695938,-0.055923
343300.432092,0.956726,-0.744019,0.085312
343300.442125,0.782715,-0.714798,0.118164
343300.453435,0.658524,-0.682983,0.140457
343300.463961,0.625732,-0.653610,0.178818
343300.474958,0.626831,-0.620239,0.215408
343300.485898,0.651657,-0.592239,0.264786
343300.495888,0.699387,-0.586044,0.279755
343300.507086,0.709167,-0.601669,0.288498
343300.517258,0.678146,-0.619522,0.298050
343300.527730,0.635345,-0.619827,0.303726
343300.537901,0.576416,-0.674667,0.262817
343300.549160,0.563034,-0.769562,0.202118
343300.559973,0.602142,-0.857544,0.199585
343300.570131,0.756607,-0.873932,0.316864
343300.580849,0.956665,-0.813248,0.595856
343300.590933,1.106430,-0.796036,0.916443
343300.601941,1.162933,-0.855164,1.268417
343300.612407,1.028259,-0.878235,1.718887
343300.623497,0.786331,-0.850449,2.010422
343300.634104,0.504486,-0.767593,2.009903
343300.644772,0.098938,-0.362701,0.565506
343300.655694,0.167419,-0.302643,0.083618
343300.665700,0.220337,-0.401169,0.086945
343300.676941,0.791275,-0.387634,0.113083
343300.687381,2.024490,0.141983,0.202271
343300.698506,1.541855,-0.082947,0.286606
343300.708610,1.292938,-0.372559,-0.131821
343300.719494,1.732635,-0.539215,-0.203918
343300.730030,2.019150,-0.826401,-0.263931
343300.740011,2.018036,-1.176849,-0.600403
343300.751061,2.024963,-0.968292,-1.684631
343300.761415,2.025269,-0.583313,-1.126175
343300.772412,1.360901,-0.405182,-0.658615
343300.782845,0.837799,-0.222092,-0.589706
343300.794188,0.472290,-0.070709,-0.660629
343300.805251,0.431824,-0.039093,-0.674271
343300.815147,0.463242,-0.030182,-0.576950
343300.826424,0.652512,-0.003708,-0.588684
343300.836805,1.116196,-0.004639,-0.621002
343300.848031,1.181976,0.093079,-0.489441
343300.858917,1.028076,0.160416,-0.442444
343300.869218,0.956406,0.207001,-0.354080
343300.879784,0.903564,0.230606,-0.290344
343300.889794,0.862640,0.228195,-0.266022
343300.900959,0.749954,0.220505,-0.223389
343300.911299,0.621262,0.203354,-0.171127
343300.921810,0.478363,0.176559,-0.084656
343300.932323,0.365509,0.159683,-0.012695
343300.943407,0.311386,0.140793,0.036926
343300.954412,0.312042,0.132339,0.093765
343300.964356,0.438156,0.122879,0.123642
343300.975573,0.552475,0.129944,0.150696
343300.986120,0.678085,0.151657,0.129822
343300.996774,0.879410,0.168030,0.070999
343301.007303,1.088638,0.183517,0.026917
343301.018323,1.291946,0.204742,-0.016159
343301.029014,1.437225,0.219788,-0.002655
343301.039348,1.457077,0.231033,0.022034
343301.049487,1.428680,0.285706,0.019409
343301.059895,1.396378,0.327713,-0.021545
343301.070368,1.319122,0.357315,-0.039307
343301.080715,1.236938,0.331360,0.042496
343301.091322,1.305817,0.027008,1.539276
343301.101882,1.312454,-0.009735,0.525604
343301.112685,1.193466,0.036148,0.119324
343301.123456,0.848114,-0.029572,0.865814
343301.134144,0.552628,-0.590881,2.011581
343301.144548,0.585648,-0.902618,1.876694
343301.154711,1.414810,-1.052277,1.109894
343301.165172,1.515381,-1.129181,0.966446
343301.175338,0.961578,-0.891312,0.278351
343301.186382,1.252777,0.016373,-1.056808
343301.197894,1.277603,0.233490,-1.108841
343301.207085,1.526993,0.259628,-1.005539
343301.218205,1.713150,0.205856,-0.916885
343301.228316,1.656631,0.115891,-0.693222
343301.238853,1.470535,-0.004639,-0.463501
343301.249284,1.277008,-0.084381,-0.276642
343301.261064,1.291946,-0.174622,-0.221420
343301.271138,1.100006,-0.263947,-0.169037
343301.281844,0.944427,-0.271179,-0.097168
343301.292987,1.227402,-0.274689,0.000168
343301.303223,1.586731,-0.298981,-0.084808
343301.314618,1.752594,-0.382462,-0.169159
343301.325234,1.864243,-0.530914,-0.254288
343301.335749,1.853043,-0.706329,-0.279343
343301.346656,1.628677,-0.849396,-0.196152
343301.356857,1.413177,-1.002289,-0.304321
343301.367600,1.098267,-1.201736,-0.510391
343301.377755,0.830261,-1.277634,-0.544556
343301.388623,0.628952,-1.222748,-0.377213
343301.399009,0.423630,-0.983643,-0.112213
343301.410568,0.157654,-0.826263,0.017426
343301.420243,0.050308,-0.631256,0.112747
343301.430587,0.040176,-0.473862,0.196426
343301.441460,0.091721,-0.357651,0.217239
343301.451612,0.211594,-0.276154,0.248856
343301.462814,0.416595,-0.226135,0.308029
343301.473069,0.682358,-0.184952,0.337967
343301.483875,0.932877,-0.164307,0.400040
343301.494279,1.108063,-0.148285,0.401901
343301.505365,1.091095,-0.113892,0.062698
343301.516226,0.953278,-0.089722,0.012268
343301.526303,0.804169,-0.078201,0.008804
343301.536400,0.677765,-0.068314,0.038712
343301.547538,0.641190,-0.042618,0.033875
343301.558348,0.706833,0.011887,0.128784
343301.568853,0.805069,0.067902,0.268005
343301.579269,0.851486,0.164246,0.487762
343301.590061,0.777695,0.469116,1.014847
343301.600243,0.982498,0.545044,1.161560
343301.611317,1.117279,0.547043,1.265167
343301.621300,1.138260,0.241623,1.367691
343301.632482,1.157684,0.006226,1.289276
343301.642855,1.192505,-0.144913,1.040939
343301.654264,1.129410,-0.165268,0.692245
343301.664642,0.983185,-0.112991,0.367340
343301.674828,0.726349,-0.276001,-0.054977
343301.685703,0.617126,-0.498215,-0.253494
343301.695673,1.061417,-0.766891,-0.208710
343301.706698,1.600311,-1.128220,-0.128937
343301.717095,2.013382,-1.579041,-0.295731
343301.727337,2.016052,-1.938766,-1.420029
343301.737788,1.403748,-1.371063,-0.194595
343301.748315,0.547119,-0.832336,0.506622
343301.759199,0.155121,-0.481033,0.682480
343301.769096,0.024261,-0.247986,0.561218
343301.779764,0.008179,-0.112320,0.410233
343301.789675,0.085464,-0.066788,0.338333
343301.800578,0.357971,-0.083359,0.320740
343301.810974,0.744476,-0.126678,0.338730
343301.822222,1.150681,-0.146454,0.237305
343301.832770,1.476456,-0.202362,0.247070
343301.843023,1.623413,-0.207428,0.087753
343301.854070,1.454681,-0.129745,-0.271347
343301.864110,1.268341,-0.053925,-0.487350
343301.875166,1.045486,0.037933,-0.736740
343301.885316,0.849976,0.141388,-0.866196
343301.895960,0.668060,0.243637,-0.931870
343301.906404,0.559250,0.287537,-0.780884
343301.917397,0.612701,0.240845,-0.599564
343301.928263,0.719131,0.193253,-0.473938
343301.938289,0.728043,0.164215,-0.307358
343301.949232,0.722305,0.140121,-0.186905
343301.959107,0.730515,0.121414,-0.069321
343301.970268,0.795609,0.109528,0.027008
343301.980898,0.837341,0.108688,0.036957
343301.991890,0.914963,0.103210,0.019608
343302.002937,0.977783,0.100464,-0.019363
343302.012863,1.007736,0.097656,-0.046722
343302.023454,1.044586,0.096832,-0.055420
343302.033433,1.109299,0.089035,-0.077759
343302.046656,1.163315,0.100937,-0.119629
343302.065681,1.124084,0.147659,-0.157639
343302.076486,0.957962,0.152634,-0.151459
343302.086511,0.933960,0.147812,-0.132950
343302.097570,0.981262,0.154160,-0.030670
343302.107602,2.014481,0.000687,2.022812
343302.118854,1.846680,-0.087448,2.021347
343302.129316,0.897903,-0.194504,2.016373
343302.140426,0.663895,-0.453842,0.017822
343302.150468,1.651947,-0.675140,0.616684
343302.160947,2.016830,-0.733322,0.360733
343302.171560,1.661819,-0.490906,-0.295059
343302.181550,1.389969,-0.305374,-0.542877
343302.192562,1.045349,-0.234161,0.072296
343302.202543,1.014511,-0.312988,0.352066
343302.214155,1.153778,-0.439636,0.349670
343302.224499,1.387512,-0.482635,0.282608
343302.234871,1.596664,-0.381546,0.192123
343302.245554,1.672134,-0.284012,0.169739
343302.255637,1.708130,-0.225128,0.022263
343302.266390,1.619568,-0.201477,-0.134888
343302.276365,1.420731,-0.183609,-0.125778
343302.287469,1.319061,-0.186981,-0.295959
343302.297913,1.160080,-0.223480,-0.386215
343302.309231,0.946884,-0.301437,-0.449600
343302.320170,0.711365,-0.344910,-0.356812
343302.330004,0.518112,-0.369476,-0.139053
343302.341217,0.434784,-0.368484,0.020477
343302.351441,0.371445,-0.364792,0.167374
343302.362171,0.305664,-0.347427,0.219223
343302.372309,0.283600,-0.248962,0.212112
343302.383633,0.298584,-0.108932,0.221176
343302.393134,0.357986,0.007339,0.259705
343302.404119,0.460205,0.115128,0.279678
343302.415657,0.664703,0.094818,0.129288
343302.425098,0.661911,0.072693,0.049652
343302.435844,0.626251,0.063171,0.004288
343302.446237,0.578430,0.046051,-0.006836
343302.457168,0.510529,0.017181,0.004410
343302.467402,0.433640,0.010544,0.051086
343302.477989,0.389801,0.005203,0.059677
343302.488851,0.374908,0.014572,0.068527
343302.498985,0.404572,-0.000473,0.080276
343302.509818,0.595490,0.004913,0.102737
343302.520003,0.884033,0.041733,0.140610
343302.531153,1.178482,0.098999,0.233566
343302.541470,0.961487,0.153839,0.152649
343302.551444,0.709595,0.190979,0.049850
343302.562332,0.695679,0.137894,-0.034988
343302.572799,0.723267,0.057220,-0.111069
343302.583486,0.688934,-0.026688,-0.141357
343302.593488,0.557510,-0.200394,-0.195374
343302.604621,0.597473,-0.481766,-0.274048
343302.614723,0.821152,-0.578766,0.204803
343302.625225,1.099411,-0.791565,0.527969
343302.635677,1.162064,-1.047134,0.933243
343302.646356,0.869537,-1.057449,1.952164
343302.656806,0.426208,-0.832733,1.846176
343302.667238,0.378464,-0.570892,1.242859
343302.678227,0.469818,-0.418488,0.913910
343302.688250,0.584259,-0.336182,0.629623
343302.699452,0.645035,-0.301132,0.463379
343302.709965,0.466293,-0.306656,0.387039
343302.720618,0.317474,-0.304398,0.314789
343302.731129,0.382629,-0.330826,0.170654
343302.741844,0.640121,-0.390961,0.102585
343302.752630,1.065460,0.087570,-0.269272
343302.762595,2.025665,0.299408,0.214386
343302.773299,2.010574,-1.030304,1.160721
343302.783608,2.009094,-1.605881,0.538864
343302.794447,2.013077,-1.305496,0.209778
343302.804582,2.016876,-0.845428,0.168503
343302.815179,1.314301,-0.527939,0.130829
343302.825843,0.849091,-0.358429,0.138092
343302.835737,0.582443,-0.271683,0.087631
343302.846810,0.480850,-0.207596,0.013199
343302.856797,0.610794,-0.177231,-0.069382
343302.867862,0.954346,-0.185135,-0.158203
343302.878149,1.172577,-0.169312,-0.209122
343302.888419,1.127625,-0.118301,-0.297195
343302.898855,0.958160,-0.124039,-0.637390
343302.908750,0.628693,-0.059937,-0.896301
343302.919553,0.409698,0.026093,-0.725830
343302.929624,0.332214,0.073868,-0.466782
343302.940393,0.262100,0.092331,-0.333511
343302.950477,0.176041,0.102539,-0.215073
343302.961669,0.122787,0.090240,-0.127136
343302.971785,0.113419,0.075516,-0.064499
343302.983250,0.160843,0.060669,-0.023224
343302.993704,0.236221,0.053604,0.014313
343303.004608,0.552353,0.027313,0.006622
343303.015695,0.720566,0.017746,-0.029999
343303.026204,0.868210,0.008224,-0.133423
343303.036410,1.106934,0.066513,-1.055054
343303.046516,1.170715,-0.301743,-0.247528
343303.058043,1.234360,-0.616638,0.674225
343303.067919,1.020767,-0.589996,1.067886
343303.079318,0.623932,-0.361465,1.226044
343303.089459,0.381607,-0.119873,1.738129
343303.099579,0.343109,0.092285,2.016373
343303.110509,0.483612,0.164932,1.473114
343303.120611,0.531219,-0.019348,0.999924
343303.131188,0.682281,-0.258118,0.848465
343303.141644,0.775314,-0.390961,0.731018
343303.152335,0.797333,-0.568542,0.619766
343303.163010,0.841583,-0.819916,0.525635
343303.174023,0.859619,-0.883530,0.395706
343303.185114,0.844955,-0.825943,0.230316
343303.195513,1.122696,-0.899384,0.271133
343303.206453,1.492569,-1.034271,0.495270
343303.216881,1.861908,-1.248154,0.902222
343303.227323,2.013260,-0.851471,0.902252
343303.238073,2.015488,-0.421753,1.134430
343303.249116,2.019257,-0.053482,0.957962
343303.260059,2.023346,0.033463,0.260223
343303.270345,2.026031,0.088409,-0.201355
343303.281073,2.027313,0.160141,-0.346924
343303.290864,1.919342,0.206635,-0.570679
343303.301861,1.615921,0.239731,-0.508911
343303.312720,1.316513,0.197968,-0.374176
343303.322849,0.939316,0.035568,-0.188797
343303.333922,0.577698,-0.082184,-0.063812
343303.344033,0.449905,-0.198929,0.049393
343303.355407,0.405426,-0.271774,0.281113
343303.365353,0.383362,-0.198578,0.433685
343303.375689,0.378922,-0.060196,0.345551
343303.385827,0.384903,-0.016144,0.208618
343303.396510,0.405273,-0.021469,0.103668
343303.406849,0.386368,-0.044479,0.068069
343303.416803,0.390396,-0.073547,0.010971
343303.427922,0.403198,-0.117310,-0.033463
343303.437798,0.402954,-0.158768,-0.049515
343303.448849,0.438263,-0.220169,-0.044952
343303.459644,0.578293,-0.238998,-0.030792
343303.470614,0.593979,-0.252625,-0.004349
343303.481398,0.566116,-0.243683,0.010315
343303.491444,0.571976,-0.246658,0.028931
343303.502258,0.571899,-0.243881,0.048584
343303.512329,0.606781,-0.232056,0.058640
343303.522816,0.646683,-0.205276,0.073746
343303.533454,0.702347,-0.200821,0.088745
343303.543682,0.808884,-0.192673,0.082413
343303.553759,0.854828,-0.168549,0.083786
343303.564610,0.901886,-0.269974,0.062546
343303.575141,0.946381,-0.657578,-0.916595
343303.586391,1.571518,-0.790619,-0.409760
343303.597097,2.011719,-1.247681,0.166107
343303.607338,1.967773,-1.592392,1.077362
343303.618710,1.121002,-1.605621,1.521927
343303.629009,0.389267,-1.454239,1.887939
343303.639442,-0.031662,-1.155731,2.004364
343303.650198,-0.202972,-0.676346,1.999756
343303.660723,-0.110397,-0.243607,1.669235
343303.671656,0.293777,-0.050110,0.689606
343303.681594,0.487289,-0.127350,0.451416
343303.692941,0.820801,-0.227386,0.438278
343303.703375,1.396591,-0.332901,0.500702
343303.714327,2.018433,-0.450226,0.489655
343303.724996,2.018829,-0.591873,0.177475
343303.734983,2.020187,-0.740494,-0.336792
343303.745602,2.021576,-0.739746,-0.621277
343303.755651,2.023941,-0.585876,-0.858383
343303.766534,2.026428,-0.347900,-0.981949
343303.776787,1.854507,-0.173065,-0.942001
343303.788308,1.285187,-0.017517,-0.620392
343303.798687,1.077957,0.023682,-0.488495
343303.809788,0.809647,0.077866,-0.455856
343303.820598,0.583252,0.069122,-0.548141
343303.830676,0.406738,0.067062,-0.459656
343303.841724,0.299408,0.069061,-0.272736
343303.851844,0.264938,0.075607,-0.129578
343303.862257,0.201904,0.078964,-0.049377
343303.872874,0.160843,0.078232,0.005356
343303.883066,0.159592,0.069901,0.044495
343303.893953,0.190018,0.042664,0.085617
343303.903815,0.382874,0.035370,0.094238
343303.914547,0.458359,0.018723,0.097366
343303.924541,0.467316,0.018051,0.092484
343303.935779,0.428726,0.033890,0.078735
343303.946161,0.402267,0.070984,0.053406
343303.957477,0.540588,0.239822,-0.296738
343303.967482,0.525467,0.306305,-0.146164
343303.978738,0.428665,0.181076,0.121155
343303.989577,0.553726,0.246582,0.284103
343303.999576,0.966400,0.137344,0.339905
343304.010901,0.960052,-0.334488,0.673431
343304.021121,0.764297,-0.481125,0.802841
343304.031012,0.707092,-0.534470,0.820770
343304.041494,0.717255,-0.608826,0.861389
343304.051692,0.706238,-0.592697,0.900726
343304.062782,0.676941,-0.524231,0.900192
343304.073148,0.736115,-0.500046,1.041916
343304.083754,0.849274,-0.554764,1.209702
343304.093626,1.043884,-0.583923,1.229919
343304.104779,1.228836,-0.560242,1.080811
343304.115130,1.536392,-0.500351,0.731430
343304.126013,1.829819,-0.492004,0.340363
343304.136204,2.020050,-0.441238,0.172867
343304.146634,2.020584,-0.395309,0.136948
343304.157564,2.021332,-0.319748,0.106186
343304.167477,2.021851,-0.214294,0.166916
343304.178473,2.022049,-0.151489,0.228256
343304.188916,2.022842,-0.121643,0.112762
343304.199820,1.858459,-0.112335,-0.021255
343304.210266,1.351593,-0.083206,-0.066376
343304.221311,0.906448,-0.069778,-0.145691
343304.232299,0.595505,-0.089661,-0.055969
343304.242306,0.447144,-0.073776,0.001404
343304.253010,0.453094,-0.063889,0.022110
343304.262936,0.470901,-0.059647,0.050644
343304.274331,0.503433,-0.065155,0.101761
343304.284605,0.535965,-0.080338,0.134171
343304.295821,0.540939,-0.078232,0.138123
343304.306523,0.512985,-0.090973,0.138870
343304.316480,0.479980,-0.106888,0.147415
343304.327602,0.435150,-0.120010,0.141235
343304.337746,0.420044,-0.139343,0.147873
343304.348872,0.382233,-0.178528,0.090485
343304.359008,0.344391,-0.204086,0.055771
343304.370297,0.284439,-0.242447,0.050278
343304.380919,0.284332,-0.256302,0.049210
343304.391664,0.320190,-0.259079,0.035599
343304.402133,0.367004,-0.274170,-0.003540
343304.412181,0.376022,-0.285507,-0.034988
343304.423448,0.401825,-0.295578,-0.039871
343304.433872,0.490402,-0.288071,-0.036453
343304.444890,0.602768,-0.237091,0.053680
343304.455731,0.955856,-0.218185,0.093613
343304.465869,1.095123,-0.223877,0.081406
343304.476702,0.996506,-0.350067,-0.496887
343304.486771,1.029358,-0.520615,-0.374527
343304.497764,1.297577,-0.873337,-0.055527
343304.507889,1.301315,-1.241257,0.214111
343304.518740,0.782669,-1.571091,0.380814
343304.529290,0.259796,-1.494644,1.041382
343304.539386,0.484406,-0.571671,1.548401
343304.550174,0.368378,-0.297409,1.511917
343304.560355,0.731354,0.512711,2.021545
343304.570473,0.946289,0.746277,1.974396
343304.580448,2.012817,-0.212296,2.021027
343304.590985,2.010590,-1.253693,0.797836
343304.600932,2.008698,-1.933502,0.092697
343304.612155,2.011002,-1.937820,-0.383102
343304.622241,2.017120,-1.472275,-0.888351
343304.633457,1.258408,-0.995377,-0.992615
343304.644289,0.472610,-0.598679,-0.760193
343304.654332,0.295013,-0.392227,-0.729813
343304.664317,0.242279,-0.294327,-0.771408
343304.674486,0.175522,-0.250732,-1.084274
343304.685527,0.353027,-0.226227,-1.134323
343304.695510,0.470795,-0.238647,-1.237900
343304.706265,0.581284,-0.176743,-0.946533
343304.716257,0.936630,-0.117188,-0.695328
343304.726768,0.911865,-0.066879,-0.435043
343304.737725,0.871109,-0.054306,-0.215363
343304.747804,0.790695,-0.054337,-0.043045
343304.758552,0.743515,-0.057480,0.037140
343304.768893,0.719528,-0.058411,0.060577
343304.779809,0.694504,-0.056488,0.095795
343304.790222,0.726120,-0.063797,0.127289
343304.800774,0.788635,-0.071045,0.147095
343304.811670,0.812500,-0.063507,0.158035
343304.821784,0.782028,-0.098785,0.438202
343304.832114,0.502579,-1.012283,2.007858
343304.841945,0.003662,-1.086349,2.005081
343304.852869,-0.162277,-0.824677,1.784851
343304.862911,-0.239548,-0.445190,0.904739
343304.873753,0.125275,-0.229431,0.273392
343304.883899,0.645935,-0.170731,-0.123123
343304.894908,1.054077,-0.171951,0.013016
343304.905654,1.214127,0.026459,-0.253433
343304.915741,1.042984,0.190170,-0.190033
343304.926297,0.976135,0.298965,-0.380692
343304.936256,0.931961,0.435318,-0.481781
343304.947331,0.844757,0.576904,-0.119965
343304.957599,0.753082,0.104004,0.374039
343304.968463,1.510880,-0.200943,0.937866
343304.978970,1.802963,-0.260590,0.506973
343304.989668,1.952637,-0.125763,0.223251
343305.000297,2.023239,-0.044785,0.156570
343305.010250,2.023468,-0.065811,0.077911
343305.021098,2.021881,-0.168427,0.237946
343305.031272,2.019928,-0.315613,0.399551
343305.041909,2.018768,-0.415390,0.473267
343305.051888,1.660461,-0.488632,0.400482
343305.062701,1.361420,-0.594086,0.360062
343305.072812,1.282089,-0.747025,0.262283
343305.084148,1.133652,-0.972168,0.356903
343305.094978,1.044449,-1.003342,0.440613
343305.104876,1.009613,-1.027786,0.405945
343305.116059,1.033524,-0.995834,0.242477
343305.126224,0.910019,-0.868134,0.077209
343305.137061,0.655701,-0.637924,-0.024948
343305.147510,0.495117,-0.434723,-0.014130
343305.157969,0.495331,-0.272385,-0.001999
343305.168806,0.444275,-0.157471,0.045807
343305.178754,0.366821,-0.097961,0.111679
343305.189829,0.326080,-0.062027,0.164795
343305.199867,0.296234,-0.066833,0.159714
343305.210281,0.325180,-0.059921,0.150085
343305.220664,0.376129,-0.051208,0.118011
343305.231464,0.423218,-0.034592,0.078125
343305.242281,0.442566,-0.006760,0.026474
343305.252256,0.445847,0.007507,-0.009689
343305.262971,0.446091,0.020645,-0.038010
343305.272927,0.481949,0.032516,-0.029922
343305.284122,0.505951,0.056900,-0.018829
343305.294312,0.568604,0.064514,-0.000839
343305.304624,0.623276,0.062134,0.001343
343305.315268,0.684998,0.073746,0.010529
343305.326282,0.863037,0.073990,0.014236
343305.337251,1.358551,0.420181,-0.069016
343305.347496,1.012085,0.384262,0.137131
343305.358059,0.791183,0.054108,0.638672
343305.368438,0.888962,-0.456406,0.777069
343305.379331,0.746628,-0.447159,0.403732
343305.389702,0.632309,-0.336212,0.362000
343305.401040,0.846664,-0.338745,0.459061
343305.411337,1.082077,-0.360901,0.496170
343305.421251,1.419128,-0.485992,0.525024
343305.432342,1.904968,-0.836899,0.281906
343305.441894,2.020401,-0.623962,-0.194550
343305.453692,2.024460,-0.222916,-0.380524
343305.463838,2.019287,-0.678818,-0.052750
343305.474278,2.014633,-0.999069,0.383041
343305.484290,2.011551,-1.043076,0.943802
343305.495180,1.738602,-0.664658,0.613205
343305.506030,1.108932,-0.448898,0.350342
343305.516021,0.801437,-0.297150,0.215912
343305.526746,0.639008,-0.161026,0.292847
343305.536806,0.593277,-0.082291,0.412994
343305.547794,0.778458,-0.099060,0.354813
343305.558415,0.920959,-0.119766,0.262024
343305.569169,0.970078,-0.114700,0.194611
343305.579710,0.940582,-0.105164,0.140594
343305.589831,0.833344,-0.090332,0.125549
343305.600426,0.706253,-0.071152,0.111435
343305.610426,0.568268,-0.045334,0.093369
343305.621526,0.475098,-0.008331,0.082520
343305.631610,0.425827,0.043747,0.073898
343305.642814,0.494293,0.126343,0.037598
343305.653011,0.457947,0.196350,0.061569
343305.663449,0.357666,0.118759,0.099731
343305.674121,0.397690,0.131104,0.072540
343305.683954,0.450562,0.103668,-0.004944
343305.694824,0.528198,-0.001221,0.019028
343305.705137,0.537979,-0.036377,-0.002777
343305.715177,0.501740,0.025070,-0.019104
343305.725359,0.526810,0.054520,-0.018738
343305.737074,0.674194,0.076584,-0.009079
343305.746966,0.920364,0.082733,0.104797
343305.757502,0.971130,0.060959,0.262802
343305.768876,0.954498,0.056152,0.403946
343305.778194,1.004227,0.087875,0.659485
343305.789411,1.038879,0.184204,0.846817
343305.799654,1.105316,0.281296,0.842041
343305.810188,1.082779,0.343704,0.873856
343305.820536,1.023132,0.193848,1.033249
343305.831148,1.119949,0.050064,1.140366
343305.841782,1.388855,-0.029312,0.946640
343305.851920,1.560455,-0.080948,0.550598
343305.862959,1.546463,-0.010391,0.273483
343305.872891,1.495789,0.056442,0.169846
343305.884324,1.600586,0.042618,0.073044
343305.894754,1.724121,-0.013840,0.144745
343305.905942,2.022079,-0.152405,0.220413
343305.916108,2.021500,-0.237427,0.202042
343305.927305,2.021454,-0.270706,0.159561
343305.938121,2.021973,-0.230652,0.115768
343305.948219,1.937256,-0.224686,-0.046387
343305.959222,1.635056,-0.213547,-0.067215
343305.969653,1.412888,-0.221664,-0.211472
343305.980933,1.203430,-0.235687,-0.322372
343305.992362,1.006683,-0.263397,-0.412720
343306.001920,0.822098,-0.297180,-0.348068
343306.012737,0.638870,-0.306702,-0.118393
343306.022935,0.598892,-0.321854,-0.104965
343306.032874,0.539200,-0.325577,-0.108185
343306.044313,0.536118,-0.337570,-0.106354
343306.054461,0.565918,-0.346512,-0.114151
343306.064728,0.532074,-0.346573,-0.107422
343306.075774,0.479889,-0.365570,-0.043045
343306.086650,0.411774,-0.381119,0.028107
343306.096561,0.353973,-0.374222,0.061264
343306.107759,0.305298,-0.354019,0.078903
343306.118251,0.242432,-0.252884,0.082397
343306.129084,0.152390,-0.203812,0.060852
343306.139627,0.133835,-0.160767,0.058182
343306.150360,0.149017,-0.130585,0.056534
343306.161138,0.206940,-0.098206,0.059021
343306.171303,0.265823,-0.066864,0.069336
343306.182082,0.289902,-0.029648,0.085449
343306.192076,0.326904,-0.003845,0.089752
343306.203454,0.389526,-0.007965,0.090958
343306.213869,0.498001,-0.011551,0.073746
343306.224438,0.693802,-0.170563,-1.981949
343306.235270,1.078842,-0.868134,-1.491684
343306.245796,1.682205,-1.335892,-0.327515
343306.256785,1.775742,-1.467545,0.268250
343306.266974,1.291855,-1.360443,0.740875
343306.278285,0.727264,-1.136932,1.012054
343306.288698,0.498825,-0.924500,0.675369
343306.299756,0.530792,-0.878418,0.927994
343306.310498,0.557251,-0.459808,1.885162
343306.320379,0.863358,-0.031097,2.017578
343306.331476,1.539932,-0.141983,1.600677
343306.341370,2.016113,-0.144455,1.454575
343306.351282,2.006241,-1.053360,2.013992
343306.362893,2.000183,-1.975372,1.768890
343306.373394,2.004410,-1.983749,0.887863
343306.383338,2.011032,-1.660675,0.053772
343306.394031,1.363449,-1.152847,-0.143906
343306.404895,0.774826,-0.796875,-0.232758
343306.414799,0.520126,-0.535187,-0.207123
343306.425670,0.444092,-0.383163,-0.075729
343306.435678,0.552017,-0.350784,-0.125031
343306.447089,0.901993,-0.379990,-0.139450
343306.457551,1.387527,-0.325806,-0.277206
343306.468002,1.264557,-0.243759,-0.430084
343306.478807,1.011002,-0.179779,-0.549347
343306.488866,0.708481,-0.169373,-0.909607
343306.499951,0.439438,-0.073761,-1.068924
343306.509821,0.269608,0.015457,-0.976669
343306.520154,0.085892,0.072250,-0.745468
343306.530492,0.000443,0.078751,-0.547623
343306.541107,-0.042221,0.089462,-0.347610
343306.551919,0.008804,0.085754,-0.215942
343306.562737,0.137619,0.038834,0.014755
343306.573309,0.310318,0.032349,0.084091
343306.583499,0.361694,0.008850,0.112564
343306.594619,0.380341,-0.010620,0.134064
343306.604781,0.335342,-0.020187,0.169113
343306.615233,0.258698,-0.019592,0.180573
343306.625766,0.204941,-0.024155,0.183228
343306.636846,0.176025,-0.028000,0.185013
343306.647628,0.169067,-0.033112,0.180069
343306.657927,0.186981,-0.032593,0.181122
343306.669057,0.244720,-0.021042,0.187347
343306.678636,0.364517,0.041763,0.198212
343306.689888,2.018997,0.578186,2.027634
343306.699678,1.722183,1.036957,2.030182
343306.710589,1.282211,0.614029,2.024765
343306.720755,1.351105,0.142014,-0.008575
343306.731671,1.791626,0.011948,-1.009384
343306.742691,1.637558,-0.196228,-1.365952
343306.752739,1.984528,-0.800644,-0.264847
343306.763926,1.816986,-1.033371,0.464310
343306.773997,1.444321,-0.803543,0.560745
343306.784892,1.364975,-0.512878,0.371536
343306.795248,1.716705,-0.327789,0.953400
343306.805774,2.017960,-0.176956,1.024612
343306.817093,2.022156,0.016525,0.476868
343306.827268,2.022812,0.031448,0.368118
343306.838366,2.023117,-0.067459,0.143631
343306.848350,2.024109,-0.186523,-0.249756
343306.859719,1.678680,-0.273132,-0.334366
343306.870120,1.066757,-0.312546,-0.162704
343306.880895,0.706711,-0.323792,0.016129
343306.891302,0.514145,-0.320709,0.138931
343306.901535,0.382874,-0.287399,0.187683
343306.912672,0.338730,-0.281631,0.071777
343306.922676,0.308426,-0.294220,-0.055954
343306.934052,0.252045,-0.299133,-0.129822
343306.944128,0.254654,-0.270554,-0.210007
343306.954614,0.287125,-0.214737,-0.251602
343306.964831,0.301331,-0.168900,-0.236420
343306.975626,0.304092,-0.139984,-0.143967
343306.986522,0.162903,-0.181000,-0.016388
343306.996551,0.291641,-0.424103,0.117493
343307.007930,0.589813,-0.414017,-0.024338
343307.017966,0.083252,-0.172699,0.010788
343307.028428,0.093674,-0.066147,0.088226
343307.038453,0.127686,-0.020859,0.117203
343307.049416,0.169418,-0.026566,0.119278
343307.060445,0.342331,-0.049240,0.119843
343307.070371,0.648071,-0.103043,0.159943
343307.081182,0.847061,-0.385803,0.302673
343307.091326,1.100357,-0.611252,0.420593
343307.101822,1.372375,-0.822845,0.598541
343307.112165,1.755142,-0.937836,1.063263
343307.123127,1.672775,-0.848038,1.575745
343307.133590,1.369156,-0.352051,1.811081
343307.144553,0.856476,-0.279953,1.601501
343307.155139,0.709045,-0.251633,1.083115
343307.165002,0.540024,-0.246674,0.662537
343307.176035,0.510574,-0.211700,0.435104
343307.186484,0.574905,-0.210510,0.300003
343307.196973,0.625275,-0.244949,0.117477
343307.207463,0.563934,-0.242203,0.055435
343307.218080,0.549286,-0.225510,0.025101
343307.228627,0.618042,-0.231094,-0.007965
343307.238710,0.747360,-0.249786,-0.038971
343307.249850,1.183151,-0.347229,-0.217453
343307.259821,1.284698,-0.383133,-0.293808
343307.271211,1.279266,-0.370575,-0.382996
343307.281604,1.690491,0.118790,-1.104095
343307.292631,1.479980,-0.093048,-0.301346
343307.303489,1.729980,-0.339600,0.253891
343307.313441,1.930634,-0.297226,0.378693
343307.324599,1.788895,-0.141403,0.323486
343307.334541,2.027084,0.720688,0.602463
343307.345421,2.022186,0.377533,1.051819
343307.355603,2.019913,-0.201492,0.585922
343307.366556,1.676849,-0.244385,0.286819
343307.376871,1.398941,-0.208344,0.220184
343307.386849,1.363327,-0.206070,0.183777
343307.397793,1.306732,-0.196762,0.176727
343307.407791,1.215347,-0.201157,0.147842
343307.418925,1.112991,-0.214645,0.104126
343307.429078,1.083389,-0.240402,0.013550
343307.440395,0.990280,-0.262802,-0.106705
343307.450809,0.914169,-0.261185,-0.200211
343307.461811,0.817154,-0.254318,-0.286911
343307.472860,0.516907,-0.192459,-0.218033
343307.482788,0.458145,-0.179703,-0.177963
343307.493972,0.431961,-0.183029,-0.118240
343307.504095,0.404892,-0.190063,-0.086075
343307.515572,0.488419,-0.201324,-0.101486
343307.526095,0.539185,-0.197861,-0.102219
343307.536101,0.570145,-0.174271,-0.092087
343307.547026,0.599136,-0.147797,-0.077026
343307.557369,0.624146,-0.125305,-0.073792
343307.567948,0.651184,-0.105667,-0.076447
343307.577957,0.688461,-0.052963,-0.086639
343307.589041,0.712601,-0.020538,-0.088226
343307.599429,0.731827,0.022537,-0.084839
343307.610699,0.780518,0.104813,-0.147720
343307.621503,1.000702,0.483368,-0.426147
343307.631991,0.690033,0.462128,0.015732
343307.642845,0.400101,0.572922,0.492188
343307.652747,0.663803,0.456985,0.686600
343307.664085,0.989731,0.315506,0.529846
343307.674523,1.187912,0.439682,0.478775
343307.684622,1.012100,0.500458,0.732605
343307.695105,0.717606,0.484100,0.919556
343307.706127,0.901031,0.236588,0.640656
343307.717077,0.996460,0.083115,0.405304
343307.727111,1.006012,-0.012955,0.335892
343307.737913,1.060577,-0.132584,0.375366
343307.748007,1.107300,-0.217087,0.446457
343307.759541,1.138641,-0.261993,0.477615
343307.770059,1.206451,-0.271408,0.425858
343307.781311,1.282333,-0.302826,0.317017
343307.792389,1.548615,-0.209885,0.324814
343307.802363,1.841827,-0.158936,0.247040
343307.814080,2.022217,-0.197037,0.122925
343307.823420,2.022095,-0.338730,-0.082291
343307.834291,2.022736,-0.496506,-0.468170
343307.844483,2.024139,-0.638184,-0.981445
343307.854996,2.020508,-0.796448,-0.494217
343307.865357,2.019608,-0.857681,-0.410370
343307.875464,2.020950,-0.802414,-0.594330
343307.885654,1.802124,-0.617584,-0.707550
343307.895740,1.482895,-0.457870,-0.262192
343307.906899,1.121155,-0.207169,0.071854
343307.917021,0.724335,-0.210678,0.258484
343307.927866,0.765549,-0.275894,0.265945
343307.938346,0.880768,-0.348984,0.180511
343307.948806,0.903214,-0.374588,0.026367
343307.959778,0.846237,-0.380737,-0.128922
343307.969698,0.736496,-0.353333,-0.226273
343307.980891,0.603729,-0.322067,-0.278595
343307.990932,0.452713,-0.291931,-0.266235
343308.002492,0.345154,-0.270889,-0.207672
343308.013032,0.267548,-0.242905,-0.160675
343308.023169,0.178619,-0.230713,-0.260040
343308.033227,0.093048,-0.214706,-0.230850
343308.044552,0.126770,-0.197327,-0.182480
343308.054619,0.215469,-0.174911,-0.179962
343308.064666,0.289963,-0.154419,-0.128448
343308.075470,0.381927,-0.141083,0.006454
343308.085972,0.527634,-0.136902,0.118942
343308.097292,0.666656,-0.131378,0.177475
343308.107453,0.759979,-0.129990,0.214157
343308.118256,0.826736,-0.096634,0.246124
343308.129300,0.927505,-0.051178,0.257736
343308.139365,0.999130,0.621246,1.952957
343308.150548,1.094360,0.519165,1.836777
343308.160957,1.083023,0.065323,0.985336
343308.172937,1.151810,-0.120758,0.248306
343308.182727,1.043671,-0.069794,0.070694
343308.193308,0.911667,-0.038864,0.057648
343308.204115,0.822586,-0.032806,-0.022125
343308.213987,0.801224,-0.021683,-0.111389
343308.225230,0.886169,-0.036087,-0.212204
343308.235281,0.960709,-0.059372,-0.239548
343308.246597,1.573517,-0.327286,-0.276413
343308.257096,1.933182,-0.459152,-0.401520
343308.266655,1.984741,-0.482437,-0.607529
343308.277727,1.547775,-0.371765,-0.575119
343308.287791,1.099152,-0.238373,-0.361099
343308.298550,0.940765,-0.072800,-0.660583
343308.308778,0.798645,0.145752,-0.125717
343308.320253,0.937820,0.072647,0.179352
343308.330402,1.482468,0.136276,0.170456
343308.340249,1.899857,0.214859,0.173904
343308.350677,1.801559,0.121689,0.188385
343308.361843,0.884216,0.187347,0.138855
343308.372665,0.673294,0.177261,0.130020
343308.382553,0.532913,0.167114,0.141098
343308.393230,0.489838,0.143799,0.165253
343308.403350,0.538086,0.092575,0.183670
343308.414728,0.617447,0.052475,0.166031
343308.425155,0.716904,0.060272,0.173386
343308.435711,0.838211,0.060715,0.190582
343308.446500,0.955460,0.055115,0.203796
343308.456589,1.000137,0.047455,0.208832
343308.467721,0.937393,0.038696,0.207535
343308.477838,0.936478,0.005630,0.143463
343308.488301,0.953598,-0.004196,0.082611
343308.498714,0.972961,0.008942,0.012207
343308.509837,0.948425,0.031296,-0.023010
343308.520301,0.915894,0.057236,-0.039612
343308.530384,0.950912,0.080124,-0.046143
343308.541061,1.032501,0.086426,-0.040833
343308.551375,1.091705,0.087173,-0.146530
343308.562473,1.173401,0.062469,-0.212097
343308.572445,1.310135,0.187378,0.097534
343308.583906,1.248138,0.435623,0.360291
343308.593722,1.191238,0.381866,0.318390
343308.604837,1.348633,0.335175,0.194107
343308.615551,1.385101,0.245834,0.117981
343308.625482,1.491287,0.222015,0.136871
343308.636665,1.565643,0.229568,0.198074
343308.646874,1.598831,0.157181,0.206451
343308.657709,1.564346,0.042694,0.161209
343308.668202,1.424545,-0.023834,0.164932
343308.678459,1.244080,-0.062042,0.190323
343308.689704,1.163177,-0.106003,0.187668
343308.699230,1.211365,-0.191513,0.161652
343308.710218,1.465179,-0.564224,-0.065964
343308.720087,1.624985,-0.844131,-0.240280
343308.731448,1.867752,-1.148132,-0.333984
343308.739882,1.895081,-1.378525,-0.396591
343308.752893,1.576157,-1.582169,-1.006927
343308.763371,1.329956,-1.464508,-0.913788
343308.773911,1.047943,-1.135101,-0.486526
343308.784959,0.822220,-0.799149,-0.367966
343308.795015,0.644745,-0.577911,-0.330566
343308.806188,0.583984,-0.448120,-0.312088
343308.816232,0.518661,-0.326584,-0.588028
343308.827428,0.455383,-0.335434,-0.478470
343308.837729,0.366486,-0.318237,-0.372787
343308.847969,0.375015,-0.338287,-0.320908
343308.858982,0.421494,-0.356995,-0.292404
343308.868951,0.449326,-0.363052,-0.299210
343308.880058,0.449600,-0.347916,-0.327530
343308.890205,0.460037,-0.309540,-0.372314
343308.901186,0.567673,-0.289474,-0.379517
343308.911735,0.720459,-0.296524,-0.311218
343308.922371,0.846069,-0.357620,-0.059052
343308.933121,1.038040,-0.374481,0.120117
343308.942983,1.102692,-0.363785,0.341232
343308.953288,1.059601,-0.350967,0.632523
343308.963304,0.923462,-0.334091,0.832214
343308.974593,0.794006,-0.305893,0.906448
343308.984869,0.652756,-0.298309,0.921585
343308.996389,0.594818,-0.314087,0.944763
343309.006756,0.547623,-0.355347,0.971680
343309.017311,0.524094,-0.436295,0.974823
343309.028159,0.531830,-0.528214,0.872070
343309.038427,0.536652,-0.595764,0.384933
343309.048617,0.537018,-0.571701,0.146729
343309.058794,0.592941,-0.513123,-0.009460
343309.069927,0.669342,-0.467422,-0.099991
343309.080308,0.710312,-0.466904,-0.133179
343309.091327,0.813507,-0.473129,-0.094513
343309.102058,0.948181,-0.501663,-0.013718
343309.112628,1.115723,-0.523209,0.063309
343309.123761,1.299438,-0.502914,0.160416
343309.133795,1.429916,-0.495804,0.339569
343309.144721,1.382233,-0.581802,0.799744
343309.154950,0.714615,-0.895752,1.550613
343309.166250,0.541977,-0.949600,1.576889
343309.176412,0.519211,-0.914963,1.404434
343309.187527,0.606094,-0.869034,1.005920
343309.198682,0.702576,-0.772675,0.545059
343309.208886,0.649643,-0.589462,0.277542
343309.220158,0.479065,-0.385727,0.094101
343309.230287,0.390900,-0.271469,-0.004410
343309.241576,0.424042,-0.388916,-0.051346
343309.252096,0.732346,-0.513687,-0.039276
343309.261996,1.555145,-0.325714,0.023697
343309.273136,1.890747,-0.341614,-0.079941
343309.283252,1.717758,-0.847610,0.308472
343309.293715,2.010544,-1.019714,0.773285
343309.303654,1.888245,-0.881821,0.580658
343309.315293,1.376617,-0.730591,0.281479
343309.325261,0.951309,-0.489502,0.176682
343309.336320,0.610123,-0.328690,0.232483
343309.347371,0.329025,-0.288254,0.215897
343309.357717,0.162582,-0.354141,0.173447
343309.368461,0.601639,-0.451889,0.141144
343309.378837,1.156815,-0.547791,-0.037735
343309.389293,1.592331,-0.605789,-0.304169
343309.399793,1.680832,-0.582886,-0.460541
343309.411126,1.420959,-0.486588,-0.661972
343309.422114,0.977112,-0.370209,-0.836563
343309.432021,0.706604,-0.247223,-0.855331
343309.443310,0.733215,-0.156204,-0.656296
343309.453707,0.830276,-0.100510,-0.483734
343309.464901,0.981262,-0.006805,-0.288071
343309.475724,0.972916,-0.004822,-0.209595
343309.486023,0.940094,0.010803,-0.182144
343309.497064,0.972046,0.021713,-0.189774
343309.507112,0.961258,0.047043,-0.181747
343309.518249,0.930450,0.069656,-0.155212
343309.529001,0.858154,0.097382,-0.169022
343309.539239,0.797089,0.143616,-0.220901
343309.549799,0.830231,0.159790,-0.256927
343309.560417,0.847000,0.164902,-0.221481
343309.571357,0.850510,0.166092,-0.125320
343309.581386,0.857407,0.168076,-0.105652
343309.592544,0.865295,0.163300,-0.099777
343309.602849,0.836426,0.162430,-0.096954
343309.614140,0.835434,0.161438,-0.099930
343309.624589,0.839401,0.163483,-0.093994
343309.635546,0.890198,0.172882,-0.093704
343309.646546,0.946960,0.189255,-0.077606
343309.656562,0.967880,0.201660,-0.066635
343309.667743,0.999939,0.236191,-0.058365
343309.677776,0.977219,0.253418,-0.064209
343309.689515,0.954590,0.272690,-0.076889
343309.699547,0.957657,0.281738,-0.083679
343309.710646,0.954666,0.275803,-0.090607
343309.721714,0.947647,0.268646,-0.091675
343309.731743,0.929611,0.259140,-0.083008
343309.743047,0.920517,0.241013,-0.080261
343309.753427,0.946075,0.204086,-0.077499
343309.764617,0.992279,0.142868,-0.060150
343309.775587,1.004333,0.081100,0.014908
343309.785718,1.061707,0.046066,0.023697
343309.796327,1.111633,0.049820,-0.010391
343309.806444,1.066971,0.058502,-0.018356
343309.817558,0.998306,0.059357,-0.008835
343309.827896,0.998169,0.039597,-0.012924
343309.838848,1.053711,0.011658,-0.022720
343309.849324,1.099350,-0.003845,-0.024612
343309.859912,1.106125,-0.017685,-0.006058
343309.870758,1.131271,-0.073944,0.050461
343309.880645,1.164429,-0.174667,0.224365
343309.891264,1.102600,-0.411667,0.690094
343309.901359,0.914673,-0.243423,0.541550
343309.912476,0.914536,-0.026276,0.307922
343309.922712,1.146194,0.050354,0.250702
343309.933444,1.221375,0.095596,0.204300
343309.943414,1.368454,0.156113,0.127945
343309.954115,1.623886,0.207001,0.044113
343309.964822,1.832199,0.217712,-0.022552
343309.974744,1.819000,0.231430,-0.152969
343309.985686,1.769531,0.190460,-0.269302
343309.996003,1.654312,0.034348,-0.349579
343310.006652,1.540863,-0.137756,-0.413300
343310.016437,1.868622,-0.374069,-0.487427
343310.027251,2.021881,-0.646484,-0.533188
343310.035767,2.019684,-0.881973,-0.460602
343310.048797,2.017670,-1.195114,-0.556412
343310.059798,2.000717,-1.480515,-1.012100
343310.069704,1.337311,-1.582596,-1.390564
343310.081116,1.242905,-1.562744,-1.374115
343310.091378,1.046921,-1.209457,-1.005142
343310.102939,0.428879,-0.605682,-0.576004
343310.113459,0.304825,-0.465286,-0.411545
343310.123328,0.256653,-0.383591,-0.192291
343310.134485,0.235092,-0.352341,-0.210785
343310.144386,0.306046,-0.301880,-0.193375
343310.155560,0.480682,-0.132919,-0.238297
343310.166220,0.489594,-0.021500,-0.052887
343310.176972,0.422958,0.012711,0.205093
343310.187723,0.419708,0.075531,0.359604
343310.198933,0.389313,0.306702,0.642975
343310.209665,0.184738,0.310181,0.581284
343310.219885,0.125549,0.261673,0.397171
343310.230411,0.113571,0.167572,0.255066
343310.240680,0.116196,0.087936,0.200455
343310.251908,0.093994,0.036896,0.187180
343310.262641,0.092773,0.008163,0.182999
343310.273878,0.119553,-0.006790,0.176147
343310.284839,0.144272,-0.025879,0.178055
343310.294946,0.181915,-0.046524,0.174103
343310.305402,0.299377,-0.160934,0.379684
343310.315853,0.581604,-0.239090,0.513672
343310.326965,0.900696,-0.419373,0.875549
343310.337730,1.195221,-0.534546,0.877823
343310.347811,1.394928,-0.613113,0.799545
343310.358602,1.221817,-0.600647,0.620346
343310.368103,0.962097,-0.559631,0.502838
343310.379339,0.752777,-0.513885,0.461105
343310.389514,0.633255,-0.445511,0.401306
343310.400841,0.701141,-0.421585,0.388062
343310.411265,0.767273,-0.402191,0.320831
343310.422294,0.999115,-0.427521,0.264709
343310.432927,0.927216,-0.452591,0.282837
343310.442987,0.889847,-0.496704,0.328430
343310.454118,0.868439,-0.526611,0.385971
343310.464627,0.837540,-0.517838,0.410416
343310.475797,0.817200,-0.461777,0.389206
343310.485785,0.763306,-0.388596,0.338577
343310.496334,0.736267,-0.322495,0.282120
343310.507224,0.706070,-0.270401,0.232376
343310.518018,0.672699,-0.236389,0.197205
343310.528195,0.611298,-0.263000,0.098618
343310.538625,0.794220,-0.243286,0.152542
343310.548460,1.016968,-0.115982,0.370392
343310.558859,1.474396,0.038315,0.241226
343310.569057,1.728271,0.061752,0.434799
343310.579464,1.997192,-0.182266,0.787094
343310.589957,2.018845,-0.244537,0.734665
343310.600749,2.017105,-0.514267,0.658844
343310.610756,2.017090,-0.687927,0.379745
343310.621742,2.019379,-0.532288,0.163269
343310.631837,1.655823,-0.372101,0.109085
343310.642656,1.408951,-0.291840,0.072388
343310.653087,1.224670,-0.223602,0.035858
343310.663509,0.762741,-0.081696,-0.066940
343310.674037,0.660080,-0.050980,-0.176025
343310.684205,0.755463,-0.046494,-0.353134
343310.695141,0.902115,-0.057022,-0.459534
343310.705168,0.926437,-0.061325,-0.557571
343310.715982,0.894028,-0.041992,-0.608551
343310.726409,0.863266,0.000244,-0.560272
343310.737340,0.803070,0.031631,-0.404266
343310.747895,0.705307,0.049698,-0.314285
343310.758882,0.575974,0.078125,-0.266541
343310.769957,0.417542,0.081818,-0.205383
343310.779871,0.380356,0.077042,-0.132004
343310.791053,0.360031,0.072739,-0.054642
343310.801319,0.377625,0.065826,0.000320
343310.812225,0.477737,0.049515,0.045700
343310.822705,0.613800,0.038406,0.069748
343310.832720,0.751862,0.020569,0.083939
343310.843461,0.863312,0.017059,0.068680
343310.853564,0.982697,0.027390,0.080078
343310.863858,1.698181,0.460266,0.724442
343310.873808,1.098358,0.393250,0.817444
343310.884989,0.544266,0.120956,2.017487
343310.895537,0.212936,-0.371811,0.834717
343310.906007,0.300110,-0.293091,0.428604
343310.916086,0.634247,-0.192932,0.195465
343310.927278,0.764252,-0.209259,0.233154
343310.938224,0.784622,-0.240906,0.289871
343310.948162,0.737656,-0.372330,0.528915
343310.959048,0.759949,-0.420395,1.178055
343310.969254,0.672379,-0.476593,1.504883
343310.980902,0.669357,-0.587997,1.127228
343310.991305,0.748550,-0.610977,0.766357
343311.002461,1.006729,-0.568207,0.919891
343311.013401,1.320663,-0.643723,1.290451
343311.023301,1.685013,-0.573120,1.346573
343311.033264,1.824524,-0.375565,0.998596
343311.043708,1.909805,-0.196274,0.529556
343311.053916,2.023056,-0.096848,0.110992
343311.064518,2.023911,-0.060104,-0.004410
343311.075204,2.023956,-0.085358,-0.055634
343311.085515,2.024216,-0.129730,-0.179626
343311.096471,2.025146,-0.165970,-0.429092
343311.107275,1.940796,-0.294815,-0.474686
343311.117341,1.158524,-0.397186,-0.143417
343311.128397,0.518921,-0.403885,0.254013
343311.138375,0.344437,-0.420334,0.509171
343311.149463,0.333923,-0.427582,0.615997
343311.159706,0.427994,-0.409164,0.529251
343311.170095,0.557404,-0.274628,0.321960
343311.181306,0.689911,-0.140701,0.083313
343311.190873,0.738190,-0.041779,-0.068680
343311.201931,0.785858,0.043243,-0.116806
343311.212827,0.814148,0.098618,-0.121140
343311.223283,0.824066,0.118347,-0.082657
343311.233702,0.784927,0.044357,0.077423
343311.245243,0.718857,-0.009995,0.071762
343311.255432,0.674026,-0.025085,0.061630
343311.266718,0.599655,-0.014084,0.030991
343311.277772,0.529556,0.022919,-0.018997
343311.288166,0.464432,0.048340,-0.081863
343311.298893,0.404144,0.068802,-0.128052
343311.309537,0.390137,0.078049,-0.101547
343311.319704,0.429825,0.091660,-0.055145
343311.330593,0.470978,0.066299,0.031097
343311.340587,0.458878,0.056824,0.051575
343311.351647,0.402008,0.052917,0.078766
343311.361669,0.375198,0.036606,0.043213
343311.372322,0.267365,-0.193710,-0.649780
343311.382695,0.597946,-0.481827,-0.368225
343311.393210,1.113968,-1.063889,0.775940
343311.403753,1.031784,-1.298538,1.137589
343311.414840,0.578094,-1.210388,1.092209
343311.425737,0.356613,-0.876785,0.947861
343311.435711,0.325348,-0.486542,0.851898
343311.446768,0.548691,-0.302536,0.836731
343311.457120,0.683853,-0.321335,0.626251
343311.468553,0.983978,-0.540482,0.536438
343311.479042,1.429718,-0.603394,0.612396
343311.489551,2.016876,-0.593704,0.574799
343311.500543,2.019791,0.378754,1.544312
343311.510548,2.010178,-0.736465,1.718414
343311.520731,2.007584,-1.542465,0.949448
343311.531530,2.009857,-1.491226,0.567291
343311.541569,2.015244,-1.018356,0.225922
343311.552061,1.571304,-0.742142,0.119370
343311.562732,0.961288,-0.472641,-0.005569
343311.573215,0.944199,-0.379822,-0.026459
343311.583799,1.068848,-0.366913,-0.063095
343311.594816,1.297134,-0.363251,-0.158218
343311.604844,1.348724,-0.322067,-0.269470
343311.616073,1.239685,-0.265045,-0.455872
343311.626423,1.081924,-0.220123,-0.671036
343311.637629,0.931152,-0.166138,-0.876266
343311.648205,0.775330,-0.129028,-1.094406
343311.658690,0.640366,-0.044540,-1.019745
343311.669737,0.321732,0.086136,-0.540283
343311.679792,0.203323,0.089539,-0.323959
343311.691007,0.141800,0.088043,-0.149628
343311.701326,0.116272,0.090958,-0.013351
343311.712567,0.112900,0.094025,0.071976
343311.722903,0.167542,0.091537,0.082977
343311.733933,0.295792,0.082443,0.082489
343311.744977,0.459824,0.072403,0.083115
343311.755015,0.596024,0.057648,0.075714
343311.766309,0.660477,0.054230,0.113251
343311.776761,0.599640,0.044357,0.130569
343311.787458,0.569565,0.026459,0.149918
343311.797942,1.525299,-0.089157,1.833572
343311.808474,1.371597,-0.291534,2.017609
343311.819481,0.792175,-0.358032,2.014557
343311.829474,0.328339,-0.460907,1.501556
343311.840894,-0.027969,-0.211685,-0.086151
343311.851298,-0.025024,-0.106476,-0.518860
343311.862687,0.688553,-0.010071,-0.851486
343311.873094,1.290466,0.156647,-1.008392
343311.883537,1.630219,0.315872,-0.868256
343311.894264,1.666824,0.384964,-0.313232
343311.904135,1.697906,0.436356,0.738953
343311.915273,1.315063,0.109894,2.020706
343311.925331,1.113113,-0.528885,2.014511
343311.935550,1.132751,-0.592590,0.746567
343311.945899,1.063553,-0.288666,-0.076187
343311.956149,1.171768,-0.175888,-0.461319
343311.966492,1.478256,-0.260315,-0.215454
343311.976472,1.955002,-0.336563,0.212708
343311.987217,2.018463,-0.305771,0.715515
343311.997088,2.017593,-0.255722,0.972961
343312.007985,2.024536,0.001602,-0.032349
343312.017714,2.026184,-0.029343,-0.420105
343312.028753,1.928558,-0.103622,-0.513367
343312.038761,1.250656,-0.140762,-0.263489
343312.050188,0.759018,-0.166122,-0.050980
343312.060693,0.499176,-0.227692,0.099411
343312.071438,0.372604,-0.284409,0.258301
343312.082298,0.320297,-0.321198,0.319580
343312.092358,0.419998,-0.334473,0.253189
343312.103396,0.462982,-0.362091,0.164841
343312.113819,0.564392,-0.391449,0.127762
343312.125068,0.532501,-0.383682,0.150253
343312.135780,0.477844,-0.366623,0.165863
343312.145800,0.411270,-0.338181,0.199158
343312.156863,0.403687,-0.307465,0.173874
343312.166765,0.388565,-0.243912,0.110565
343312.177256,0.387527,-0.153336,0.059341
343312.187431,0.387314,-0.082626,0.018723
343312.198146,0.378738,-0.042145,0.005295
343312.208599,0.396835,-0.017838,0.007538
343312.219654,0.420166,0.035400,-0.001724
343312.230490,0.447342,0.068970,-0.013092
343312.240528,0.479279,0.079849,-0.015823
343312.251559,0.499435,0.085815,-0.059830
343312.261652,0.573944,0.053665,-0.094101
343312.272122,0.648361,0.041779,-0.073257
343312.282546,0.690964,0.039795,-0.045624
343312.293260,0.718964,0.031113,-0.087753
343312.303739,0.744888,0.037842,-0.090546
343312.314564,0.758759,0.026413,-0.095490
343312.325626,0.806198,0.006729,-0.064041
343312.335665,0.846970,-0.238815,-0.051193
343312.346706,0.914062,-0.741287,-0.544632
343312.357168,1.454376,-1.761581,1.033524
343312.368403,1.110275,-2.001373,1.651031
343312.379094,0.697388,-1.770599,1.835617
343312.389945,0.436447,-0.930481,1.426498
343312.400785,0.237045,-0.784882,1.748642
343312.410988,0.826080,-0.624146,1.977173
343312.421948,1.573700,-0.379105,1.431091
343312.432069,2.012726,-0.600784,1.413483
343312.443331,1.902344,-0.735535,1.389313
343312.453580,2.011658,-1.259445,0.572159
343312.464131,2.012283,-1.508011,0.045242
343312.472449,2.016037,-1.368027,-0.499985
343312.484878,2.020889,-0.896210,-0.731476
343312.495845,1.683914,-0.510452,-0.568817
343312.506267,1.318588,-0.346970,-0.661240
343312.517353,1.098892,-0.256561,-0.742889
343312.527701,0.904495,-0.203552,-0.773682
343312.537847,0.774460,-0.156067,-0.752258
343312.548863,0.514557,-0.030502,-0.696426
343312.559121,0.472839,0.025009,-0.416550
343312.569820,0.423218,0.032623,-0.223450
343312.579931,0.418686,0.038284,-0.101761
343312.591068,0.407410,0.036346,-0.037079
343312.601222,0.373337,0.028976,0.007828
343312.612036,0.336319,0.026566,0.041977
343312.622842,0.292465,0.030014,0.066345
343312.632788,0.248535,0.025497,0.092590
343312.643832,0.234482,0.018005,0.108170
343312.653855,0.231461,0.014923,0.109131
343312.665128,0.289398,0.118469,0.022934
343312.675581,0.164124,0.107208,0.197891
343312.687960,0.110168,0.020370,0.308777
343312.696736,0.103455,-0.054398,0.342453
343312.707818,0.107025,-0.077545,0.390335
343312.718865,0.167633,-0.083694,0.392502
343312.728703,0.281174,-0.074310,0.380325
343312.739947,0.470505,0.021591,0.461395
343312.750320,0.646042,0.211899,0.676636
343312.761530,0.641068,0.607925,1.517700
343312.771972,1.032471,0.858276,2.025726
343312.781865,1.255371,0.259216,1.649887
343312.792816,0.906799,-0.574921,1.006714
343312.802724,1.055176,-0.876617,0.689941
343312.813730,1.339981,-1.158417,0.579910
343312.823839,1.480484,-1.479568,0.621017
343312.834569,1.396317,-1.456802,0.782700
343312.844961,1.413193,-1.172592,1.048050
343312.855712,1.841309,-0.804398,1.150101
343312.866534,2.015457,-0.474503,1.058426
343312.877013,2.018417,-0.223862,0.852570
343312.887998,2.022430,0.018036,0.423920
343312.897910,2.023026,-0.070572,0.160278
343312.907602,2.010437,-0.125931,-0.205154
343312.919399,1.721252,-0.114304,-0.446655
343312.930132,1.423203,-0.041336,-0.606262
343312.940548,1.141205,-0.011475,-0.660217
343312.951233,0.760681,0.024307,-0.491821
343312.962296,0.569748,0.029648,-0.290527
343312.972203,0.533722,-0.027344,-0.134186
343312.983580,0.671097,-0.193787,-0.018250
343312.993980,1.079727,-0.272049,0.099609
343313.005976,1.100037,-0.353531,0.087219
343313.016108,0.936615,-0.411514,0.055618
343313.026772,0.731735,-0.434921,0.008438
343313.037049,0.558838,-0.423996,-0.007889
343313.047661,0.435593,-0.400040,0.008453
343313.058509,0.316330,-0.376984,0.027740
343313.068809,0.203201,-0.342636,0.026550
343313.079601,0.100037,-0.316788,0.007690
343313.089926,0.014740,-0.287582,0.006592
343313.100411,-0.062897,-0.232391,0.109711
343313.111427,-0.041992,-0.196655,0.164047
343313.121458,0.071381,-0.177704,0.190216
343313.132616,0.277115,-0.188690,0.210632
343313.142872,0.524368,-0.225296,0.238861
343313.153752,0.651184,-0.293854,0.028885
343313.164207,0.668472,-0.536575,-0.645050
343313.175201,0.957489,-0.691925,-0.394913
343313.185734,1.044983,-0.854172,-0.038803
343313.196226,1.268219,-0.978439,0.492798
343313.206692,1.209991,-0.350739,2.016418
343313.216600,1.142303,0.403915,2.022415
343313.228564,0.516937,0.441040,2.020020
343313.238432,0.147446,0.131699,0.800354
343313.249113,0.274841,-0.020447,0.739807
343313.259888,1.000458,-0.352615,0.518463
343313.270191,1.968277,-0.762695,0.067932
343313.280900,2.015884,-1.143936,-0.107666
343313.291013,2.012772,-1.608505,-0.217499
343313.302205,2.015167,-1.519958,-0.565994
343313.312602,2.015121,-1.110275,0.101532
343313.323543,1.620468,-0.596527,0.060959
343313.333657,0.970276,-0.315277,0.036942
343313.343781,0.688202,-0.120758,0.062866
343313.354742,0.518661,-0.030899,0.091339
343313.364863,0.449570,0.027588,0.075836
343313.375960,0.423203,0.057999,0.025940
343313.386022,0.434555,0.079605,-0.025803
343313.396715,0.488556,0.094437,-0.062729
343313.407176,0.592178,0.102600,-0.081833
343313.418466,0.721344,0.068024,-0.108047
343313.429069,0.756989,0.094040,-0.234238
343313.438995,0.694473,0.135422,-0.196869
343313.450172,0.606094,0.243454,-0.059006
343313.460437,0.398743,0.265839,0.072678
343313.471861,0.255432,0.198212,0.178452
343313.482193,0.090729,0.230423,0.555679
343313.492676,0.067474,0.226120,0.625214
343313.503483,0.201965,0.172806,0.499771
343313.513547,0.362503,0.138229,0.359879
343313.524009,0.463837,0.090195,0.308899
343313.533914,0.524033,0.021729,0.298782
343313.547089,0.537201,-0.149994,0.381790
343313.566924,0.688141,-0.201660,0.345718
343313.575917,0.822144,-0.201294,0.408081
343313.587171,0.933334,-0.182892,0.482300
343313.598029,1.036880,-0.126053,0.553848
343313.608457,1.102509,-0.025696,0.513779
343313.619054,1.166977,0.093719,0.546448
343313.629410,1.192032,0.175873,0.841537
343313.640329,1.234497,0.144348,1.058243
343313.650664,1.397217,0.028305,0.953995
343313.661174,1.671524,-0.155457,0.502396
343313.671927,1.646805,-0.201736,0.396912
343313.683121,1.645126,-0.177795,0.373581
343313.693894,1.668381,-0.112991,0.398727
343313.704205,1.865204,-0.015884,0.379807
343313.715101,2.023163,0.059418,0.340881
343313.725258,2.024109,0.147125,0.287659
343313.735888,2.024628,0.206650,0.277359
343313.746633,2.024902,0.189636,0.193848
343313.756764,1.822220,0.171539,0.116287
343313.767616,1.288498,0.052597,0.036484
343313.777671,1.070267,-0.039276,-0.034851
343313.788912,0.857620,-0.126007,-0.217957
343313.799202,0.574478,-0.161789,-0.348984
343313.810082,0.380310,-0.188339,-0.345154
343313.820588,0.377426,-0.219345,-0.217880
343313.831883,0.401077,-0.254227,-0.226883
343313.842236,0.436523,-0.287109,-0.409485
343313.852308,0.385910,-0.342026,-0.519058
343313.863538,0.464386,-0.395523,-0.377899
343313.873678,0.460999,-0.354370,-0.028320
343313.884548,0.289886,-0.311584,0.047775
343313.894977,0.235474,-0.242325,0.097168
343313.905995,0.168198,-0.185059,0.115997
343313.916968,0.203217,-0.154358,0.120331
343313.926967,0.360397,-0.140045,0.141739
343313.938844,0.502594,-0.131149,0.166931
343313.948616,0.554291,-0.118912,0.185898
343313.958897,0.585342,-0.101074,0.176392
343313.969528,0.550980,-0.061203,0.149094
343313.980516,0.360275,-0.303528,-1.317413
343313.991298,0.703796,-0.687653,-0.586304
343314.001359,0.955383,-0.631653,-0.069717
343314.012491,0.984451,-0.567871,0.187927
