25270.486262,0.649612,-2.019440,-0.405426
25270.494897,0.649612,-2.019440,-0.405426
25270.504936,0.511948,-2.020340,-0.590576
25270.515109,0.036469,-1.440887,-0.522415
25270.525023,-0.038147,-0.743362,-0.253036
25270.535331,0.016296,-0.431396,-0.232758
25270.545110,0.036545,-0.325012,-0.232224
25270.555592,-0.071320,-0.366974,-0.157928
25270.565263,-0.172241,-0.547058,-0.152145
25270.575235,-0.147217,-0.747971,-0.001129
25270.585556,0.011414,-1.033844,0.006439
25270.595350,0.128555,-1.318665,-0.086929
25270.605507,0.222595,-1.511246,-0.240204
25270.616071,0.274307,-1.545425,-0.330551
25270.625724,0.280136,-1.198547,-0.313110
25270.635974,0.199707,-0.967529,-0.236923
25270.646459,-0.025238,-0.790985,-0.216141
25270.656129,-0.023270,-0.719513,-0.224960
25270.666129,-0.126724,-0.701355,-0.228851
25270.675976,-0.127060,-0.707443,-0.213989
25270.686267,-0.167908,-0.702255,-0.198883
25270.696151,-0.131989,-0.691940,-0.175369
25270.706502,-0.061203,-0.697723,-0.175034
25270.716851,0.098022,-0.707291,-0.269257
25270.726379,0.169006,-0.708481,-0.356232
25270.736964,0.182434,-0.703491,-0.332153
25270.747199,0.109238,-0.693130,-0.283920
25270.757119,0.012070,-0.699600,-0.294693
25270.767206,-0.060196,-0.707855,-0.279205
25270.777093,-0.136566,-0.735764,-0.290619
25270.787425,-0.219177,-0.813400,-0.294266
25270.797234,-0.251221,-0.916168,-0.274155
25270.807143,-0.245346,-0.992340,-0.281082
25270.817197,-0.207275,-1.061081,-0.282455
25270.827573,-0.088928,-1.126205,-0.325958
25270.837508,-0.022858,-1.147583,-0.373337
25270.848618,-0.016937,-1.156219,-0.400024
25270.857632,-0.039200,-1.204941,-0.427292
25270.867848,-0.029434,-1.310913,-0.417343
25270.878168,0.008011,-1.457291,-0.376129
25270.888359,0.054413,-1.606354,-0.353638
25270.898338,0.127670,-1.705215,-0.357330
25270.908192,0.166672,-1.757797,-0.400314
25270.918586,0.125488,-1.787949,-0.433884
25270.928511,-0.003983,-1.793137,-0.423431
25270.938881,-0.157257,-1.767746,-0.306229
25270.949010,-0.208496,-1.701096,-0.184097
25270.959565,0.018448,-1.612961,-0.208466
25270.969228,0.320099,-1.531525,-0.232422
25270.979380,0.530258,-1.495575,-0.340515
25270.989489,0.698563,-1.389328,-0.532654
25270.999244,0.599075,-1.236038,-0.573013
25271.009633,0.270523,-1.091370,-0.491730
25271.019685,0.011459,-0.966354,-0.413116
25271.030198,-0.139343,-0.906296,-0.424835
25271.039998,-0.245346,-1.054642,-0.571884
25271.050798,-0.240479,-1.251038,-0.672256
25271.060271,-0.101822,-1.417770,-0.602386
25271.070569,0.160004,-1.398361,-0.366241
25271.080551,0.484009,-1.127808,0.090652
25271.090310,0.688919,-0.858749,0.349884
25271.100757,0.562012,-0.757156,0.536133
25271.110770,0.249420,-0.711105,0.453888
25271.120934,0.088531,-0.796661,0.001282
25271.131088,0.038528,-1.083908,-0.811630
25271.142262,0.175797,-1.347107,-0.836182
25271.151438,0.454773,-1.166046,-0.301819
25271.161300,0.332321,-0.395706,-0.338852
25271.171626,0.225449,-0.282898,-0.417114
25271.181397,0.071686,-0.615692,-0.386734
25271.191858,-0.095474,-0.806366,-0.304825
25271.201599,-0.176926,-0.701019,-0.254608
25271.212120,-0.137894,-0.453247,-0.300171
25271.222206,-0.081436,-0.294220,-0.370346
25271.233302,0.108276,-0.449448,-0.403671
25271.242399,0.127304,-0.454819,-0.303116
25271.252102,0.188629,-0.379974,-0.234390
25271.262569,0.276260,-0.303162,-0.244537
25271.272498,0.350098,-0.243225,-0.278778
25271.282783,0.354401,-0.256577,-0.340240
25271.292558,0.236694,-0.236526,-0.364258
25271.302984,0.091232,-0.220154,-0.352097
25271.313225,-0.025848,-0.181198,-0.387009
25271.323969,-0.061630,-0.089584,-0.523499
25271.333556,-0.070114,-0.070297,-0.743881
25271.343590,-0.097824,-0.187561,-1.031296
25271.353671,-0.178482,-0.407669,-1.336716
25271.363927,-0.256180,-0.627853,-1.488312
25271.374025,-0.302628,-0.729370,-1.401016
25271.383765,-0.208221,-0.694336,-1.099548
25271.394111,-0.022354,-0.540817,-0.400314
25271.404324,0.345108,-0.671570,-0.537415
25271.414814,0.671249,-1.261337,-1.289062
25271.424342,0.573624,-1.861298,-1.328384
25271.434475,0.295410,-2.022598,-0.765350
25271.444285,0.692032,-2.016068,-0.770721
25271.454301,0.553116,-2.019440,-0.619568
25271.464282,0.247421,-1.132385,-0.356308
25271.474609,0.232224,-0.539978,-0.082947
25271.485623,0.222595,-0.279358,-0.095703
25271.495483,0.149063,-0.194702,-0.181320
25271.505932,0.013840,-0.219025,-0.139236
25271.515743,-0.117920,-0.350143,-0.124054
25271.526803,-0.160645,-0.537170,-0.125107
25271.536025,-0.055618,-0.869064,-0.041214
25271.546157,0.089340,-1.323410,-0.068832
25271.556200,0.140594,-1.759857,-0.177582
25271.565961,0.107666,-1.920151,-0.288544
25271.576419,0.118347,-1.757065,-0.338699
25271.586178,0.122208,-1.322250,-0.291443
25271.596620,0.098740,-0.908035,-0.196106
25271.606753,0.107254,-0.653763,-0.116226
25271.617739,0.086121,-0.552124,-0.239532
25271.627061,0.039581,-0.548889,-0.240402
25271.636979,-0.001480,-0.600647,-0.168823
25271.647233,-0.050934,-0.684113,-0.113297
25271.657127,-0.103653,-0.750122,-0.152084
25271.667492,-0.119186,-0.815353,-0.211990
25271.677274,-0.082504,-0.852966,-0.271881
25271.687709,-0.005524,-0.878906,-0.346863
25271.697902,0.077805,-0.872223,-0.395889
25271.708820,0.072495,-0.831009,-0.351257
25271.718232,0.058838,-0.786774,-0.332611
25271.728079,0.012375,-0.761459,-0.372162
25271.738512,-0.035492,-0.759491,-0.344284
25271.748462,-0.033081,-0.805237,-0.319489
25271.758795,-0.090988,-0.871887,-0.412964
25271.768607,-0.095291,-0.969193,-0.266327
25271.778986,-0.024963,-1.063385,-0.100418
25271.789150,-0.037659,-1.140335,-0.178146
25271.799934,-0.067612,-1.185623,-0.287918
25271.809466,-0.070038,-1.176987,-0.389145
25271.819556,-0.061081,-1.219254,-0.417816
25271.829778,-0.054001,-1.333908,-0.443619
25271.839875,-0.025208,-1.439240,-0.478943
25271.849958,-0.038177,-1.518845,-0.461411
25271.859720,-0.053223,-1.610321,-0.456879
25271.870156,-0.063782,-1.696487,-0.489929
25271.880306,-0.154175,-1.746338,-0.514511
25271.890783,-0.267395,-1.749466,-0.476974
25271.900597,-0.286819,-1.709198,-0.472305
25271.911170,-0.182541,-1.701462,-0.481247
25271.920465,0.073578,-1.661026,-0.288834
25271.930307,0.441269,-1.558197,-0.107132
25271.940671,0.721329,-1.409561,-0.290176
25271.950718,0.776871,-1.198990,-0.496201
25271.961207,0.489243,-0.985123,-0.434891
25271.970923,0.129898,-0.813843,-0.401749
25271.981344,-0.151917,-0.866669,-0.585754
25271.991507,-0.302078,-1.171326,-0.867798
25272.002346,-0.186218,-1.410110,-0.757767
25272.011644,-0.105499,-1.436829,-0.582642
25272.021555,0.085953,-1.275391,-0.406174
25272.031724,0.263458,-1.110519,-0.192245
25272.041553,0.356064,-1.039719,0.092331
25272.051913,0.436981,-0.936768,0.288467
25272.061767,0.357025,-0.846146,0.186844
25272.072078,0.158752,-0.893127,-0.067932
25272.082242,0.137161,-0.998032,-0.270905
25272.093426,0.209686,-1.081207,-0.660568
25272.102434,0.394547,-0.799423,-0.560455
25272.112584,0.567764,-0.483398,-0.153931
25272.122783,0.348816,-0.641098,-0.219788
25272.132939,0.092850,-0.838898,-0.444168
25272.142991,-0.084290,-0.852127,-0.522949
25272.152743,-0.146255,-0.740021,-0.542816
25272.163190,-0.113083,-0.528656,-0.503204
25272.173368,0.035019,-0.470383,-0.416992
25272.184032,0.061432,-0.438614,-0.363876
25272.193640,0.142349,-0.458801,-0.269089
25272.204076,0.202667,-0.297943,-0.174484
25272.213674,0.311600,-0.249680,-0.160446
25272.223983,0.361572,-0.288208,-0.199249
25272.233996,0.366531,-0.311508,-0.255737
25272.243716,0.282242,-0.307831,-0.267273
25272.254109,0.159912,-0.276001,-0.286407
25272.264186,0.059525,-0.229248,-0.400330
25272.274254,0.045334,-0.161560,-0.606888
25272.284502,0.068466,-0.065704,-0.786896
25272.295612,0.026047,-0.035767,-0.910721
25272.304801,-0.093964,-0.134644,-1.075821
25272.315205,-0.228226,-0.335770,-1.249283
25272.325184,-0.335327,-0.489273,-1.236618
25272.334941,-0.228516,-0.561508,-1.146378
25272.345365,0.007111,-0.471085,-0.519714
25272.355285,0.404648,-0.618927,-0.688019
25272.365546,0.777756,-1.293015,-1.326767
25272.375716,0.487961,-1.958603,-1.360901
25272.386459,0.536926,-2.017227,-0.960190
25272.395972,0.633667,-2.017624,-0.688477
25272.406140,0.303543,-1.846008,-0.498047
25272.416285,0.125793,-0.912003,-0.271988
25272.426078,0.153625,-0.430511,-0.179565
25272.435962,0.144012,-0.254028,-0.212234
25272.446620,0.065826,-0.212463,-0.243439
25272.456227,-0.099167,-0.301254,-0.125626
25272.466770,-0.203522,-0.474289,-0.142700
25272.477797,-0.156326,-0.718307,-0.146103
25272.486749,0.013062,-1.073029,-0.052078
25272.496909,0.184937,-1.496277,-0.069244
25272.507342,0.261993,-1.838531,-0.260696
25272.517362,0.235214,-1.883591,-0.392242
25272.527671,0.149353,-1.629379,-0.379639
25272.537389,0.152176,-1.215683,-0.291748
25272.547807,0.122284,-0.866913,-0.208496
25272.557961,0.089218,-0.704163,-0.177170
25272.568806,0.016693,-0.669418,-0.211212
25272.578273,-0.033707,-0.668213,-0.217148
25272.588433,-0.071533,-0.683029,-0.173233
25272.598452,-0.118378,-0.712784,-0.140427
25272.608690,-0.128448,-0.744370,-0.178345
25272.618769,-0.102631,-0.780334,-0.219574
25272.628531,-0.006439,-0.797287,-0.259460
25272.638957,0.108505,-0.807953,-0.306915
25272.649163,0.170258,-0.808594,-0.352386
25272.659596,0.179810,-0.766937,-0.333298
25272.669478,0.156601,-0.702286,-0.282043
25272.680092,0.089264,-0.694595,-0.400391
25272.689100,0.017441,-0.730453,-0.401779
25272.699224,-0.049118,-0.833496,-0.418060
25272.709236,-0.136017,-0.952606,-0.317657
25272.719206,-0.198593,-1.056686,-0.187042
25272.729275,-0.109390,-1.107651,-0.200302
25272.739337,-0.003998,-1.124191,-0.276703
25272.749409,0.025589,-1.155670,-0.380356
25272.759423,-0.012878,-1.182419,-0.468445
25272.770280,-0.053284,-1.186737,-0.508896
25272.779526,-0.133347,-1.202911,-0.510437
25272.789549,-0.156418,-1.240784,-0.532745
25272.799627,-0.122330,-1.315506,-0.539154
25272.809582,-0.066116,-1.411072,-0.491577
25272.819678,-0.000397,-1.495285,-0.484482
25272.829735,0.013596,-1.567215,-0.510117
25272.839784,-0.064957,-1.609589,-0.449142
25272.849843,-0.122650,-1.626526,-0.295502
25272.860611,-0.070633,-1.632370,-0.190323
25272.870612,0.176910,-1.594162,-0.256042
25272.881420,0.480225,-1.536102,-0.466522
25272.890852,0.723648,-1.451096,-0.568970
25272.901180,0.739029,-1.317459,-0.510956
25272.911157,0.455276,-1.088867,-0.420776
25272.920978,0.203644,-1.019165,-0.351013
25272.930864,0.020706,-1.064255,-0.423996
25272.940883,-0.075943,-1.273758,-0.588821
25272.951219,-0.145432,-1.473221,-0.573532
25272.960964,-0.100708,-1.489655,-0.529053
25272.972292,0.097412,-1.384415,-0.382278
25272.981499,0.224899,-1.178085,-0.120651
25272.991381,0.357803,-0.989258,0.376190
25273.001859,0.372192,-0.848251,0.372681
25273.011724,0.165695,-0.832031,0.130676
25273.022018,0.167984,-0.907898,-0.057877
25273.031790,0.208496,-0.999771,-0.549347
25273.042209,0.211029,-1.131729,-0.797516
25273.052366,0.495438,-0.680771,-0.297455
25273.063200,0.440277,-0.264084,-0.067749
25273.072666,0.270447,-0.498367,-0.262756
25273.082777,0.081573,-0.718658,-0.379730
25273.093011,-0.089355,-0.761017,-0.392929
25273.103017,-0.180588,-0.652359,-0.408417
25273.113376,-0.027130,-0.555496,-0.437134
25273.123104,0.011902,-0.537155,-0.414536
25273.133571,0.031845,-0.465698,-0.386292
25273.143660,0.053970,-0.320282,-0.297379
25273.154402,0.175476,-0.323746,-0.230591
25273.163908,0.270325,-0.381561,-0.242767
25273.174344,0.352142,-0.404526,-0.309692
25273.184141,0.330719,-0.375031,-0.321991
25273.194255,0.237534,-0.319305,-0.291916
25273.204400,0.113266,-0.241058,-0.291199
25273.214152,0.087265,-0.206039,-0.395813
25273.224504,0.154434,-0.138168,-0.580994
25273.234742,0.174576,-0.095261,-0.709534
25273.245097,0.084610,-0.173599,-0.904816
25273.255028,-0.053970,-0.370987,-1.193436
25273.265778,-0.233383,-0.624451,-1.358887
25273.275270,-0.290466,-0.748169,-1.242050
25273.285327,-0.175888,-0.673904,-0.839951
25273.295446,0.207886,-0.617279,-0.404984
25273.305253,0.631592,-0.920868,-0.499573
25273.315677,0.696823,-1.463287,-1.265015
25273.325509,0.601028,-2.012741,-1.428284
25273.335803,0.626831,-2.012589,-1.392059
25273.346072,0.538422,-2.020340,-0.531555
25273.356776,0.315155,-1.525635,-0.372406
25273.366486,0.121536,-0.910324,-0.239319
25273.376216,0.053268,-0.550583,-0.250076
25273.386523,0.062500,-0.341736,-0.326019
25273.396309,0.026627,-0.251343,-0.298782
25273.406768,-0.039688,-0.248260,-0.190903
25273.416559,-0.124161,-0.351852,-0.174774
25273.426484,-0.096695,-0.559662,-0.158661
25273.436587,0.055740,-0.906509,-0.091751
25273.448220,0.185333,-1.309128,-0.181091
25273.456745,0.232407,-1.612732,-0.302643
25273.467444,0.235489,-1.652176,-0.323456
25273.477292,0.173065,-1.427368,-0.302551
25273.487459,0.105057,-1.151184,-0.273697
25273.497540,0.002106,-0.855026,-0.204819
25273.507277,-0.050369,-0.670105,-0.131134
25273.517732,-0.055923,-0.586929,-0.135101
25273.527872,-0.038452,-0.567520,-0.171463
25273.538377,-0.043594,-0.642120,-0.147827
25273.548178,-0.073120,-0.763611,-0.134674
25273.558801,-0.128998,-0.834686,-0.165573
25273.568356,-0.091370,-0.890442,-0.182816
25273.578688,-0.037231,-0.922897,-0.229431
25273.588687,0.070557,-0.953400,-0.291931
25273.598420,0.233582,-0.961014,-0.373215
25273.608828,0.276764,-0.945435,-0.374359
25273.618862,0.250412,-0.889740,-0.327148
25273.629385,0.163651,-0.845825,-0.289062
25273.639198,0.079803,-0.798965,-0.244934
25273.650232,0.014252,-0.784103,-0.254074
25273.659475,-0.006073,-0.824005,-0.265442
25273.669412,-0.055222,-0.902802,-0.305161
25273.679679,-0.098480,-0.995178,-0.378525
25273.689450,-0.164307,-1.112946,-0.411682
25273.699930,-0.149887,-1.194565,-0.331161
25273.709654,-0.089554,-1.223969,-0.242737
25273.720133,0.001617,-1.212250,-0.287628
25273.730242,-0.013275,-1.187134,-0.366257
25273.741457,-0.080688,-1.235291,-0.436050
25273.750421,-0.112686,-1.291977,-0.481369
25273.760188,-0.063873,-1.362442,-0.492462
25273.770715,0.048767,-1.429153,-0.470581
25273.780612,0.169403,-1.515106,-0.509079
25273.790915,0.188370,-1.609344,-0.591202
25273.800653,0.065567,-1.682983,-0.555923
25273.811080,-0.121643,-1.724274,-0.345184
25273.821249,-0.183456,-1.660217,-0.160736
25273.832065,0.086761,-1.537521,-0.071152
25273.841558,0.403061,-1.419113,-0.104706
25273.851626,0.648239,-1.304138,-0.368790
25273.861737,0.718887,-1.221634,-0.649139
25273.871782,0.487350,-1.168777,-0.669312
25273.881938,0.238327,-1.111496,-0.524124
25273.891687,0.083496,-1.043930,-0.350357
25273.902125,-0.069412,-1.105194,-0.446579
25273.912274,-0.163956,-1.256393,-0.584503
25273.922361,-0.112534,-1.384354,-0.452728
25273.931981,-0.130203,-1.384369,-0.356827
25273.942764,-0.093597,-1.263504,0.004166
25273.952346,0.152847,-1.160385,0.008957
25273.962821,0.304169,-1.055634,0.252060
25273.972863,0.316467,-0.972153,-0.021423
25273.983153,0.208954,-0.989532,-0.325089
25273.993211,0.128036,-1.138931,-0.539139
25274.003035,0.336792,-1.215103,-0.770432
25274.013240,0.408142,-1.256775,-0.336563
25274.023421,0.594315,-0.355347,0.014389
25274.034371,0.298630,-0.190948,-0.087189
25274.043679,0.169144,-0.584671,-0.344162
25274.053636,0.162964,-0.889999,-0.486557
25274.063910,-0.073410,-0.869995,-0.496948
25274.073750,-0.177353,-0.662872,-0.455994
25274.084138,0.070465,-0.525330,-0.412430
25274.093961,0.024857,-0.480164,-0.319962
25274.104461,0.080429,-0.376511,-0.276108
25274.114506,0.153000,-0.351135,-0.196320
25274.125337,0.235535,-0.268616,-0.179779
25274.134743,0.297745,-0.169266,-0.208237
25274.144548,0.335129,-0.292099,-0.269196
25274.154995,0.233597,-0.333084,-0.314850
25274.165010,0.101807,-0.331085,-0.340149
25274.175328,0.030533,-0.292252,-0.388062
25274.185058,0.022095,-0.179626,-0.493256
25274.195479,0.043716,-0.095856,-0.652466
25274.205531,0.038818,-0.120148,-0.861954
25274.216507,-0.059799,-0.232346,-1.057449
25274.225958,-0.222733,-0.376480,-1.228394
25274.236174,-0.380264,-0.525284,-1.292084
25274.246209,-0.412308,-0.596405,-1.126099
25274.256386,-0.138397,-0.488281,-0.253601
25274.266497,0.576035,-0.690857,-0.635254
25274.276228,0.890579,-1.390274,-1.463669
25274.286658,0.628067,-1.894485,-1.004944
25274.294735,0.544937,-1.982971,-0.746674
25274.307214,0.428513,-1.783707,-0.336868
25274.317046,0.179916,-1.161636,-0.301056
25274.327740,0.078156,-0.778137,-0.383835
25274.337209,0.090271,-0.567505,-0.294052
25274.347504,0.109375,-0.485641,-0.331253
25274.357398,0.080658,-0.530914,-0.303116
25274.367238,-0.015686,-0.653961,-0.229675
25274.377686,-0.047943,-0.829224,-0.187851
25274.387658,0.061340,-1.040451,-0.197968
25274.397899,0.233109,-1.338104,-0.177261
25274.408045,0.293900,-1.595520,-0.212173
25274.419142,0.267136,-1.691528,-0.293152
25274.428147,0.202515,-1.581253,-0.335922
25274.437903,0.157608,-1.358093,-0.322556
25274.448561,0.138885,-1.098831,-0.308716
25274.458267,0.092529,-0.880844,-0.266617
25274.468728,0.082428,-0.759491,-0.217041
25274.478447,0.076630,-0.718979,-0.212143
25274.488968,0.063370,-0.737122,-0.198532
25274.499042,0.073196,-0.798553,-0.179581
25274.509888,0.052032,-0.858490,-0.165176
25274.519349,0.016617,-0.910645,-0.157959
25274.529019,-0.001541,-0.911713,-0.187088
25274.539453,0.023514,-0.867340,-0.236160
25274.549412,0.096405,-0.810349,-0.276382
25274.559756,0.180862,-0.750290,-0.303497
25274.569551,0.255081,-0.697556,-0.301010
25274.579947,0.199539,-0.655029,-0.278183
25274.590123,0.137115,-0.631210,-0.287292
25274.600960,0.066422,-0.647415,-0.259857
25274.610428,0.034943,-0.655975,-0.245590
25274.620466,-0.024963,-0.685638,-0.253708
25274.630605,-0.044876,-0.707733,-0.261063
25274.640751,-0.044052,-0.725754,-0.367218
25274.650822,-0.003403,-0.756409,-0.422058
25274.660596,-0.047836,-0.837753,-0.374405
25274.671020,-0.099564,-0.948380,-0.271332
25274.681169,-0.063461,-1.051514,-0.183472
25274.691681,-0.041580,-1.136124,-0.085953
25274.701437,0.012375,-1.174377,-0.292343
25274.712189,-0.015289,-1.224106,-0.598511
25274.721639,-0.044937,-1.301590,-0.639862
25274.731947,-0.035889,-1.320557,-0.467072
25274.741934,0.043579,-1.339081,-0.333618
25274.751665,0.174179,-1.403839,-0.264771
25274.762173,0.333298,-1.513412,-0.241074
25274.771967,0.440048,-1.624161,-0.307648
25274.782336,0.392166,-1.672516,-0.306656
25274.792511,0.259262,-1.734833,-0.216965
25274.803687,0.085556,-1.727936,-0.057526
25274.812803,-0.084946,-1.555374,-0.047623
25274.823000,-0.011337,-1.369293,-0.116425
25274.833153,0.249222,-1.240707,-0.176834
25274.842782,0.438644,-1.240433,-0.332993
25274.853221,0.514221,-1.258835,-0.355392
25274.863010,0.441742,-1.221161,-0.386475
25274.873464,0.235519,-1.181503,-0.441925
25274.883628,-0.020218,-1.130539,-0.394089
25274.894800,-0.203506,-1.067535,-0.205994
25274.903845,-0.302856,-1.002747,-0.207779
25274.913540,-0.330841,-1.000153,-0.217239
25274.923706,-0.208481,-1.044083,-0.306259
25274.933549,0.021835,-1.083832,-0.317841
25274.944223,0.192123,-1.099075,-0.291809
25274.954571,0.296341,-1.073990,-0.100311
25274.964513,0.404465,-0.982452,0.229248
25274.974182,0.376999,-0.886841,0.374695
25274.985167,0.213196,-0.825470,0.154404
25274.994615,0.051453,-0.807297,0.151367
25275.005176,-0.073471,-0.871979,-0.496964
25275.014810,-0.153442,-0.997162,-0.498627
25275.025098,-0.094482,-1.141190,-0.459015
25275.035096,-0.018799,-1.188019,-0.393158
25275.044824,-0.056854,-1.121246,-0.393784
25275.055229,-0.008774,-1.069183,-0.088196
25275.065379,0.040543,-1.027527,0.020889
25275.075755,0.124603,-0.929474,-0.052780
25275.085682,0.212814,-0.814026,-0.189850
25275.096576,0.223282,-0.707275,-0.263931
25275.106001,0.147919,-0.690643,-0.264343
25275.116327,0.097824,-0.709366,-0.257370
25275.126312,0.102264,-0.643982,-0.244308
25275.136078,0.137939,-0.559464,-0.202835
25275.146380,0.207748,-0.512939,-0.171692
25275.156199,0.233047,-0.542389,-0.156357
25275.166256,0.210739,-0.546600,-0.170685
25275.176185,0.174774,-0.526138,-0.204086
25275.186837,0.134552,-0.479996,-0.233566
25275.196234,0.081375,-0.437180,-0.244415
25275.206314,0.059616,-0.412796,-0.239853
25275.216319,0.040329,-0.417892,-0.262039
25275.226294,0.013153,-0.413437,-0.255615
25275.236416,-0.019836,-0.384109,-0.273071
25275.246475,-0.031235,-0.370880,-0.347687
25275.256525,-0.070084,-0.354324,-0.392044
25275.266671,-0.101486,-0.336884,-0.409470
25275.277495,-0.084885,-0.339493,-0.422058
25275.287288,-0.048035,-0.376022,-0.493835
25275.297988,-0.006195,-0.488708,-0.578537
25275.307496,0.088303,-0.636673,-0.597778
25275.317621,0.098618,-0.712814,-0.730621
25275.327700,0.121277,-0.745483,-0.825500
25275.337486,0.152496,-0.843475,-1.042328
25275.347919,0.182037,-1.078293,-1.256378
25275.357921,0.183517,-1.468246,-1.328308
25275.368141,0.214020,-1.862839,-1.240936
25275.378271,0.389862,-1.850830,-1.136398
25275.389456,0.574005,-1.577866,-0.916260
25275.398711,0.695587,-1.490921,-0.743179
25275.408854,0.810242,-1.744980,-0.167862
25275.418637,1.038910,-2.019089,0.417480
25275.427222,0.674332,-2.026245,0.582245
25275.438569,0.092606,-1.610764,-0.069153
25275.448984,-0.234848,-1.017822,-0.158890
25275.458936,-0.391403,-0.501907,0.229721
25275.469005,-0.428879,-0.208389,0.261139
25275.480083,-0.435944,-0.306427,0.234085
25275.489448,-0.533737,-0.494095,0.605072
25275.499205,-0.334259,-0.926651,0.698547
25275.509688,0.005997,-1.403580,0.543610
25275.519388,0.355621,-1.684738,0.195663
25275.529842,0.514603,-1.671677,-0.147568
25275.539587,0.574966,-1.446838,-0.398148
25275.549908,0.491577,-1.103683,-0.479645
25275.560158,0.474976,-0.873734,-0.382416
25275.570897,0.406342,-0.846329,-0.353912
25275.580520,0.235168,-0.837479,-0.320419
25275.590900,0.091599,-0.807465,-0.274475
25275.600696,0.009903,-0.767853,-0.182709
25275.610817,0.025177,-0.737518,-0.096069
25275.620964,0.057755,-0.731384,-0.044846
25275.630723,0.066437,-0.791962,-0.010025
25275.641154,0.096634,-0.871658,-0.025452
25275.651387,0.153183,-0.954727,-0.059204
25275.661878,0.238556,-1.002792,-0.071533
25275.671699,0.311859,-0.972473,-0.121704
25275.682436,0.341370,-0.900375,-0.158768
25275.691880,0.372192,-0.860397,-0.133316
25275.702174,0.394531,-0.859665,-0.049561
25275.712163,0.391296,-0.879028,0.014816
25275.722000,0.388428,-0.891327,0.065369
25275.732359,0.328522,-0.880951,0.138641
25275.742171,0.237167,-0.881073,0.221252
25275.752599,0.211304,-0.911697,0.286224
25275.762726,0.282593,-0.956772,0.239868
25275.773937,0.339645,-0.998383,0.093063
25275.783152,0.374817,-1.040054,-0.090851
25275.793206,0.373688,-1.068878,-0.217911
25275.803226,0.343719,-1.129379,-0.281052
25275.813046,0.248886,-1.191376,-0.282928
25275.823415,0.088181,-1.214294,-0.220505
25275.833349,0.013123,-1.238663,-0.172363
25275.843727,0.019913,-1.293793,-0.208008
25275.853891,0.023438,-1.376495,-0.274521
25275.865055,0.021179,-1.393723,-0.363892
25275.874078,-0.004242,-1.371613,-0.462570
25275.883793,-0.067993,-1.352341,-0.529221
25275.894259,-0.176819,-1.321304,-0.544174
25275.904145,-0.301117,-1.290115,-0.481979
25275.914398,-0.419754,-1.388092,-0.362305
25275.924266,-0.513245,-1.437317,-0.209335
25275.934119,-0.528275,-1.283447,-0.004089
25275.944650,-0.517120,-1.137390,0.107437
25275.955492,-0.465515,-1.081680,0.058899
25275.964803,-0.306778,-1.176270,0.065735
25275.975395,-0.010483,-1.435669,0.151352
25275.985258,0.232224,-1.634415,0.224121
25275.995107,0.489197,-1.773804,0.205994
25276.005161,0.772507,-1.843216,0.169601
25276.014909,0.982040,-1.915756,0.122864
25276.025328,1.053741,-1.917633,0.132141
25276.035486,0.984512,-1.803970,0.155792
25276.045987,0.637161,-1.641495,0.065094
25276.055377,0.194992,-1.558563,-0.069138
25276.066831,-0.035355,-1.570129,-0.084412
25276.075976,-0.131729,-1.594818,-0.041611
25276.086033,-0.110962,-1.530502,-0.253464
25276.096154,0.022354,-1.464600,-0.292542
25276.105985,0.087402,-1.465927,-0.370682
25276.116445,0.129990,-1.476822,-0.141678
25276.126184,0.185349,-1.329773,-0.067032
25276.136635,0.214386,-1.008011,-0.091858
25276.146769,0.189560,-0.699036,-0.110764
25276.157777,0.101303,-0.435593,-0.280746
25276.167054,0.415573,-0.452286,-0.274841
25276.176856,0.488678,-0.633438,-0.279633
25276.187313,0.399689,-0.769272,-0.201141
25276.197205,0.282135,-0.845093,-0.124084
25276.207602,0.188080,-0.781525,-0.083115
25276.217344,0.030518,-0.643295,-0.094849
25276.227786,0.166809,-0.422195,-0.206070
25276.237997,0.202652,-0.296402,-0.249878
25276.248893,0.373444,-0.300598,-0.241699
25276.258285,0.371445,-0.359406,-0.202118
25276.268145,0.444962,-0.353912,-0.245377
25276.278570,0.429214,-0.299454,-0.272400
25276.288543,0.335419,-0.258163,-0.300903
25276.298838,0.267929,-0.229095,-0.361664
25276.308601,0.247162,-0.228485,-0.490051
25276.319037,0.209579,-0.234192,-0.607849
25276.329220,0.143188,-0.270020,-0.736145
25276.340048,0.102905,-0.317215,-0.878860
25276.349523,0.095779,-0.373154,-0.972321
25276.359601,0.093933,-0.425415,-1.010147
25276.369821,0.107758,-0.470535,-1.044662
25276.379929,0.106537,-0.521454,-1.132065
25276.390028,0.061295,-0.594147,-1.321533
25276.399823,0.129105,-0.715729,-1.485123
25276.410244,0.420898,-1.027390,-1.855042
25276.420054,0.865158,-1.240311,-1.291306
25276.430155,1.489044,-1.405945,-1.097168
25276.439956,1.325424,-1.689270,-1.347702
25276.450988,0.455017,-1.813324,-0.022858
25276.460506,0.238403,-1.285065,-0.099701
25276.470699,0.255753,-0.793533,-0.321960
25276.480831,0.316986,-0.606369,-0.164780
25276.490660,0.342041,-0.604523,-0.224838
25276.501076,0.243561,-0.686127,-0.128571
25276.510801,0.130707,-0.763916,-0.043503
25276.521185,0.065277,-0.868408,0.003723
25276.531304,0.079147,-1.002472,-0.064621
25276.542241,0.164322,-1.154694,-0.202133
25276.551572,0.212067,-1.278946,-0.317459
25276.561452,0.258255,-1.333099,-0.397049
25276.571770,0.272934,-1.301971,-0.419525
25276.581620,0.233963,-1.230270,-0.419189
25276.592079,0.195023,-1.114059,-0.402908
25276.601823,0.185013,-0.986786,-0.348373
25276.612253,0.115433,-0.855743,-0.259216
25276.622404,-0.016541,-0.740494,-0.186142
25276.633395,0.031082,-0.702042,-0.187180
25276.642717,0.057816,-0.673447,-0.247162
25276.652506,0.016800,-0.685928,-0.255890
25276.662966,-0.011932,-0.731216,-0.225739
25276.672891,-0.040268,-0.783096,-0.242218
25276.683263,-0.033051,-0.894760,-0.273987
25276.692980,-0.016525,-0.977615,-0.291626
25276.703398,0.059906,-0.998032,-0.310074
25276.713588,0.158829,-0.966110,-0.387512
25276.724395,0.202011,-0.921631,-0.408493
25276.733923,0.219086,-0.877121,-0.359482
25276.744085,0.239258,-0.858383,-0.300552
25276.754088,0.185379,-0.872192,-0.294617
25276.764280,0.047623,-0.896347,-0.282379
25276.774171,-0.123169,-0.952850,-0.256912
25276.784127,-0.210648,-1.024170,-0.325119
25276.794508,-0.169586,-1.070755,-0.364105
25276.804546,-0.073135,-1.102402,-0.295853
25276.814925,-0.033417,-1.132645,-0.270325
25276.824874,-0.011490,-1.203369,-0.309708
25276.835893,-0.076813,-1.269165,-0.268341
25276.845194,-0.092712,-1.293060,-0.289505
25276.855490,-0.105194,-1.317978,-0.435638
25276.865463,-0.153534,-1.371323,-0.566589
25276.875330,-0.185272,-1.402878,-0.660492
25276.885686,-0.070267,-1.463821,-0.740768
25276.895639,0.003525,-1.627930,-0.769333
25276.905882,-0.077682,-1.867844,-0.670990
25276.916043,-0.147659,-2.019989,-0.353027
25276.926620,-0.008575,-1.865799,-0.119019
25276.935776,0.353073,-1.642624,-0.143646
25276.945927,0.703796,-1.485580,-0.368973
25276.955833,0.904053,-1.352356,-0.654724
25276.966453,0.728912,-1.274750,-0.547821
25276.976623,0.425293,-1.220398,-0.391769
25276.986342,0.228836,-1.175858,-0.279312
25276.996756,0.032639,-1.196564,-0.328705
25277.006898,-0.069977,-1.369568,-0.483658
25277.018224,-0.018204,-1.536346,-0.466034
25277.027271,0.062866,-1.546692,-0.361328
25277.036986,0.139816,-1.362076,-0.225693
25277.047423,0.374161,-1.137421,0.074692
25277.057395,0.497009,-0.940414,0.377899
25277.067741,0.404984,-0.866974,0.431808
25277.077484,0.138916,-0.823975,0.191681
25277.087908,0.146393,-0.830124,-0.035355
25277.098075,0.269958,-0.889160,-0.493469
25277.108907,0.294891,-0.852676,-0.548508
25277.118378,0.504349,-0.331406,-0.207504
25277.128583,0.376755,-0.227112,-0.118515
25277.138581,0.130936,-0.525360,-0.272385
25277.148781,0.031006,-0.765961,-0.395615
25277.158860,-0.084366,-0.705063,-0.443375
25277.168630,-0.087662,-0.475449,-0.402466
25277.179058,-0.072388,-0.387924,-0.274063
25277.189205,0.005295,-0.306503,-0.259598
25277.199732,0.056259,-0.288010,-0.097870
25277.209505,0.084076,-0.150787,-0.097168
25277.220124,0.190247,-0.293121,-0.182663
25277.229738,0.313599,-0.406097,-0.180466
25277.240101,0.377075,-0.362183,-0.351837
25277.249993,0.380249,-0.386368,-0.424240
25277.259821,0.307556,-0.359512,-0.462296
25277.270151,0.201797,-0.298508,-0.501923
25277.280122,0.123672,-0.213776,-0.609436
25277.290357,0.099823,-0.159897,-0.849930
25277.300409,0.064850,-0.211014,-1.118546
25277.311682,-0.196747,-0.509705,-1.249893
25277.320845,-0.255310,-0.607574,-1.277924
25277.330905,-0.160049,-0.630020,-1.248383
25277.341040,0.141052,-0.611069,-0.726730
25277.350824,0.723755,-0.929657,-0.985992
25277.361271,0.946533,-1.701431,-1.613831
25277.371025,0.593826,-2.017120,-0.846008
25277.381535,0.749374,-2.015137,-0.769638
25277.391732,0.490967,-1.835464,-0.708817
25277.402794,0.199371,-1.006989,-0.533646
25277.411861,0.216415,-0.544312,-0.470215
25277.421606,0.162186,-0.315002,-0.236786
25277.431518,0.042542,-0.198746,-0.137680
25277.441784,-0.060013,-0.247177,-0.114899
25277.451875,-0.138824,-0.398193,-0.106628
25277.461868,-0.186157,-0.578323,-0.111771
25277.472239,-0.099243,-0.817825,-0.098526
25277.481976,0.140976,-1.150772,-0.112274
25277.492714,0.332611,-1.523575,-0.206360
25277.502244,0.354568,-1.792770,-0.346207
25277.513190,0.280960,-1.806519,-0.394257
25277.522668,0.181885,-1.553818,-0.337250
25277.533037,0.141479,-1.196335,-0.250229
25277.542988,0.109161,-0.869385,-0.173019
25277.552716,0.116379,-0.695923,-0.155792
25277.563085,0.090134,-0.645416,-0.208817
25277.573030,0.066483,-0.641541,-0.251923
25277.583192,0.063858,-0.689392,-0.217300
25277.593415,0.037689,-0.778366,-0.173264
25277.604630,0.004349,-0.843109,-0.205734
25277.613810,-0.023422,-0.881958,-0.239059
25277.623970,-0.003311,-0.869522,-0.272385
25277.633973,0.084518,-0.846786,-0.335205
25277.643737,0.164154,-0.790710,-0.372299
25277.654138,0.203033,-0.720612,-0.384369
25277.663942,0.240387,-0.671341,-0.395523
25277.674416,0.201797,-0.671402,-0.337692
25277.684535,0.034164,-0.733139,-0.266541
25277.695712,-0.152939,-0.810867,-0.222565
25277.704715,-0.161896,-0.865952,-0.164261
25277.714425,-0.106430,-0.910477,-0.184097
25277.724898,-0.056366,-0.989578,-0.234848
25277.734851,0.000000,-1.079559,-0.272598
25277.745143,-0.000381,-1.184402,-0.303528
25277.754911,-0.023102,-1.246094,-0.321869
25277.765337,-0.040024,-1.200577,-0.350906
25277.775486,-0.079941,-1.131790,-0.357529
25277.786069,-0.103027,-1.109985,-0.408539
25277.795738,-0.097748,-1.186935,-0.447220
25277.805906,-0.054077,-1.313858,-0.474365
25277.815936,0.011673,-1.424988,-0.449432
25277.826155,0.096054,-1.495132,-0.426132
25277.836249,0.207565,-1.544769,-0.434982
25277.845990,0.257339,-1.637711,-0.489731
25277.856418,0.193329,-1.735062,-0.467255
25277.866617,0.062836,-1.734573,-0.281204
25277.877061,0.051361,-1.664963,-0.068985
25277.886876,0.315292,-1.561600,-0.061890
25277.897533,0.590240,-1.479721,-0.207382
25277.907080,0.809845,-1.402023,-0.444260
25277.917390,0.786667,-1.292664,-0.541763
25277.927193,0.506607,-1.188248,-0.537994
25277.936949,0.240051,-1.130707,-0.466568
25277.947527,0.063904,-1.071091,-0.474777
25277.957203,-0.000824,-1.120880,-0.451248
25277.967398,-0.042023,-1.359879,-0.524796
25277.977366,0.128006,-1.614090,-0.349258
25277.988665,0.386139,-1.606369,-0.149902
25277.997971,0.510193,-1.291550,-0.093567
25278.007867,0.804749,-0.923492,0.112869
25278.018116,0.830872,-0.743423,0.347733
25278.027953,0.557129,-0.727219,0.363434
25278.038402,0.208801,-0.777435,0.217896
25278.048152,0.262009,-0.975235,-0.263535
25278.058660,0.159119,-1.241318,-0.837341
25278.068779,0.441132,-1.330994,-0.411438
25278.079661,0.470291,-0.534531,-0.154861
25278.089078,0.314392,-0.228455,-0.344910
25278.098842,0.157120,-0.575546,-0.533875
25278.109284,0.000259,-0.887436,-0.522385
25278.119194,-0.120697,-0.768906,-0.466965
25278.129479,-0.096527,-0.496735,-0.358994
25278.139275,-0.032181,-0.360153,-0.324844
25278.149687,0.004059,-0.321716,-0.349899
25278.159787,-0.011719,-0.141205,-0.265625
25278.170633,0.132782,-0.239319,-0.214401
25278.180128,0.295090,-0.447006,-0.181854
25278.190300,0.349564,-0.277313,-0.226242
25278.200339,0.353928,-0.326340,-0.289719
25278.210555,0.271301,-0.288086,-0.285278
25278.220600,0.135880,-0.217117,-0.262955
25278.230353,0.033264,-0.180908,-0.294617
25278.240792,0.016922,-0.164291,-0.434784
25278.250833,0.044052,-0.119629,-0.652496
25278.261430,0.048508,-0.129776,-0.880630
25278.271232,-0.003601,-0.255920,-1.096085
25278.282062,-0.097946,-0.445633,-1.251923
25278.291496,-0.179703,-0.603546,-1.253662
25278.301796,-0.165939,-0.685959,-1.202911
25278.311823,-0.049301,-0.666428,-0.767105
25278.321557,0.263580,-0.706757,-0.379272
25278.332004,0.670944,-1.154739,-0.957535
25278.341979,0.676376,-1.774109,-1.363037
25278.352481,0.480469,-2.018784,-0.873947
25278.362371,0.755020,-2.016296,-0.597885
25278.373499,0.648224,-1.948288,-0.379562
25278.382631,0.300034,-1.062714,-0.141891
25278.392830,0.200928,-0.556030,-0.260178
25278.402842,0.230743,-0.332092,-0.319824
25278.412601,0.173080,-0.273132,-0.244461
25278.422861,0.107269,-0.323578,-0.134644
25278.432622,0.003937,-0.433548,-0.100037
25278.443271,-0.009705,-0.924957,-0.023544
25278.453594,0.172943,-1.317154,-0.059296
25278.464311,0.341980,-1.610672,-0.203339
25278.473518,0.282227,-1.678284,-0.307724
25278.483271,0.205673,-1.493057,-0.327789
25278.493708,0.143661,-1.213730,-0.306778
25278.503924,0.063171,-0.942123,-0.220627
25278.514014,0.033661,-0.779495,-0.163437
25278.523737,0.031677,-0.712036,-0.176285
25278.534144,0.039185,-0.690994,-0.189987
25278.544353,0.033035,-0.715271,-0.136566
25278.555135,0.018219,-0.744553,-0.097198
25278.564510,0.002899,-0.776474,-0.104462
25278.574803,0.002777,-0.771088,-0.163010
25278.584744,0.019730,-0.773483,-0.204361
25278.594919,0.073563,-0.777267,-0.245026
25278.605034,0.104141,-0.772598,-0.272217
25278.614783,0.182648,-0.744507,-0.277634
25278.625221,0.203125,-0.700607,-0.269272
25278.635271,0.219559,-0.651031,-0.238129
25278.645741,0.172638,-0.653915,-0.219177
25278.655596,0.078995,-0.738190,-0.288528
25278.666494,0.004654,-0.858536,-0.263290
25278.675885,-0.084915,-0.998032,-0.224487
25278.686183,-0.092316,-1.097656,-0.306107
25278.696172,-0.033203,-1.188721,-0.326950
25278.705959,-0.046448,-1.238678,-0.303452
25278.716409,-0.023911,-1.221603,-0.284149
25278.726374,0.046432,-1.205032,-0.361191
25278.736570,0.059845,-1.227768,-0.474060
25278.746715,-0.035507,-1.293396,-0.519623
25278.757906,-0.133362,-1.357452,-0.518570
25278.766841,-0.154251,-1.431030,-0.397018
25278.776983,-0.041733,-1.488647,-0.263992
25278.787083,0.217529,-1.549515,-0.304825
25278.796925,0.348221,-1.643341,-0.465210
25278.807368,0.282867,-1.756546,-0.443771
25278.817159,0.139755,-1.816559,-0.148880
25278.827624,0.200684,-1.812973,0.038773
25278.837745,0.460114,-1.746155,0.018967
25278.848590,0.711411,-1.599289,-0.119949
25278.857962,0.886017,-1.420670,-0.434891
25278.867667,0.830261,-1.265518,-0.633194
25278.878120,0.487732,-1.149994,-0.661346
25278.888080,0.158188,-1.100189,-0.619873
25278.898362,-0.044983,-1.079742,-0.484787
25278.908192,-0.064377,-1.028305,-0.378922
25278.918594,0.033142,-1.085220,-0.373184
25278.928441,0.110519,-1.275238,-0.506927
25278.938778,0.242783,-1.514603,-0.549377
25278.948949,0.400818,-1.450775,-0.387558
25278.958554,0.466476,-1.161514,-0.218246
25278.969077,0.606094,-0.878036,0.090332
25278.979357,0.584702,-0.677155,0.359070
25278.989385,0.310638,-0.584442,0.482986
25278.999104,0.147003,-0.632034,0.255615
25279.009535,0.062881,-0.830124,-0.357407
25279.019687,0.002396,-1.108597,-0.768692
25279.030052,0.501465,-0.855988,-0.447388
25279.039993,0.666199,-0.420395,-0.283951
25279.051038,0.416229,-0.494446,-0.337387
25279.060015,0.147446,-0.690796,-0.384399
25279.069688,-0.067230,-0.730530,-0.309128
25279.081319,-0.196442,-0.532608,-0.286499
25279.089998,-0.039825,-0.505951,-0.327164
25279.100424,0.047714,-0.496490,-0.476334
25279.110133,0.099594,-0.462234,-0.436600
25279.120630,0.108307,-0.264633,-0.332001
25279.130716,0.179031,-0.230423,-0.244293
25279.141530,0.309692,-0.365997,-0.251923
25279.150842,0.457687,-0.768326,-0.335968
25279.160665,0.292206,-0.255630,-0.337448
25279.171103,0.277496,-0.319962,-0.382446
25279.181042,0.188217,-0.289536,-0.405914
25279.191344,0.116119,-0.234451,-0.510406
25279.201094,0.080505,-0.147598,-0.673676
25279.211530,0.074158,-0.067093,-0.858231
25279.221686,0.020981,-0.109177,-1.049805
25279.232487,-0.085602,-0.236786,-1.182938
25279.242013,-0.215012,-0.386734,-1.163773
25279.252158,-0.265213,-0.524902,-1.086502
25279.262378,-0.172379,-0.566559,-0.739532
25279.272195,0.164856,-0.668900,-0.490204
25279.282682,0.842072,-1.325851,-1.571655
25279.292335,0.984406,-2.002197,-2.012360
25279.302762,0.454819,-2.022293,-0.451767
25279.312904,0.722534,-1.659195,-0.441284
25279.323595,0.497467,-0.928680,-0.273911
25279.333157,0.286560,-0.521210,-0.357742
25279.343829,0.129974,-0.305832,-0.205643
25279.353426,0.033539,-0.254288,-0.153809
25279.363654,0.021942,-0.387894,-0.203827
25279.373634,-0.016312,-0.585846,-0.192886
25279.383418,-0.043900,-0.827682,-0.118317
25279.393866,-0.067047,-1.057022,0.019836
25279.403880,0.313324,-1.367493,-0.045807
25279.414406,0.468216,-1.568069,-0.186996
25279.423911,0.417953,-1.597046,-0.268372
25279.434359,0.328598,-1.494263,-0.292725
25279.444448,0.255310,-1.251602,-0.300751
25279.454759,0.152542,-0.944199,-0.144516
25279.464610,0.081070,-0.741180,-0.145599
25279.474718,0.099030,-0.665878,-0.104477
25279.484862,0.089737,-0.664795,-0.136414
25279.494548,0.091873,-0.694489,-0.136414
25279.505033,0.074402,-0.767166,-0.131882
25279.515118,0.060806,-0.854416,-0.158051
25279.525938,0.039734,-0.898087,-0.196198
25279.535315,0.026505,-0.910767,-0.254013
25279.545132,0.027191,-0.898636,-0.284744
25279.555541,0.037827,-0.832932,-0.301315
25279.565527,0.107742,-0.801971,-0.311874
25279.575822,0.137558,-0.761078,-0.280502
25279.585578,0.174927,-0.714340,-0.217224
25279.596012,0.128693,-0.717392,-0.175430
25279.606158,0.088531,-0.740677,-0.198059
25279.616996,0.021805,-0.783142,-0.235092
25279.626487,-0.000885,-0.843811,-0.257416
25279.636579,0.023315,-0.934418,-0.281891
25279.646683,0.040131,-1.044006,-0.299576
25279.656821,0.068619,-1.155380,-0.322998
25279.666970,0.118393,-1.254745,-0.312256
25279.676684,0.149475,-1.290924,-0.310730
25279.687124,0.139786,-1.267059,-0.341660
25279.697273,0.119141,-1.248428,-0.360855
25279.707767,0.110672,-1.296783,-0.407715
25279.717497,0.133453,-1.347488,-0.470856
25279.728299,0.109146,-1.376770,-0.452515
25279.737828,0.132645,-1.418427,-0.394562
25279.748075,0.196823,-1.485855,-0.382523
25279.758062,0.175888,-1.567123,-0.432648
25279.767828,0.091034,-1.645950,-0.413513
25279.778300,-0.037292,-1.725525,-0.255295
25279.788211,-0.054306,-1.737000,-0.078049
25279.798805,0.168243,-1.630737,-0.019119
25279.808634,0.504517,-1.485718,-0.119736
25279.819685,0.815506,-1.354218,-0.326981
25279.828921,0.974365,-1.231766,-0.587753
25279.838796,0.752243,-1.154358,-0.692062
25279.849097,0.347534,-1.135849,-0.607422
25279.858851,0.004517,-1.133209,-0.516663
25279.869261,-0.130600,-1.055832,-0.423859
25279.879027,-0.192581,-1.091415,-0.435989
25279.889508,-0.204559,-1.245209,-0.576340
25279.899680,-0.010956,-1.429810,-0.514374
25279.910811,0.270935,-1.499298,-0.274963
25279.919475,0.448654,-1.285507,0.026291
25279.929304,0.634155,-0.950378,0.423126
25279.939419,0.638779,-0.772079,0.582214
25279.949980,0.464783,-0.774200,0.346756
25279.960168,0.235336,-0.920868,-0.031815
25279.969875,0.303528,-1.109390,-0.528839
25279.980282,0.473358,-1.334167,-0.989273
25279.990432,0.682678,-1.294540,-0.383011
25280.001143,0.661560,-0.402710,0.134659
25280.010638,0.368927,-0.168137,-0.068970
25280.021092,0.246857,-0.592194,-0.359573
25280.030820,0.151688,-0.847992,-0.428192
25280.041122,0.068497,-0.730270,-0.446472
25280.051201,-0.009781,-0.437820,-0.495193
25280.060944,0.027573,-0.429718,-0.436920
25280.071367,-0.013702,-0.506393,-0.478470
25280.081518,-0.069351,-0.196976,-0.358093
25280.092009,0.115540,-0.381714,-0.297272
25280.101824,0.229004,-0.354614,-0.225632
25280.112616,0.332474,-0.371201,-0.299118
25280.122085,0.350800,-0.364578,-0.353348
25280.132375,0.276062,-0.266022,-0.308975
25280.142425,0.149170,-0.153473,-0.262604
25280.152157,0.037277,-0.112274,-0.319229
25280.162046,0.056015,-0.100891,-0.477631
25280.172416,0.115738,-0.058884,-0.665939
25280.182594,0.094376,-0.065887,-0.839996
25280.192871,-0.047119,-0.191513,-1.056152
25280.203750,-0.201233,-0.410782,-1.230011
25280.213092,-0.290359,-0.599396,-1.254761
25280.222864,-0.202835,-0.668564,-1.088501
25280.233257,-0.001389,-0.578766,-0.449570
25280.243121,0.495422,-0.681580,-0.456177
25280.253578,1.030838,-1.250977,-1.356644
25280.263294,0.933746,-1.909729,-1.485352
25280.273778,0.660828,-2.014343,-1.075912
25280.283809,0.730499,-2.016830,-0.580490
25280.294855,0.280258,-1.638138,-0.379166
25280.304298,0.169495,-0.852982,-0.385193
25280.313970,0.179550,-0.438919,-0.329880
25280.324425,0.177902,-0.256882,-0.288010
25280.334396,0.106506,-0.209915,-0.228775
25280.344718,0.011566,-0.306305,-0.137421
25280.354461,-0.025909,-0.480331,-0.140335
25280.364883,-0.099579,-0.725143,-0.034897
25280.375043,-0.030075,-0.992386,0.073181
25280.385987,0.249680,-1.359451,-0.067841
25280.395362,0.364014,-1.654419,-0.269470
25280.405534,0.326431,-1.713959,-0.342682
25280.415725,0.244507,-1.536926,-0.340027
25280.425549,0.147141,-1.245148,-0.340485
25280.435449,0.130066,-0.959686,-0.246170
25280.446109,0.181686,-0.786652,-0.208252
25280.455799,0.177917,-0.710342,-0.215179
25280.466372,0.145508,-0.683197,-0.208801
25280.476719,0.132721,-0.672745,-0.174316
25280.486163,0.123459,-0.672211,-0.129837
25280.497092,0.100204,-0.681335,-0.154099
25280.506615,0.084747,-0.715302,-0.154434
25280.516934,0.087418,-0.752487,-0.211975
25280.526905,0.131989,-0.781128,-0.262772
25280.537006,0.178757,-0.798813,-0.312515
25280.547267,0.173965,-0.774475,-0.264938
25280.557414,0.183640,-0.701950,-0.268631
25280.567655,0.216736,-0.656296,-0.336426
25280.577365,0.226776,-0.670593,-0.391800
25280.588721,0.182007,-0.827454,-0.320435
25280.597927,0.078522,-0.909637,-0.293701
25280.608079,0.041168,-0.973114,-0.233994
25280.618092,0.080719,-1.034134,-0.340454
25280.627856,0.074097,-1.117661,-0.453827
25280.638291,0.062943,-1.171967,-0.369751
25280.648283,0.051666,-1.169159,-0.237015
25280.658517,0.039154,-1.147842,-0.201508
25280.668649,0.040573,-1.192047,-0.252151
25280.679682,0.076294,-1.305374,-0.393494
25280.688960,0.138458,-1.431442,-0.501617
25280.698814,0.207886,-1.514725,-0.476608
25280.709137,0.285431,-1.598663,-0.480209
25280.718975,0.278595,-1.699493,-0.532074
25280.729420,0.147217,-1.769241,-0.502899
25280.739188,-0.052612,-1.768173,-0.284409
25280.749751,-0.093201,-1.710144,-0.178940
25280.759784,0.153030,-1.590973,-0.201935
25280.770667,0.562195,-1.466827,-0.269424
25280.780009,0.831207,-1.415359,-0.470657
25280.789916,0.866440,-1.324509,-0.617706
25280.800365,0.603302,-1.188339,-0.580826
25280.810283,0.267746,-1.104599,-0.451141
25280.820608,0.005478,-1.042404,-0.324051
25280.830359,-0.141922,-1.007568,-0.268234
25280.840808,-0.194016,-1.106949,-0.350723
25280.850858,-0.143326,-1.342941,-0.627884
25280.861800,0.057892,-1.607727,-0.561920
25280.871273,0.295410,-1.692978,-0.302551
25280.881398,0.432281,-1.529633,-0.107269
25280.891626,0.514999,-1.140640,0.150772
25280.901763,0.628906,-0.873428,0.459854
25280.911843,0.584930,-0.784714,0.428391
25280.921682,0.371216,-0.800095,0.155426
25280.931560,0.309464,-0.937485,-0.170319
25280.941582,0.350464,-1.103561,-0.540848
25280.952163,0.359436,-1.255722,-0.722443
25280.962046,0.540726,-1.147797,-0.302155
25280.972891,0.381088,-0.641037,-0.156693
25280.982460,0.165344,-0.322601,-0.272446
25280.992519,0.131363,-0.380127,-0.477570
25281.002643,0.089722,-0.747009,-0.550262
25281.012470,0.021713,-0.929596,-0.537918
25281.022848,-0.017914,-0.811829,-0.464081
25281.032680,0.057190,-0.697052,-0.406937
25281.042978,0.075470,-0.696487,-0.309372
25281.053215,0.092285,-0.494629,-0.224442
25281.064202,0.191177,-0.326904,-0.168777
25281.073510,0.344162,-0.376068,-0.151077
25281.083294,0.328705,-0.148361,-0.154037
25281.093669,0.443146,-0.310928,-0.163986
25281.103506,0.365768,-0.221619,-0.081985
25281.114004,0.288162,-0.176346,-0.074493
25281.123747,0.218002,-0.168625,-0.201813
25281.134194,0.147644,-0.167328,-0.403549
25281.144311,0.139343,-0.163101,-0.591232
25281.155240,0.128525,-0.115768,-0.720352
25281.164528,0.091415,-0.099701,-0.829163
25281.174445,0.054718,-0.143509,-1.020416
25281.184866,0.019913,-0.224976,-1.207733
25281.194693,-0.047562,-0.390869,-1.443375
25281.205065,-0.169876,-0.586761,-1.628510
25281.214819,-0.299850,-0.659195,-1.638000
25281.225264,-0.276520,-0.464951,-0.907059
25281.235405,0.229004,-0.108505,0.139755
25281.246253,0.879242,-0.363907,-0.344330
25281.255347,1.095047,-1.084793,-1.169693
25281.265777,0.981949,-1.742188,-1.656860
25281.275823,0.610657,-1.937424,-0.861465
25281.285936,0.591003,-1.441376,-0.026764
25281.296072,0.485138,-1.097336,-0.416260
25281.306043,0.210678,-0.937958,-0.597839
25281.316354,0.130692,-0.726486,-0.280579
25281.326373,0.135422,-0.587753,-0.134460
25281.336707,0.138000,-0.633789,-0.204926
25281.346630,0.142426,-0.771347,-0.221878
25281.357519,0.169006,-0.917038,-0.162033
25281.366980,0.282013,-1.064697,-0.181931
25281.377246,0.184174,-1.217346,-0.131393
25281.387234,0.322281,-1.392410,-0.276840
25281.397020,0.293854,-1.466217,-0.411438
25281.407473,0.197235,-1.405792,-0.487579
25281.417334,0.078568,-1.231201,-0.502487
25281.427411,-0.003128,-1.027679,-0.463089
25281.437266,-0.007736,-0.856476,-0.437164
25281.448520,0.019653,-0.743500,-0.373001
25281.457389,0.097580,-0.679108,-0.331741
25281.467640,0.149139,-0.667465,-0.314896
25281.478070,0.170013,-0.709015,-0.279816
25281.488072,0.166611,-0.794434,-0.263123
25281.498248,0.120361,-0.883545,-0.244278
25281.507993,0.088806,-0.945389,-0.258850
25281.518417,0.057800,-0.947800,-0.269348
25281.528580,0.014786,-0.915863,-0.261200
25281.539647,-0.015991,-0.866409,-0.180344
25281.548948,-0.027115,-0.809097,-0.180481
25281.558831,-0.006958,-0.726761,-0.147247
25281.569284,0.009537,-0.668350,-0.100250
25281.579287,0.078613,-0.626602,-0.099869
25281.589495,0.171707,-0.639847,-0.113007
25281.599310,0.206833,-0.680740,-0.134216
25281.609738,0.230072,-0.765488,-0.147781
25281.619891,0.229675,-0.902145,-0.165848
25281.630726,0.305405,-0.896072,-0.149506
25281.640101,0.330063,-0.876923,-0.138107
25281.650249,0.298340,-0.854797,-0.118835
25281.660294,0.245010,-0.843857,-0.104950
25281.670521,0.222839,-0.854874,-0.140106
25281.680587,0.218948,-0.920883,-0.202774
25281.690380,0.197693,-0.979309,-0.255844
25281.700811,0.156876,-1.056686,-0.339050
25281.710957,0.114273,-1.137482,-0.363785
25281.721442,0.060196,-1.142639,-0.322144
25281.731244,0.044525,-1.178680,-0.307602
25281.742042,0.061066,-1.212540,-0.382751
25281.751437,0.032349,-1.234619,-0.546036
25281.761737,-0.006653,-1.233795,-0.612259
25281.771733,-0.072998,-1.213562,-0.543030
25281.781504,-0.101349,-1.223083,-0.390793
25281.791945,-0.142914,-1.408203,-0.241013
25281.801894,-0.190277,-1.779739,-0.093567
25281.812134,-0.189529,-1.733047,0.025543
25281.822318,-0.056183,-1.215210,-0.011902
25281.833521,0.387390,-0.959290,0.005753
25281.842628,0.760773,-1.031342,-0.014084
25281.852538,0.959183,-1.213943,0.058838
25281.862808,1.003372,-1.366898,0.334320
25281.872665,0.918182,-1.419586,0.435837
25281.883153,0.655472,-1.460724,0.460571
25281.893039,0.444901,-1.524872,0.223358
25281.903378,0.254791,-1.547516,-0.088821
25281.913466,0.142288,-1.576950,-0.246750
25281.923943,0.060074,-1.536484,-0.272064
25281.933143,-0.026657,-1.474045,-0.197235
25281.943412,0.079132,-1.499313,-0.161530
25281.954807,0.271576,-1.370331,-0.292648
25281.963866,0.200668,-1.229187,-0.234283
25281.974153,0.287048,-1.121857,-0.079727
25281.984488,0.239761,-1.018265,-0.123123
25281.994359,0.216873,-0.936218,-0.143311
25282.004444,0.173904,-0.860321,-0.045776
25282.015198,0.121994,-0.739639,0.005951
25282.024640,0.090485,-0.626450,0.043198
25282.034406,0.063034,-0.515030,0.060684
25282.044839,0.060226,-0.429947,0.072647
25282.055060,0.093262,-0.384903,0.089218
25282.065148,0.119690,-0.378525,0.085754
25282.074888,0.157639,-0.386642,0.063644
25282.085311,0.199310,-0.396790,0.052490
25282.095459,0.238235,-0.398041,0.042313
25282.105953,0.270874,-0.403046,-0.014587
25282.115752,0.303940,-0.423950,-0.062592
25282.126429,0.355911,-0.436493,-0.129120
25282.135936,0.403412,-0.444977,-0.218491
25282.146224,0.442825,-0.469376,-0.315033
25282.156188,0.435577,-0.520523,-0.386658
25282.165944,0.418381,-0.607666,-0.436707
25282.176391,0.426849,-0.715225,-0.483322
25282.186247,0.425476,-0.826904,-0.527145
25282.196582,0.444153,-0.936340,-0.699570
25282.206734,0.547165,-1.102707,-0.895309
25282.217901,0.581970,-1.283569,-1.024857
25282.227061,0.466125,-1.352341,-1.232529
25282.237004,0.304993,-1.341995,-1.381409
25282.247296,0.189316,-1.283936,-1.175140
25282.257116,-0.000153,-1.194870,-0.902786
25282.267516,-0.050705,-1.168396,-0.841217
25282.277330,0.155670,-1.458313,-0.854553
25282.287770,0.011551,-1.790741,-0.576920
25282.297909,0.070251,-2.032425,0.071747
25282.308645,-0.117722,-1.932404,0.883896
25282.318234,-0.240448,-1.084564,0.957108
25282.328037,0.285767,-0.494247,0.562988
25282.338420,0.530502,-0.262894,0.104599
25282.348334,0.625107,-0.317429,-0.358994
25282.358783,0.564789,-0.376007,-0.478287
25282.368544,0.276917,-0.484818,-0.206055
25282.378910,-0.073151,-0.823120,0.140076
25282.389071,0.065048,-1.357910,0.258057
25282.400049,0.256714,-1.690277,0.327713
25282.409368,0.346436,-1.698395,0.282776
25282.419205,0.335281,-1.480911,0.064560
25282.429124,0.382935,-1.109192,-0.106659
25282.439143,0.346649,-0.843231,-0.232010
25282.449874,0.225830,-0.792557,-0.254074
25282.459394,0.088867,-0.869064,-0.260712
25282.470049,0.065979,-0.912292,-0.228485
25282.480159,0.157730,-0.920502,-0.121582
25282.491017,0.264801,-0.895798,-0.005417
25282.500077,0.317276,-0.865662,0.057114
25282.510879,0.325943,-0.829880,0.061279
25282.520526,0.320175,-0.819580,-0.003281
25282.530735,0.307343,-0.827164,-0.081909
25282.540877,0.279160,-0.819229,-0.143967
25282.550633,0.264816,-0.810547,-0.143219
25282.561062,0.268234,-0.807831,-0.100479
25282.571226,0.269180,-0.828903,-0.063782
25282.581760,0.269836,-0.879837,-0.145203
25282.591531,0.274384,-0.930283,-0.147171
25282.602363,0.265518,-0.971085,-0.144424
25282.611812,0.244507,-0.995209,-0.145828
25282.622108,0.237137,-1.007767,-0.206512
25282.632108,0.279755,-1.041351,-0.265274
25282.641963,0.349472,-1.091675,-0.273941
25282.652320,0.452866,-1.150818,-0.354431
25282.662294,0.451538,-1.206284,-0.362457
25282.672531,0.193741,-1.256119,-0.361435
25282.682674,0.009644,-1.274414,-0.440353
25282.693810,-0.133820,-1.276566,-0.467880
25282.702878,-0.179367,-1.276260,-0.476669
25282.712800,-0.185669,-1.282089,-0.371628
25282.723068,-0.230530,-1.344177,-0.249527
25282.732947,-0.258667,-1.546967,-0.365417
25282.743232,-0.343353,-1.639359,-0.389969
25282.753059,-0.201477,-1.466110,-0.181671
25282.763554,0.153732,-1.231857,0.024750
25282.773267,0.550339,-1.204681,-0.094681
25282.784485,0.839005,-1.342209,-0.156891
25282.793864,0.905914,-1.525192,-0.057632
25282.803665,0.813705,-1.721359,-0.002075
25282.814119,0.592712,-1.807358,0.012466
25282.823988,0.365616,-1.805008,-0.003708
25282.834410,0.306183,-1.741882,-0.095047
25282.844171,0.276093,-1.655533,-0.313797
25282.854494,0.107391,-1.625687,-0.436005
25282.864696,0.173538,-1.582428,-0.513062
25282.875539,0.367645,-1.501556,-0.563873
25282.885017,0.398804,-1.350357,-0.567047
25282.895142,0.393311,-1.076492,-0.489410
25282.905213,0.365479,-0.776016,-0.438934
25282.915445,0.290619,-0.615479,-0.332977
25282.925195,0.158920,-0.456528,-0.269791
25282.935084,0.050446,-0.427841,-0.236069
25282.945710,0.263992,-0.497879,-0.210281
25282.955353,0.196304,-0.666016,-0.273331
25282.966541,0.077347,-0.586029,-0.229813
25282.975643,0.113449,-0.454803,-0.202179
25282.986686,0.184784,-0.363434,-0.201706
25282.996135,0.251221,-0.250137,-0.231049
25283.006232,0.347763,-0.163681,-0.316437
25283.016346,0.371765,-0.170303,-0.306061
25283.026045,0.336456,-0.173019,-0.284912
25283.036469,0.302048,-0.188477,-0.283600
25283.046368,0.280609,-0.168747,-0.316696
25283.056690,0.254425,-0.137741,-0.414413
25283.066882,0.251999,-0.134949,-0.529526
25283.077814,0.279648,-0.127808,-0.631195
25283.087126,0.296310,-0.133743,-0.733078
25283.096934,0.270721,-0.172394,-0.789169
25283.107305,0.221130,-0.229446,-0.827896
25283.117175,0.193787,-0.311539,-0.908875
25283.127547,0.172714,-0.418243,-1.002686
25283.137303,0.132233,-0.549652,-1.147491
25283.147733,0.050186,-0.737808,-1.351700
25283.157890,0.047760,-0.887070,-1.550385
25283.168952,0.192307,-0.862579,-1.321396
25283.178276,0.580231,-0.596283,-0.139969
25283.188105,1.238464,-0.530365,-0.359604
25283.198532,1.560684,-1.341599,-1.737671
25283.208497,1.162064,-2.001694,-1.681564
25283.218814,0.385513,-2.028214,0.201736
25283.228587,0.515121,-1.585892,-0.086929
25283.239087,0.390457,-0.953751,-0.474411
25283.248926,0.180283,-0.678879,-0.581207
25283.259914,0.100723,-0.491333,-0.113159
25283.269356,0.114929,-0.426361,-0.023514
25283.279661,0.121689,-0.457504,-0.084930
25283.289571,0.056442,-0.572998,-0.159729
25283.299868,0.078262,-0.836029,-0.196411
25283.309876,0.152237,-1.133102,-0.201340
25283.319621,0.288940,-1.382385,-0.229828
25283.330057,0.297760,-1.523483,-0.295334
25283.340216,0.289276,-1.524857,-0.399673
25283.350716,0.247879,-1.351624,-0.460770
25283.360509,0.149841,-1.064163,-0.416595
25283.371252,0.099808,-0.818787,-0.334869
25283.380707,0.123474,-0.699936,-0.269775
25283.391029,0.115433,-0.682663,-0.210373
25283.400907,0.129974,-0.710342,-0.187302
25283.410755,0.091629,-0.758652,-0.172211
25283.420888,0.079361,-0.848206,-0.153717
25283.430751,0.067627,-0.922775,-0.146103
25283.441294,0.051514,-0.960464,-0.180191
25283.451086,0.067642,-0.968643,-0.244385
25283.462101,0.125412,-0.941498,-0.303772
25283.471488,0.265808,-0.888992,-0.392349
25283.481221,0.289642,-0.844772,-0.420593
25283.491727,0.284653,-0.804352,-0.404770
25283.501630,0.300171,-0.744019,-0.353806
25283.511912,0.237915,-0.727493,-0.312286
25283.521660,0.150192,-0.755997,-0.269333
25283.532099,0.057388,-0.793503,-0.227463
25283.542259,0.004913,-0.826157,-0.216614
25283.553456,-0.019409,-0.885727,-0.257828
25283.562442,0.023209,-0.964325,-0.257141
25283.572582,0.020020,-1.056473,-0.270203
25283.582725,0.009476,-1.153320,-0.329086
25283.592770,0.019974,-1.234436,-0.326019
25283.602925,0.078049,-1.255692,-0.272354
25283.613034,0.128235,-1.236938,-0.286270
25283.623133,0.112473,-1.259201,-0.394745
25283.633228,0.078171,-1.318466,-0.496674
25283.643608,0.060867,-1.366074,-0.532761
25283.653478,0.094162,-1.393280,-0.532181
25283.664263,0.178772,-1.431885,-0.621902
25283.673664,0.272141,-1.558502,-0.579636
25283.684003,0.223938,-1.725677,-0.326767
25283.694017,0.075500,-1.837769,-0.103500
25283.703738,0.074997,-1.845886,-0.079712
25283.714116,0.311493,-1.686707,-0.174255
25283.724170,0.532166,-1.506302,-0.360352
25283.734737,0.696350,-1.316727,-0.435379
25283.744512,0.681091,-1.242050,-0.380005
25283.755672,0.242859,-1.178726,-0.400085
25283.764861,0.136353,-1.155243,-0.459625
25283.774769,0.061356,-1.208298,-0.556381
25283.784766,0.082474,-1.294174,-0.558075
25283.794881,0.184052,-1.358917,-0.421295
25283.805238,0.228546,-1.319855,-0.242798
25283.814983,0.307480,-1.216934,-0.043732
25283.825471,0.379883,-1.059555,0.009430
25283.835572,0.436050,-0.957657,0.161423
25283.846880,0.488220,-0.890060,0.249802
25283.855777,0.352722,-0.834564,0.086563
25283.865491,0.227234,-0.890747,-0.101379
25283.875951,0.303482,-0.959137,-0.204178
25283.885932,0.288254,-0.853256,-0.483154
25283.896311,0.264587,-0.672546,-0.310730
25283.906020,0.342758,-0.462799,-0.220673
25283.916475,0.345963,-0.529907,-0.388367
25283.926403,0.325516,-0.783951,-0.525009
25283.936694,0.265625,-0.822388,-0.555984
25283.946829,0.092545,-0.634598,-0.462753
25283.956700,0.130035,-0.438690,-0.333801
25283.967046,0.094757,-0.417023,-0.262009
25283.977227,0.101318,-0.410217,-0.227142
25283.987318,0.142990,-0.393982,-0.184647
25283.997029,0.188568,-0.277390,-0.170746
25284.007441,0.242279,-0.282211,-0.202484
25284.017493,0.308151,-0.333954,-0.297546
25284.028087,0.270828,-0.358627,-0.396515
25284.037877,0.185394,-0.326614,-0.492340
25284.048582,0.105103,-0.228378,-0.550293
25284.058072,0.050140,-0.121902,-0.598801
25284.068337,0.058578,-0.066544,-0.694809
25284.078360,0.039948,-0.071671,-0.850952
25284.088115,-0.072495,-0.170532,-1.001038
25284.098563,-0.204758,-0.346222,-1.123825
25284.108483,-0.275726,-0.476013,-1.156097
25284.118731,-0.230408,-0.543961,-1.112671
25284.128888,-0.068573,-0.488831,-0.562836
25284.140082,0.291504,-0.564590,-0.377533
25284.149126,0.857056,-1.231674,-1.404556
25284.159018,1.130157,-1.999832,-2.009598
25284.169264,0.870438,-2.016281,-0.341705
25284.179121,1.091415,-1.830582,-0.301575
25284.189479,0.552261,-0.942963,-0.095306
25284.199239,0.077484,-0.469040,-0.231644
25284.209751,-0.090103,-0.318100,-0.106628
25284.219820,-0.029312,-0.310928,-0.137207
25284.230750,-0.004990,-0.373932,-0.276749
25284.240138,-0.069138,-0.540283,-0.305954
25284.249976,-0.081345,-0.834290,-0.248016
25284.260404,-0.040482,-1.160843,-0.228836
25284.270356,0.056763,-1.433960,-0.340454
25284.280648,0.121704,-1.569794,-0.457474
25284.290501,0.159790,-1.460968,-0.480438
25284.300857,0.196533,-1.226685,-0.448669
25284.311001,0.203720,-0.965256,-0.401550
25284.321858,0.189392,-0.771774,-0.330124
25284.331290,0.188995,-0.665451,-0.230789
25284.341379,0.178101,-0.612457,-0.182297
25284.351433,0.111694,-0.618622,-0.165726
25284.361574,0.089905,-0.680313,-0.183075
25284.371712,0.063187,-0.773911,-0.182693
25284.381636,0.011154,-0.874802,-0.192734
25284.391934,-0.051346,-0.939026,-0.221786
25284.401690,-0.037994,-0.966309,-0.259277
25284.412470,0.112335,-0.935532,-0.332794
25284.421985,0.224121,-0.866196,-0.351425
25284.432296,0.328690,-0.769302,-0.355270
25284.442339,0.395752,-0.699722,-0.369797
25284.452130,0.360916,-0.712875,-0.409180
25284.462595,0.209488,-0.782761,-0.407166
25284.472737,0.041794,-0.876740,-0.400543
25284.482779,0.001938,-0.976715,-0.371643
25284.492804,0.009689,-1.071045,-0.329956
25284.502953,0.046600,-1.141861,-0.321426
25284.513228,0.037811,-1.204300,-0.209534
25284.523975,0.001953,-1.142319,-0.087112
25284.533487,0.167267,-1.040833,-0.043182
25284.543232,0.355270,-0.979782,-0.111969
25284.553658,0.334824,-1.030884,-0.217590
25284.563487,0.250885,-1.091965,-0.316483
25284.573943,0.177216,-1.145370,-0.363586
25284.583686,0.137177,-1.217545,-0.340637
25284.594196,0.140808,-1.296478,-0.247406
25284.604339,0.213455,-1.372299,-0.151871
25284.615202,0.324921,-1.466049,-0.091354
25284.624509,0.354309,-1.574127,-0.022476
25284.634293,0.287888,-1.716309,0.025665
25284.644696,0.248383,-1.805328,0.048615
25284.654655,0.220749,-1.719986,0.106735
25284.664977,0.462570,-1.563522,0.126389
25284.674729,0.848373,-1.474350,-0.090393
25284.685164,1.116226,-1.344589,-0.429459
25284.695333,1.103516,-1.187607,-0.647766
25284.706213,0.802261,-1.063889,-0.618576
25284.715650,0.427872,-1.043213,-0.625626
25284.725781,0.109192,-1.098160,-0.739868
25284.735857,-0.026443,-1.162338,-0.667114
25284.746121,-0.088257,-1.180466,-0.495667
25284.756142,-0.065842,-1.110367,-0.272903
25284.766064,-0.078369,-1.043961,-0.300827
25284.776343,-0.148193,-1.093811,-0.416306
25284.786487,0.063339,-1.469849,-0.159790
25284.796978,0.486908,-1.272568,0.103409
25284.806797,0.762726,-0.935822,0.347214
25284.817462,0.792160,-0.659058,0.513840
25284.826963,0.662491,-0.594116,0.290192
25284.837318,0.411957,-0.739594,-0.029221
25284.847220,0.397644,-0.984802,-0.412811
25284.856984,0.527847,-1.203262,-0.877930
25284.867420,0.632431,-1.266129,-0.584351
25284.877515,0.646881,-0.816132,-0.016953
25284.887594,0.418900,-0.245331,-0.107819
25284.897759,0.248260,-0.434036,-0.298798
25284.909046,0.207977,-0.881836,-0.415237
25284.917977,0.129059,-0.986877,-0.460556
25284.927808,0.029541,-0.800827,-0.509811
25284.937661,-0.135101,-0.557709,-0.511612
25284.948054,0.045563,-0.723953,-0.546112
25284.957989,0.016678,-0.688171,-0.490051
25284.968409,0.091721,-0.465912,-0.356384
25284.978488,0.257828,-0.279434,-0.277588
25284.988541,0.360153,-0.090271,-0.299225
25284.999868,0.451218,-0.194534,-0.340317
25285.008743,0.367950,-0.338135,-0.269638
25285.018798,0.140793,-0.226364,-0.207321
25285.029026,-0.027008,-0.174088,-0.275894
25285.038838,-0.093201,-0.046890,-0.472443
25285.049205,-0.051727,0.070831,-0.756271
25285.058985,0.021759,0.080963,-1.028702
25285.069417,-0.018982,-0.023117,-1.251862
25285.079558,-0.143845,-0.242996,-1.278305
25285.089966,-0.237122,-0.392960,-1.039169
25285.099963,-0.251083,-0.454437,-0.661484
25285.110360,-0.107346,-0.478058,-0.228195
25285.120051,0.329834,-0.850815,-0.862366
25285.130236,0.637512,-1.557785,-1.621460
25285.140261,0.702362,-2.008072,-1.841095
25285.148380,0.775238,-2.014374,-0.817780
25285.160234,0.817139,-2.015915,-0.512375
25285.170673,0.429581,-1.038788,-0.278320
25285.181085,0.292007,-0.358017,-0.297882
25285.190862,0.229050,-0.125687,-0.221375
25285.201996,0.169144,-0.098572,-0.270111
25285.211176,0.131256,-0.175476,-0.271927
25285.221302,0.043686,-0.349655,-0.234116
25285.231337,0.022919,-0.609543,-0.117767
25285.241097,0.188431,-0.912842,-0.151749
25285.251536,0.493073,-1.254364,-0.204971
25285.261438,0.581299,-1.501862,-0.315750
25285.271733,0.545044,-1.555328,-0.404831
25285.281878,0.484451,-1.456207,-0.404831
25285.292879,0.352585,-1.208801,-0.379211
25285.302217,0.235657,-0.942352,-0.344360
25285.312024,0.189713,-0.785400,-0.226944
25285.322426,0.169434,-0.721649,-0.181625
25285.332275,0.101624,-0.715790,-0.183868
25285.342726,0.035889,-0.768555,-0.164352
25285.352471,-0.005569,-0.844955,-0.112656
25285.362922,-0.034729,-0.911972,-0.091476
25285.373107,-0.061783,-0.952896,-0.111877
25285.383963,-0.062286,-0.941895,-0.126755
25285.393455,-0.033157,-0.882721,-0.158875
25285.403250,0.021149,-0.836823,-0.215332
25285.413674,0.103027,-0.811325,-0.264359
25285.423533,0.202850,-0.764786,-0.304062
25285.433422,0.305664,-0.710373,-0.333801
25285.443661,0.333694,-0.698288,-0.296570
25285.453759,0.331055,-0.717285,-0.278763
25285.464079,0.263718,-0.791931,-0.253357
25285.474497,0.170868,-0.847015,-0.246246
25285.484100,0.093842,-0.862076,-0.255661
25285.494943,0.031372,-0.881790,-0.272751
25285.504428,0.022324,-0.889954,-0.264984
25285.514675,0.051834,-0.906418,-0.250565
25285.524560,0.072113,-0.968231,-0.291916
25285.534300,0.143097,-1.042770,-0.376007
25285.544731,0.204102,-1.140640,-0.407730
25285.554754,0.184036,-1.228394,-0.381454
25285.564936,0.166718,-1.276535,-0.340164
25285.575128,0.194031,-1.315674,-0.350601
25285.585983,0.228180,-1.366348,-0.391708
25285.595290,0.219193,-1.382248,-0.404770
25285.605198,0.249329,-1.407700,-0.380447
25285.615492,0.370651,-1.487000,-0.379242
25285.625345,0.445114,-1.613617,-0.380966
25285.635784,0.418839,-1.731934,-0.389557
25285.645542,0.307312,-1.823746,-0.282654
25285.656051,0.089676,-1.798157,-0.067474
25285.666142,0.328796,-1.639297,0.021561
25285.676987,0.676743,-1.392822,-0.104446
25285.686373,0.905563,-1.158218,-0.364731
25285.696151,0.939240,-0.991257,-0.620850
25285.706602,0.715775,-0.949799,-0.693497
25285.716544,0.393539,-1.020935,-0.631195
25285.726867,0.116531,-1.119507,-0.512543
25285.736717,-0.006210,-1.120331,-0.406708
25285.747231,0.075317,-1.125488,-0.330780
25285.757348,0.149490,-1.201736,-0.441589
25285.768132,0.258179,-1.319077,-0.281921
25285.777578,0.448944,-1.379410,-0.278397
25285.787678,0.409760,-1.206345,-0.042770
25285.797903,0.394165,-0.940247,0.126923
25285.808026,0.440414,-0.763718,0.215347
25285.818108,0.488495,-0.683853,0.108185
25285.827859,0.511734,-0.707962,-0.337845
25285.838192,0.373947,-0.865005,-0.446838
25285.848340,0.373245,-1.060410,-0.564163
25285.858827,0.506897,-1.141068,-0.620300
25285.868629,0.520645,-0.981262,-0.214020
25285.879258,0.347321,-0.542297,-0.046066
25285.888820,0.253937,-0.261536,-0.159576
25285.899193,0.265350,-0.413925,-0.302429
25285.909110,0.187973,-0.755280,-0.419418
25285.918902,0.178329,-0.798340,-0.515915
25285.928799,0.080200,-0.633667,-0.484818
25285.938865,0.201843,-0.575394,-0.456650
25285.949488,0.181213,-0.530350,-0.424225
25285.959114,0.187881,-0.449158,-0.399185
25285.970415,0.221008,-0.346909,-0.348816
25285.979577,0.256500,-0.274216,-0.315308
25285.989608,0.282242,-0.217300,-0.314743
25286.000000,0.274109,-0.223511,-0.298050
25286.009870,0.208511,-0.228775,-0.267548
25286.020162,0.126663,-0.249756,-0.293915
25286.029910,0.064392,-0.265839,-0.399307
25286.040425,0.077621,-0.201096,-0.549774
25286.050381,0.122040,-0.106903,-0.726425
25286.061422,0.120071,-0.090591,-0.928833
25286.070804,0.049057,-0.158142,-1.065201
25286.080583,-0.056381,-0.292099,-1.145767
25286.091009,-0.156128,-0.429535,-1.144852
25286.100991,-0.167496,-0.518677,-1.039993
25286.111332,-0.073563,-0.440598,-0.529144
25286.121097,0.362366,-0.499695,-0.552719
25286.131528,0.872269,-1.250977,-1.578903
25286.141681,0.890152,-2.003723,-2.014145
25286.150453,0.796539,-2.014648,-0.732040
25286.162017,0.813873,-1.855362,-0.381256
25286.172142,0.496048,-0.968597,-0.241257
25286.182191,0.314728,-0.411667,-0.363998
25286.192367,0.237778,-0.235657,-0.212418
25286.202520,0.194641,-0.201248,-0.267776
25286.212216,0.196121,-0.358795,-0.404877
25286.222642,0.145737,-0.596802,-0.363480
25286.232791,0.130981,-0.819794,-0.262848
25286.243268,0.349670,-1.016800,-0.210342
25286.253191,0.189026,-1.133560,-0.191711
25286.263712,0.451675,-1.314911,-0.283218
25286.273260,0.500320,-1.350174,-0.366684
25286.283560,0.398621,-1.262650,-0.364532
25286.293534,0.282532,-1.114166,-0.329819
25286.303563,0.203751,-0.932053,-0.334030
25286.313884,0.131775,-0.785553,-0.336212
25286.323617,0.062408,-0.699844,-0.281830
25286.334046,0.064117,-0.684357,-0.229187
25286.344130,0.080139,-0.728897,-0.204163
25286.355220,0.077515,-0.790405,-0.199310
25286.364438,0.040985,-0.851486,-0.199097
25286.374371,0.028381,-0.926971,-0.203415
25286.384589,0.023285,-0.978516,-0.212494
25286.394285,0.029266,-1.009155,-0.210449
25286.404698,0.027435,-0.999359,-0.200531
25286.414492,0.056183,-0.957977,-0.237656
25286.424658,0.096542,-0.911530,-0.263611
25286.434462,0.157776,-0.878738,-0.275314
25286.446131,0.207733,-0.868896,-0.288254
25286.456264,0.247726,-0.883789,-0.333145
25286.465055,0.253372,-0.893570,-0.337021
25286.475498,0.219330,-0.873642,-0.292007
25286.485671,0.191193,-0.859436,-0.264740
25286.495680,0.159424,-0.845139,-0.259369
25286.505437,0.126678,-0.874359,-0.264969
25286.515868,0.105255,-0.931915,-0.303177
25286.526031,0.089539,-1.019302,-0.316467
25286.536857,0.086761,-1.077026,-0.288834
25286.546331,0.083679,-1.104095,-0.253189
25286.556613,0.147614,-1.097321,-0.224197
25286.566560,0.230576,-1.097290,-0.175995
25286.576758,0.308456,-1.118393,-0.234085
25286.586835,0.328873,-1.169785,-0.344879
25286.596583,0.285187,-1.205612,-0.422165
25286.607020,0.255112,-1.222672,-0.462448
25286.617062,0.262192,-1.251266,-0.466309
25286.627664,0.279984,-1.298782,-0.433289
25286.637473,0.367615,-1.365768,-0.430740
25286.648229,0.437714,-1.464844,-0.415649
25286.657656,0.404495,-1.563843,-0.369766
25286.667978,0.279907,-1.671722,-0.261154
25286.677961,0.144073,-1.695053,-0.087143
25286.687720,0.270187,-1.598282,-0.025101
25286.698149,0.519714,-1.367813,-0.080582
25286.708096,0.718704,-1.162979,-0.269043
25286.718366,0.792969,-1.058121,-0.480820
25286.728516,0.613724,-1.072433,-0.550705
25286.739627,0.316666,-1.156464,-0.430420
25286.748819,0.097153,-1.231400,-0.434662
25286.759040,0.024628,-1.247192,-0.334869
25286.769020,-0.030640,-1.212326,-0.348770
25286.778768,0.047379,-1.192719,-0.413757
25286.789213,0.097855,-1.186081,-0.396896
25286.798967,0.126648,-1.130203,-0.247452
25286.809456,0.204987,-1.032928,-0.091064
25286.819568,0.272461,-0.939270,-0.008316
25286.830405,0.267166,-0.872330,-0.228592
25286.839779,0.301666,-0.889618,-0.227951
25286.849538,0.308334,-0.959274,-0.445206
25286.859970,0.367813,-1.086548,-0.254745
25286.869975,0.481979,-1.111740,-0.348862
25286.880262,0.345352,-1.082108,-0.233337
25286.890025,0.231049,-0.942474,-0.204559
25286.900346,0.201355,-0.555008,-0.533020
25286.910603,0.146683,-0.797791,-0.390503
25286.920894,0.442947,-0.843414,-0.401825
25286.930288,0.445038,-0.796280,-0.473175
25286.940299,0.332138,-0.705704,-0.503952
25286.950700,0.196915,-0.640091,-0.430023
25286.960887,0.162567,-0.549927,-0.368057
25286.971162,0.053909,-0.457718,-0.344193
25286.981264,0.259781,-0.565887,-0.406921
25286.991442,0.163818,-0.483200,-0.408630
25287.001592,0.172165,-0.384949,-0.407349
25287.012290,0.219635,-0.297211,-0.370605
25287.021927,0.272736,-0.227097,-0.352646
25287.032305,0.283386,-0.219147,-0.332596
25287.041985,0.263351,-0.210052,-0.263504
25287.051870,0.219315,-0.213882,-0.246475
25287.062287,0.167770,-0.216125,-0.326843
25287.072033,0.145096,-0.190170,-0.402634
25287.082399,0.121719,-0.155258,-0.483398
25287.092178,0.079773,-0.112915,-0.539703
25287.102458,0.062973,-0.072189,-0.590576
25287.112742,0.088516,-0.050552,-0.646622
25287.123736,0.091049,-0.108322,-0.737915
25287.133089,0.087158,-0.223709,-0.823486
25287.142931,0.082916,-0.328583,-0.857422
25287.153225,0.071457,-0.431335,-0.931198
25287.163062,0.033615,-0.560898,-1.052155
25287.173526,-0.083496,-0.730591,-1.286743
25287.183242,-0.201019,-0.938141,-1.492630
25287.193737,-0.097321,-1.103836,-1.504776
25287.203883,0.266739,-1.236664,-1.368103
25287.214784,0.716415,-1.226334,-1.094681
25287.224129,0.843170,-1.278687,-1.242157
25287.233926,0.830139,-1.356232,-1.373474
25287.244426,0.574249,-1.102188,-1.043625
25287.254347,0.357132,-0.686005,-0.838821
25287.264699,0.202332,-0.531952,-0.565720
25287.274456,0.050781,-0.520920,-0.383041
25287.284889,0.056137,-0.603668,-0.439575
25287.295041,0.128387,-0.714691,-0.544540
25287.305939,0.214508,-0.827881,-0.597626
25287.315335,0.308167,-0.875092,-0.570129
25287.325396,0.360611,-0.895355,-0.531448
25287.335616,0.373169,-0.886398,-0.507385
25287.345742,0.333847,-0.880478,-0.456528
25287.355818,0.240677,-0.894196,-0.414658
25287.365575,0.167465,-0.885818,-0.367416
25287.376000,0.103531,-0.870163,-0.349747
25287.386164,0.087097,-0.843460,-0.378799
25287.396707,0.172913,-0.835037,-0.389069
25287.406465,0.039459,-0.827637,-0.343964
25287.417027,0.068649,-0.848221,-0.311691
25287.426398,0.116821,-0.875977,-0.337585
25287.436189,0.116104,-0.911560,-0.353546
25287.446880,0.118073,-0.942322,-0.340637
25287.456708,0.132614,-0.947006,-0.348297
25287.467099,0.136612,-0.939072,-0.341278
25287.476732,0.109268,-0.911713,-0.349701
25287.487202,0.123367,-0.876999,-0.317642
25287.497355,0.143631,-0.845917,-0.320175
25287.508267,0.171570,-0.850479,-0.311707
25287.517517,0.209137,-0.896515,-0.303146
25287.527672,0.234589,-0.981659,-0.259109
25287.537773,0.254074,-1.040039,-0.228058
25287.547599,0.298264,-1.027344,-0.240112
25287.558048,0.399628,-0.942780,-0.327377
25287.567803,0.371933,-0.861771,-0.352600
25287.578287,0.379868,-0.814133,-0.344452
25287.588386,0.321426,-0.813202,-0.331650
25287.599208,0.187912,-0.846451,-0.287598
25287.608600,0.067062,-0.887238,-0.265137
25287.618370,0.009521,-0.927902,-0.253372
25287.628794,0.029465,-0.942490,-0.246063
25287.638726,0.095627,-0.936493,-0.240829
25287.649063,0.166656,-0.938217,-0.254379
25287.658796,0.191956,-0.947540,-0.275742
25287.669198,0.181259,-0.951630,-0.284882
25287.679350,0.140900,-0.936401,-0.287628
25287.690196,0.127472,-0.924789,-0.278915
25287.699703,0.131302,-0.892975,-0.284744
25287.709824,0.138275,-0.857040,-0.303421
25287.719860,0.151016,-0.823975,-0.321991
25287.730099,0.140152,-0.828186,-0.315277
25287.740171,0.138702,-0.843140,-0.308380
25287.749918,0.149551,-0.875626,-0.312164
25287.760354,0.160309,-0.939041,-0.292206
25287.770507,0.203293,-1.018005,-0.239899
25287.780997,0.316620,-1.152374,-0.179398
25287.790806,0.431427,-1.325073,-0.159592
25287.801515,0.488129,-1.467758,-0.172623
25287.810986,0.371567,-1.607574,-0.154144
25287.821325,0.254395,-1.694916,-0.130692
25287.831314,0.224258,-1.691498,-0.121338
25287.841064,0.298782,-1.651245,-0.172455
25287.851488,0.393127,-1.608505,-0.248993
25287.861448,0.400253,-1.563690,-0.260712
25287.871682,0.405441,-1.446533,-0.279297
25287.881829,0.437469,-1.295776,-0.354919
25287.892981,0.465607,-1.185120,-0.514984
25287.902139,0.440430,-1.164413,-0.558075
25287.912362,0.340897,-1.183853,-0.562943
25287.922030,0.201004,-1.185135,-0.565598
25287.931859,0.060486,-1.129013,-0.557266
25287.942336,-0.038879,-1.020355,-0.460770
25287.952225,-0.057053,-0.969147,-0.454117
25287.962749,-0.096725,-1.086578,-0.479828
25287.972794,-0.075211,-1.285370,-0.353668
25287.983615,0.204361,-1.497360,-0.149231
25287.993002,0.204269,-1.416412,0.029434
25288.002868,0.374481,-1.111282,0.024139
25288.013239,0.466705,-0.841736,-0.035278
25288.023266,0.666473,-0.778458,-0.109802
25288.033658,0.807465,-0.787979,0.019852
25288.043332,0.782410,-0.830795,-0.009445
25288.053807,0.551071,-1.002258,-0.124176
25288.063942,0.395264,-1.143341,-0.154083
25288.074813,0.327560,-1.123398,-0.455963
25288.084147,0.488846,-0.947510,-0.562836
25288.094365,0.626572,-0.681763,-0.137222
25288.104505,0.403275,-0.539902,-0.249390
25288.114627,0.181946,-0.664383,-0.527573
25288.124701,0.119095,-0.903290,-0.661041
25288.134462,0.124954,-0.946686,-0.676865
25288.144915,0.216507,-0.809662,-0.644196
25288.155051,0.326004,-0.759659,-0.593445
25288.165503,0.313538,-0.710007,-0.501328
25288.175344,0.242142,-0.667511,-0.372650
25288.185834,0.258514,-0.515305,-0.276886
25288.195534,0.379654,-0.458328,-0.209061
25288.205706,0.374542,-0.313766,-0.201019
25288.215750,0.315460,-0.227585,-0.191116
25288.225496,0.244919,-0.202103,-0.170578
25288.235946,0.161057,-0.189423,-0.196945
25288.246106,0.095825,-0.205597,-0.299408
25288.256508,-0.005920,-0.202042,-0.470993
25288.266362,-0.068588,-0.143478,-0.625885
25288.277420,-0.130249,-0.050690,-0.710281
25288.286638,-0.222763,-0.005295,-0.754623
25288.296483,-0.325699,-0.069000,-0.815201
25288.306756,-0.376694,-0.202988,-0.900681
25288.316519,-0.390976,-0.370682,-1.042038
25288.326947,-0.361725,-0.478653,-1.121017
25288.336720,-0.213623,-0.498642,-1.038864
25288.347204,-0.049240,-0.441757,-0.453278
25288.357161,0.343811,-0.652649,-0.551285
25288.368127,0.753006,-1.225418,-1.544449
25288.377486,0.741928,-1.854813,-1.972122
25288.387702,0.477020,-2.017990,-0.989105
25288.397785,0.503708,-1.697403,-0.583374
25288.407648,0.312775,-1.166702,-0.530731
25288.417975,0.180298,-0.636902,-0.492844
25288.427845,0.168427,-0.340424,-0.403381
25288.437644,0.140320,-0.210281,-0.373978
25288.448265,0.091797,-0.229172,-0.338211
25288.458435,0.001740,-0.350861,-0.300400
25288.468315,-0.002243,-0.555466,-0.249130
25288.478877,0.066711,-0.831650,-0.275986
25288.488546,0.312607,-1.209518,-0.369049
25288.498762,0.586502,-1.525375,-0.474426
25288.508708,0.571426,-1.597748,-0.507553
25288.518480,0.476852,-1.441010,-0.466461
25288.528925,0.354797,-1.175812,-0.411880
25288.538873,0.265594,-0.911163,-0.342773
25288.549484,0.221893,-0.753418,-0.326523
25288.559355,0.207382,-0.701309,-0.302917
25288.570333,0.197952,-0.751236,-0.271423
25288.579572,0.163681,-0.874695,-0.273193
25288.589782,0.115326,-1.002563,-0.242538
25288.599781,0.059204,-1.065948,-0.237732
25288.609535,0.051468,-1.077774,-0.265671
25288.619984,0.038193,-1.056717,-0.327423
25288.629849,0.050186,-1.021622,-0.359894
25288.640193,0.139221,-0.971420,-0.383926
25288.650404,0.236267,-0.874481,-0.408768
25288.661173,0.278610,-0.778625,-0.410812
25288.670550,0.255753,-0.681946,-0.403168
25288.680274,0.179153,-0.636642,-0.398605
25288.690728,0.089691,-0.623489,-0.365570
25288.700625,0.034485,-0.642395,-0.339844
25288.710910,0.006958,-0.674835,-0.301697
25288.720659,-0.003799,-0.715668,-0.302963
25288.731086,-0.022110,-0.745743,-0.296402
25288.741252,0.023987,-0.739441,-0.241943
25288.752125,0.078079,-0.726044,-0.188309
25288.761612,0.195877,-0.717194,-0.188065
25288.771673,0.282532,-0.733246,-0.238037
25288.781897,0.333893,-0.782852,-0.253006
25288.791909,0.379639,-0.878448,-0.224487
25288.802219,0.331894,-0.948364,-0.123276
25288.811979,0.177872,-0.992508,0.146576
25288.822411,0.140091,-0.991318,-0.099182
25288.832556,0.150787,-1.026855,-0.095062
25288.843360,0.187851,-1.148331,-0.207642
25288.852898,0.277390,-1.354599,-0.258789
25288.863256,0.446335,-1.535385,-0.235001
25288.873092,0.575851,-1.647079,-0.258484
25288.883200,0.643341,-1.673599,-0.272141
25288.893362,0.647766,-1.686493,-0.263138
25288.903080,0.564331,-1.987091,-0.275024
25288.913550,0.047318,-2.031418,-0.116180
25288.923387,0.062042,-1.638290,-0.170959
25288.933233,0.293396,-1.473511,-0.229874
25288.943920,0.533340,-1.368362,-0.244049
25288.955550,0.692749,-1.220978,-0.255722
25288.964092,0.751617,-1.122894,-0.254486
25288.974159,0.740417,-1.160477,-0.291458
25288.984071,0.541016,-1.236206,-0.273499
25288.994084,0.253387,-1.224686,-0.324570
25289.004517,-0.007202,-1.158981,-0.408768
25289.014410,-0.233459,-1.088623,-0.503250
25289.024710,-0.372421,-1.002289,-0.557358
25289.034883,-0.386810,-0.845535,-0.478043
25289.045812,-0.027756,-0.802490,-0.272751
25289.055150,-0.032349,-0.872635,-0.043732
25289.064964,0.243347,-0.963318,0.097244
25289.075472,0.422699,-0.983658,0.165100
25289.085264,0.565933,-0.875107,0.281052
25289.095703,0.544525,-0.764465,0.280792
25289.105463,0.389343,-0.749084,0.133011
25289.115967,0.268448,-0.790131,-0.080597
25289.126045,0.183502,-0.850128,-0.333328
25289.136968,0.156876,-0.948410,-0.509567
25289.146361,0.191162,-0.989822,-0.460358
25289.156157,0.205536,-1.017609,-0.422409
25289.166625,0.212906,-1.017731,-0.390533
25289.176542,0.299820,-1.017212,-0.265854
25289.186936,0.292938,-1.008194,-0.161789
25289.196798,0.359482,-0.998062,-0.178391
25289.207228,0.377335,-1.000854,-0.295135
25289.217388,0.322556,-0.903625,-0.297043
25289.228515,0.258301,-0.776123,-0.254425
25289.237567,0.215530,-0.679489,-0.286850
25289.247671,0.181335,-0.619461,-0.302292
25289.257895,0.100769,-0.596344,-0.258163
25289.267990,0.162582,-0.571548,-0.255966
25289.278076,0.184875,-0.577652,-0.184097
25289.287890,0.170975,-0.559509,-0.121841
25289.298262,0.223297,-0.488312,-0.118790
25289.308412,0.217133,-0.422073,-0.109879
25289.318864,0.172760,-0.399170,-0.087860
25289.328730,0.140839,-0.391785,-0.084473
25289.339102,0.112259,-0.363617,-0.070114
25289.348931,0.089722,-0.347900,-0.100281
25289.359146,0.086411,-0.328491,-0.185654
25289.369118,0.095047,-0.330200,-0.341263
25289.378859,0.126740,-0.366821,-0.549072
25289.389226,0.157028,-0.418945,-0.671600
25289.399088,0.132568,-0.481491,-0.711823
25289.409429,0.085388,-0.517288,-0.664154
25289.419312,0.037704,-0.570999,-0.611557
25289.429898,0.051376,-0.611313,-0.623245
25289.439315,0.163376,-0.648972,-0.644989
25289.449781,0.397446,-0.720947,-0.713089
25289.459637,0.582428,-0.932785,-0.876541
25289.470184,0.638779,-1.245270,-0.982071
25289.480194,0.517349,-1.430084,-1.056030
25289.489930,0.435806,-1.417114,-1.114120
25289.500482,0.385025,-1.488937,-1.164795
25289.510622,0.440155,-1.866135,-0.829865
25289.521436,0.266251,-2.030563,0.256042
25289.530832,-0.152893,-1.874435,0.465591
25289.540534,-0.132248,-1.220825,0.318008
25289.550914,0.106262,-0.730652,-0.037979
25289.560968,0.151443,-0.544891,-0.401978
25289.571291,-0.034042,-0.580627,-0.403549
25289.581048,-0.367966,-0.668930,-0.053787
25289.591479,-0.415604,-0.812515,0.360825
25289.601637,-0.029617,-1.153427,0.409348
25289.612586,0.334808,-1.432999,0.286865
25289.621954,0.562256,-1.534821,0.219589
25289.632097,0.817474,-1.460083,-0.076096
25289.642311,0.744156,-1.230759,-0.429382
25289.652359,0.548904,-0.997177,-0.413925
25289.662525,0.388077,-0.921036,-0.209503
25289.672267,0.265793,-0.939102,-0.179077
25289.682695,0.183731,-0.946991,-0.237213
25289.692877,0.174515,-0.918503,-0.219482
25289.703202,0.161743,-0.861633,-0.166077
25289.713183,0.183350,-0.825027,-0.106079
25289.723702,0.209244,-0.813095,-0.053986
25289.733300,0.275131,-0.796524,-0.004105
25289.743676,0.316635,-0.808701,-0.007309
25289.753616,0.364197,-0.820663,-0.029236
25289.763327,0.401215,-0.833664,-0.066269
25289.773702,0.382660,-0.867203,-0.129181
25289.783674,0.329880,-0.868652,-0.184723
25289.794324,0.256256,-0.862869,-0.191086
25289.804098,0.214279,-0.865616,-0.179962
25289.815159,0.178802,-0.860626,-0.128052
25289.824379,0.155518,-0.876205,-0.083862
25289.834309,0.141006,-0.867218,0.010101
25289.844520,0.163361,-0.917770,0.060089
25289.854406,0.216293,-0.962677,0.085815
25289.864861,0.270447,-0.977585,0.075897
25289.874597,0.340561,-0.991974,0.031570
25289.885046,0.372696,-0.997650,-0.066010
25289.895179,0.340302,-1.019272,-0.164886
25289.906160,0.301086,-1.070877,-0.245071
25289.915512,0.189072,-1.125137,-0.258179
25289.925276,0.092773,-1.191360,-0.228348
25289.935362,0.038071,-1.268707,-0.210632
25289.945516,0.011230,-1.318298,-0.264755
25289.955483,0.000443,-1.327728,-0.356277
25289.965651,-0.025208,-1.344376,-0.439117
25289.976100,-0.053604,-1.364502,-0.462509
25289.986200,-0.085663,-1.390961,-0.438339
25289.996966,-0.124496,-1.493027,-0.259628
25290.006443,-0.122696,-1.649582,-0.259796
25290.016534,-0.154938,-1.578369,-0.174988
25290.026759,-0.198410,-1.394302,0.036728
25290.036575,-0.177490,-1.186813,0.037399
25290.046962,-0.039078,-0.941788,0.043304
25290.056726,0.168594,-0.919418,0.027435
25290.067047,0.320740,-1.162842,0.178818
25290.077302,0.424347,-1.425034,0.209198
25290.087714,0.609055,-1.549591,0.173828
25290.097603,0.830093,-1.664566,0.128250
25290.108098,0.993576,-1.669586,0.095612
25290.117819,0.936935,-1.605118,0.097610
25290.128031,0.794540,-1.506454,0.111908
25290.138013,0.608276,-1.450577,0.049911
25290.147767,0.458832,-1.452301,-0.048111
25290.157919,0.414963,-1.465790,-0.063843
25290.167735,0.261902,-1.499390,-0.012222
25290.178382,0.238068,-1.519012,-0.091080
25290.188492,0.257797,-1.516998,-0.191910
25290.199689,0.273529,-1.434464,-0.190506
25290.208805,0.299454,-1.348022,-0.300034
25290.218584,0.410950,-1.272003,-0.279968
25290.228994,0.349060,-0.911423,-0.255859
25290.238740,0.377716,-0.665588,-0.331406
25290.249188,0.471359,-0.628143,-0.363312
25290.258957,0.496628,-0.702652,-0.282578
25290.269449,0.453369,-0.744827,-0.171310
25290.279541,0.420273,-0.720993,-0.114380
25290.290290,0.306793,-0.657150,-0.155121
25290.299781,0.274948,-0.622803,-0.179504
25290.309489,0.297516,-0.555771,-0.212723
25290.319968,0.293991,-0.421158,-0.196716
25290.329913,0.231857,-0.264648,-0.186783
25290.340209,0.400696,-0.258575,-0.236176
25290.349962,0.355438,-0.241486,-0.234024
25290.360411,0.368851,-0.197281,-0.283325
25290.370545,0.382370,-0.144241,-0.324677
25290.381374,0.338776,-0.117935,-0.357208
25290.390856,0.242325,-0.138214,-0.378922
25290.400949,0.177734,-0.154541,-0.455536
25290.411130,0.122543,-0.150467,-0.462540
25290.420946,0.041626,-0.151367,-0.520630
25290.430816,0.008698,-0.191269,-0.691956
25290.440865,-0.011383,-0.235733,-0.891815
25290.451124,-0.011139,-0.248688,-1.018860
25290.461104,-0.013870,-0.275940,-1.092346
25290.471841,-0.009171,-0.327301,-1.108200
25290.481331,-0.018814,-0.402710,-1.116425
25290.492735,-0.025055,-0.510010,-1.229797
25290.501874,0.006241,-0.675873,-1.520126
25290.511933,0.160355,-0.930405,-1.873734
25290.522060,0.578568,-1.071304,-1.732086
25290.531818,1.077591,-1.118576,-0.925980
25290.542248,1.468567,-1.370438,-1.255280
25290.552171,1.348206,-1.835907,-0.897018
25290.562465,0.755905,-1.602997,-0.190536
25290.572657,0.510269,-0.843521,-0.505722
25290.583619,0.512802,-0.473145,-0.324631
25290.592943,0.450912,-0.404266,-0.123291
25290.602879,0.413940,-0.484528,-0.209427
25290.613097,0.297913,-0.651917,-0.210846
25290.622965,0.229126,-0.817780,-0.181610
25290.633250,0.211761,-0.949127,-0.150360
25290.643112,0.290207,-1.074081,-0.237350
25290.653568,0.390457,-1.195526,-0.348724
25290.663676,0.470856,-1.253860,-0.455414
25290.674631,0.498901,-1.242188,-0.498535
25290.684057,0.428909,-1.150452,-0.459076
25290.693880,0.361557,-1.025101,-0.405609
25290.704304,0.295959,-0.902710,-0.345154
25290.714267,0.253403,-0.788940,-0.277344
25290.724497,0.151031,-0.694000,-0.207733
25290.734263,0.108200,-0.656113,-0.199554
25290.744698,0.158829,-0.718826,-0.182800
25290.754840,0.180252,-0.801590,-0.201370
25290.765808,0.136032,-0.849045,-0.182419
25290.775189,0.108017,-0.874390,-0.169083
25290.785367,0.092667,-0.895981,-0.230927
25290.795354,0.064819,-0.929993,-0.250351
25290.805548,0.080124,-0.973419,-0.243179
25290.815693,0.088348,-0.997009,-0.249008
25290.825443,0.123962,-0.981415,-0.270126
25290.835869,0.182007,-0.898865,-0.313568
25290.846033,0.255371,-0.827942,-0.362701
25290.856518,0.245789,-0.799118,-0.392624
25290.866390,0.197617,-0.812927,-0.375671
25290.877070,0.134476,-0.828186,-0.328278
25290.886530,0.048798,-0.861481,-0.304153
25290.896806,-0.029877,-0.885773,-0.274887
25290.906771,-0.072083,-0.866608,-0.279633
25290.916521,-0.050720,-0.867233,-0.280228
